The ``converters`` are currently experimental. It may not support operations including (but not limited to) Functions in ``torch.nn.functional`` that involved data dimension
Using downloaded and verified file: /home/nisha/.medmnist/breastmnist.npz
Using downloaded and verified file: /home/nisha/.medmnist/breastmnist.npz
Using downloaded and verified file: /home/nisha/.medmnist/breastmnist.npz
Using downloaded and verified file: /home/nisha/.medmnist/breastmnist.npz

Compiled modules for significant speedup can not be used!
https://pymoo.org/installation.html#installation

To disable this warning:
from pymoo.config import Config
Config.warnings['not_compiled'] = False

Using downloaded and verified file: /home/nisha/.medmnist/breastmnist.npz
Using downloaded and verified file: /home/nisha/.medmnist/breastmnist.npz
Using downloaded and verified file: /home/nisha/.medmnist/breastmnist.npz
[INFO] Register count_convNd() for <class 'torch.nn.modules.conv.Conv2d'>.
[INFO] Register count_normalization() for <class 'torch.nn.modules.batchnorm.BatchNorm2d'>.
[INFO] Register zero_ops() for <class 'torch.nn.modules.container.Sequential'>.
[INFO] Register zero_ops() for <class 'torch.nn.modules.activation.ReLU'>.
[INFO] Register zero_ops() for <class 'torch.nn.modules.pooling.MaxPool2d'>.
[INFO] Register count_adap_avgpool() for <class 'torch.nn.modules.pooling.AdaptiveAvgPool2d'>.
[INFO] Register count_linear() for <class 'torch.nn.modules.linear.Linear'>.
[INFO] Register count_normalization() for <class 'torch.nn.modules.batchnorm.BatchNorm1d'>.
[INFO] Register count_softmax() for <class 'torch.nn.modules.activation.Softmax'>.
[INFO] Register count_avgpool() for <class 'torch.nn.modules.pooling.AvgPool2d'>.
[INFO] Register count_upsample() for <class 'torch.nn.modules.upsampling.Upsample'>.
FLOPs: 10.321421824 billion
Parameters: 0.178598 million
Latency: 19.48 ms
MACs: 5.160710912 billion
DEBUG OBJECTIVES: -9.668604205364982 10.321421824 -778.21533203125
Using downloaded and verified file: /home/nisha/.medmnist/breastmnist.npz
Using downloaded and verified file: /home/nisha/.medmnist/breastmnist.npz
Using downloaded and verified file: /home/nisha/.medmnist/breastmnist.npz
[INFO] Register count_convNd() for <class 'torch.nn.modules.conv.Conv2d'>.
[INFO] Register count_normalization() for <class 'torch.nn.modules.batchnorm.BatchNorm2d'>.
[INFO] Register zero_ops() for <class 'torch.nn.modules.container.Sequential'>.
[INFO] Register zero_ops() for <class 'torch.nn.modules.activation.ReLU'>.
[INFO] Register zero_ops() for <class 'torch.nn.modules.pooling.MaxPool2d'>.
[INFO] Register count_avgpool() for <class 'torch.nn.modules.pooling.AvgPool2d'>.
[INFO] Register count_adap_avgpool() for <class 'torch.nn.modules.pooling.AdaptiveAvgPool2d'>.
[INFO] Register count_linear() for <class 'torch.nn.modules.linear.Linear'>.
[INFO] Register count_normalization() for <class 'torch.nn.modules.batchnorm.BatchNorm1d'>.
[INFO] Register count_upsample() for <class 'torch.nn.modules.upsampling.Upsample'>.
FLOPs: 12.697685312 billion
Parameters: 0.250932 million
Latency: 39.80 ms
MACs: 6.348842656 billion
DEBUG OBJECTIVES: -10.027104602868413 12.697685312 -688.4478759765625
Using downloaded and verified file: /home/nisha/.medmnist/breastmnist.npz
Using downloaded and verified file: /home/nisha/.medmnist/breastmnist.npz
Using downloaded and verified file: /home/nisha/.medmnist/breastmnist.npz
[INFO] Register count_convNd() for <class 'torch.nn.modules.conv.Conv2d'>.
[INFO] Register count_normalization() for <class 'torch.nn.modules.batchnorm.BatchNorm2d'>.
[INFO] Register zero_ops() for <class 'torch.nn.modules.container.Sequential'>.
[INFO] Register zero_ops() for <class 'torch.nn.modules.activation.ReLU'>.
[INFO] Register count_avgpool() for <class 'torch.nn.modules.pooling.AvgPool2d'>.
[INFO] Register count_upsample() for <class 'torch.nn.modules.upsampling.Upsample'>.
[INFO] Register zero_ops() for <class 'torch.nn.modules.pooling.MaxPool2d'>.
[INFO] Register count_softmax() for <class 'torch.nn.modules.activation.Softmax'>.
[INFO] Register count_adap_avgpool() for <class 'torch.nn.modules.pooling.AdaptiveAvgPool2d'>.
[INFO] Register count_linear() for <class 'torch.nn.modules.linear.Linear'>.
FLOPs: 8.691515072 billion
Parameters: 0.3412 million
Latency: 15.50 ms
MACs: 4.345757536 billion
DEBUG OBJECTIVES: -9.883747001993903 8.691515072 -499.1365661621094
Using downloaded and verified file: /home/nisha/.medmnist/breastmnist.npz
Using downloaded and verified file: /home/nisha/.medmnist/breastmnist.npz
Using downloaded and verified file: /home/nisha/.medmnist/breastmnist.npz
[INFO] Register count_convNd() for <class 'torch.nn.modules.conv.Conv2d'>.
[INFO] Register count_normalization() for <class 'torch.nn.modules.batchnorm.BatchNorm2d'>.
[INFO] Register zero_ops() for <class 'torch.nn.modules.container.Sequential'>.
[INFO] Register zero_ops() for <class 'torch.nn.modules.activation.ReLU'>.
[INFO] Register count_avgpool() for <class 'torch.nn.modules.pooling.AvgPool2d'>.
[INFO] Register count_linear() for <class 'torch.nn.modules.linear.Linear'>.
[INFO] Register count_normalization() for <class 'torch.nn.modules.batchnorm.BatchNorm1d'>.
[INFO] Register count_softmax() for <class 'torch.nn.modules.activation.Softmax'>.
[INFO] Register count_adap_avgpool() for <class 'torch.nn.modules.pooling.AdaptiveAvgPool2d'>.
FLOPs: 4.780915648 billion
Parameters: 0.128752 million
Latency: 17.97 ms
MACs: 2.390457824 billion
DEBUG OBJECTIVES: -7.151238818946705 4.780915648 -726.4868774414062
Using downloaded and verified file: /home/nisha/.medmnist/breastmnist.npz
Using downloaded and verified file: /home/nisha/.medmnist/breastmnist.npz
Using downloaded and verified file: /home/nisha/.medmnist/breastmnist.npz
[INFO] Register count_convNd() for <class 'torch.nn.modules.conv.Conv2d'>.
[INFO] Register count_normalization() for <class 'torch.nn.modules.batchnorm.BatchNorm2d'>.
[INFO] Register zero_ops() for <class 'torch.nn.modules.container.Sequential'>.
[INFO] Register zero_ops() for <class 'torch.nn.modules.activation.ReLU'>.
[INFO] Register count_avgpool() for <class 'torch.nn.modules.pooling.AvgPool2d'>.
[INFO] Register count_upsample() for <class 'torch.nn.modules.upsampling.Upsample'>.
[INFO] Register zero_ops() for <class 'torch.nn.modules.pooling.MaxPool2d'>.
[INFO] Register count_softmax() for <class 'torch.nn.modules.activation.Softmax'>.
[INFO] Register count_adap_avgpool() for <class 'torch.nn.modules.pooling.AdaptiveAvgPool2d'>.
[INFO] Register count_linear() for <class 'torch.nn.modules.linear.Linear'>.
[INFO] Register count_normalization() for <class 'torch.nn.modules.batchnorm.BatchNorm1d'>.
FLOPs: 14.037417008 billion
Parameters: 0.374401 million
Latency: 36.72 ms
MACs: 7.018708504 billion
DEBUG OBJECTIVES: -12.954411235153328 14.037417008 -1490.0423583984375
Using downloaded and verified file: /home/nisha/.medmnist/breastmnist.npz
Using downloaded and verified file: /home/nisha/.medmnist/breastmnist.npz
Using downloaded and verified file: /home/nisha/.medmnist/breastmnist.npz
[INFO] Register count_convNd() for <class 'torch.nn.modules.conv.Conv2d'>.
[INFO] Register count_normalization() for <class 'torch.nn.modules.batchnorm.BatchNorm2d'>.
[INFO] Register zero_ops() for <class 'torch.nn.modules.container.Sequential'>.
[INFO] Register zero_ops() for <class 'torch.nn.modules.activation.ReLU'>.
[INFO] Register count_avgpool() for <class 'torch.nn.modules.pooling.AvgPool2d'>.
[INFO] Register count_upsample() for <class 'torch.nn.modules.upsampling.Upsample'>.
[INFO] Register zero_ops() for <class 'torch.nn.modules.pooling.MaxPool2d'>.
[INFO] Register count_softmax() for <class 'torch.nn.modules.activation.Softmax'>.
[INFO] Register count_adap_avgpool() for <class 'torch.nn.modules.pooling.AdaptiveAvgPool2d'>.
[INFO] Register count_linear() for <class 'torch.nn.modules.linear.Linear'>.
[INFO] Register count_normalization() for <class 'torch.nn.modules.batchnorm.BatchNorm1d'>.
FLOPs: 16.96481288 billion
Parameters: 0.545857 million
Latency: 61.67 ms
MACs: 8.48240644 billion
DEBUG OBJECTIVES: -15.588030529478116 16.96481288 -1578.5684814453125
Using downloaded and verified file: /home/nisha/.medmnist/breastmnist.npz
Using downloaded and verified file: /home/nisha/.medmnist/breastmnist.npz
Using downloaded and verified file: /home/nisha/.medmnist/breastmnist.npz
[INFO] Register count_convNd() for <class 'torch.nn.modules.conv.Conv2d'>.
[INFO] Register count_normalization() for <class 'torch.nn.modules.batchnorm.BatchNorm2d'>.
[INFO] Register zero_ops() for <class 'torch.nn.modules.container.Sequential'>.
[INFO] Register zero_ops() for <class 'torch.nn.modules.activation.ReLU'>.
[INFO] Register count_avgpool() for <class 'torch.nn.modules.pooling.AvgPool2d'>.
[INFO] Register count_upsample() for <class 'torch.nn.modules.upsampling.Upsample'>.
[INFO] Register count_linear() for <class 'torch.nn.modules.linear.Linear'>.
[INFO] Register count_normalization() for <class 'torch.nn.modules.batchnorm.BatchNorm1d'>.
[INFO] Register count_adap_avgpool() for <class 'torch.nn.modules.pooling.AdaptiveAvgPool2d'>.
[INFO] Register count_softmax() for <class 'torch.nn.modules.activation.Softmax'>.
FLOPs: 6.334812288 billion
Parameters: 0.233042 million
Latency: 15.80 ms
MACs: 3.167406144 billion
DEBUG OBJECTIVES: -7.359992948452707 6.334812288 -694.5784912109375
Using downloaded and verified file: /home/nisha/.medmnist/breastmnist.npz
Using downloaded and verified file: /home/nisha/.medmnist/breastmnist.npz
Using downloaded and verified file: /home/nisha/.medmnist/breastmnist.npz
[INFO] Register count_convNd() for <class 'torch.nn.modules.conv.Conv2d'>.
[INFO] Register count_normalization() for <class 'torch.nn.modules.batchnorm.BatchNorm2d'>.
[INFO] Register zero_ops() for <class 'torch.nn.modules.container.Sequential'>.
[INFO] Register zero_ops() for <class 'torch.nn.modules.activation.ReLU'>.
[INFO] Register count_avgpool() for <class 'torch.nn.modules.pooling.AvgPool2d'>.
[INFO] Register count_upsample() for <class 'torch.nn.modules.upsampling.Upsample'>.
[INFO] Register count_softmax() for <class 'torch.nn.modules.activation.Softmax'>.
[INFO] Register count_linear() for <class 'torch.nn.modules.linear.Linear'>.
[INFO] Register count_adap_avgpool() for <class 'torch.nn.modules.pooling.AdaptiveAvgPool2d'>.
[INFO] Register count_normalization() for <class 'torch.nn.modules.batchnorm.BatchNorm1d'>.
FLOPs: 10.974124336 billion
Parameters: 0.208135 million
Latency: 61.02 ms
MACs: 5.487062168 billion
DEBUG OBJECTIVES: -9.142800671391624 10.974124336 -795.4957275390625
Using downloaded and verified file: /home/nisha/.medmnist/breastmnist.npz
Using downloaded and verified file: /home/nisha/.medmnist/breastmnist.npz
Using downloaded and verified file: /home/nisha/.medmnist/breastmnist.npz
[INFO] Register count_convNd() for <class 'torch.nn.modules.conv.Conv2d'>.
[INFO] Register count_normalization() for <class 'torch.nn.modules.batchnorm.BatchNorm2d'>.
[INFO] Register zero_ops() for <class 'torch.nn.modules.container.Sequential'>.
[INFO] Register zero_ops() for <class 'torch.nn.modules.activation.ReLU'>.
[INFO] Register count_avgpool() for <class 'torch.nn.modules.pooling.AvgPool2d'>.
[INFO] Register count_upsample() for <class 'torch.nn.modules.upsampling.Upsample'>.
[INFO] Register zero_ops() for <class 'torch.nn.modules.pooling.MaxPool2d'>.
[INFO] Register count_adap_avgpool() for <class 'torch.nn.modules.pooling.AdaptiveAvgPool2d'>.
[INFO] Register count_linear() for <class 'torch.nn.modules.linear.Linear'>.
[INFO] Register count_normalization() for <class 'torch.nn.modules.batchnorm.BatchNorm1d'>.
[INFO] Register count_softmax() for <class 'torch.nn.modules.activation.Softmax'>.
FLOPs: 17.74059088 billion
Parameters: 0.497795 million
Latency: 28.62 ms
MACs: 8.87029544 billion
DEBUG OBJECTIVES: -18.1917374734215 17.74059088 -1193.2188720703125
Using downloaded and verified file: /home/nisha/.medmnist/breastmnist.npz
Using downloaded and verified file: /home/nisha/.medmnist/breastmnist.npz
Using downloaded and verified file: /home/nisha/.medmnist/breastmnist.npz
[INFO] Register count_convNd() for <class 'torch.nn.modules.conv.Conv2d'>.
[INFO] Register count_normalization() for <class 'torch.nn.modules.batchnorm.BatchNorm2d'>.
[INFO] Register zero_ops() for <class 'torch.nn.modules.container.Sequential'>.
[INFO] Register zero_ops() for <class 'torch.nn.modules.activation.ReLU'>.
[INFO] Register count_avgpool() for <class 'torch.nn.modules.pooling.AvgPool2d'>.
[INFO] Register count_upsample() for <class 'torch.nn.modules.upsampling.Upsample'>.
[INFO] Register count_linear() for <class 'torch.nn.modules.linear.Linear'>.
[INFO] Register count_normalization() for <class 'torch.nn.modules.batchnorm.BatchNorm1d'>.
[INFO] Register count_softmax() for <class 'torch.nn.modules.activation.Softmax'>.
[INFO] Register count_adap_avgpool() for <class 'torch.nn.modules.pooling.AdaptiveAvgPool2d'>.
FLOPs: 12.245277952 billion
Parameters: 0.470562 million
Latency: 25.57 ms
MACs: 6.122638976 billion
DEBUG OBJECTIVES: -11.967457410414521 12.245277952 -1081.775390625
Using downloaded and verified file: /home/nisha/.medmnist/breastmnist.npz
Using downloaded and verified file: /home/nisha/.medmnist/breastmnist.npz
Using downloaded and verified file: /home/nisha/.medmnist/breastmnist.npz
[INFO] Register count_convNd() for <class 'torch.nn.modules.conv.Conv2d'>.
[INFO] Register count_normalization() for <class 'torch.nn.modules.batchnorm.BatchNorm2d'>.
[INFO] Register zero_ops() for <class 'torch.nn.modules.container.Sequential'>.
[INFO] Register zero_ops() for <class 'torch.nn.modules.activation.ReLU'>.
[INFO] Register count_avgpool() for <class 'torch.nn.modules.pooling.AvgPool2d'>.
[INFO] Register count_upsample() for <class 'torch.nn.modules.upsampling.Upsample'>.
[INFO] Register count_softmax() for <class 'torch.nn.modules.activation.Softmax'>.
[INFO] Register count_adap_avgpool() for <class 'torch.nn.modules.pooling.AdaptiveAvgPool2d'>.
[INFO] Register count_linear() for <class 'torch.nn.modules.linear.Linear'>.
[INFO] Register count_normalization() for <class 'torch.nn.modules.batchnorm.BatchNorm1d'>.
FLOPs: 6.866746592 billion
Parameters: 0.260234 million
Latency: 15.44 ms
MACs: 3.433373296 billion
DEBUG OBJECTIVES: -4.572791410687479 6.866746592 -632.1349487304688
Using downloaded and verified file: /home/nisha/.medmnist/breastmnist.npz
Using downloaded and verified file: /home/nisha/.medmnist/breastmnist.npz
Using downloaded and verified file: /home/nisha/.medmnist/breastmnist.npz
[INFO] Register count_convNd() for <class 'torch.nn.modules.conv.Conv2d'>.
[INFO] Register count_normalization() for <class 'torch.nn.modules.batchnorm.BatchNorm2d'>.
[INFO] Register zero_ops() for <class 'torch.nn.modules.container.Sequential'>.
[INFO] Register zero_ops() for <class 'torch.nn.modules.activation.ReLU'>.
[INFO] Register zero_ops() for <class 'torch.nn.modules.pooling.MaxPool2d'>.
[INFO] Register count_linear() for <class 'torch.nn.modules.linear.Linear'>.
[INFO] Register count_normalization() for <class 'torch.nn.modules.batchnorm.BatchNorm1d'>.
[INFO] Register count_avgpool() for <class 'torch.nn.modules.pooling.AvgPool2d'>.
[INFO] Register count_upsample() for <class 'torch.nn.modules.upsampling.Upsample'>.
[INFO] Register count_adap_avgpool() for <class 'torch.nn.modules.pooling.AdaptiveAvgPool2d'>.
FLOPs: 19.90140624 billion
Parameters: 0.623449 million
Latency: 55.46 ms
MACs: 9.95070312 billion
DEBUG OBJECTIVES: -10.86332336086109 19.90140624 -1067.0440673828125
Using downloaded and verified file: /home/nisha/.medmnist/breastmnist.npz
Using downloaded and verified file: /home/nisha/.medmnist/breastmnist.npz
Using downloaded and verified file: /home/nisha/.medmnist/breastmnist.npz
[INFO] Register count_convNd() for <class 'torch.nn.modules.conv.Conv2d'>.
[INFO] Register count_normalization() for <class 'torch.nn.modules.batchnorm.BatchNorm2d'>.
[INFO] Register zero_ops() for <class 'torch.nn.modules.container.Sequential'>.
[INFO] Register zero_ops() for <class 'torch.nn.modules.activation.ReLU'>.
[INFO] Register count_avgpool() for <class 'torch.nn.modules.pooling.AvgPool2d'>.
[INFO] Register count_upsample() for <class 'torch.nn.modules.upsampling.Upsample'>.
[INFO] Register count_linear() for <class 'torch.nn.modules.linear.Linear'>.
[INFO] Register count_normalization() for <class 'torch.nn.modules.batchnorm.BatchNorm1d'>.
[INFO] Register count_adap_avgpool() for <class 'torch.nn.modules.pooling.AdaptiveAvgPool2d'>.
[INFO] Register zero_ops() for <class 'torch.nn.modules.pooling.MaxPool2d'>.
[INFO] Register count_softmax() for <class 'torch.nn.modules.activation.Softmax'>.
FLOPs: 23.847408848 billion
Parameters: 0.720443 million
Latency: 64.10 ms
MACs: 11.923704424 billion
DEBUG OBJECTIVES: -12.28764994613383 23.847408848 -1439.596435546875
Using downloaded and verified file: /home/nisha/.medmnist/breastmnist.npz
Using downloaded and verified file: /home/nisha/.medmnist/breastmnist.npz
Using downloaded and verified file: /home/nisha/.medmnist/breastmnist.npz
[INFO] Register count_convNd() for <class 'torch.nn.modules.conv.Conv2d'>.
[INFO] Register count_normalization() for <class 'torch.nn.modules.batchnorm.BatchNorm2d'>.
[INFO] Register zero_ops() for <class 'torch.nn.modules.container.Sequential'>.
[INFO] Register zero_ops() for <class 'torch.nn.modules.activation.ReLU'>.
[INFO] Register count_avgpool() for <class 'torch.nn.modules.pooling.AvgPool2d'>.
[INFO] Register count_upsample() for <class 'torch.nn.modules.upsampling.Upsample'>.
[INFO] Register count_adap_avgpool() for <class 'torch.nn.modules.pooling.AdaptiveAvgPool2d'>.
[INFO] Register count_linear() for <class 'torch.nn.modules.linear.Linear'>.
[INFO] Register count_normalization() for <class 'torch.nn.modules.batchnorm.BatchNorm1d'>.
[INFO] Register count_softmax() for <class 'torch.nn.modules.activation.Softmax'>.
FLOPs: 17.018141616 billion
Parameters: 0.45337 million
Latency: 41.00 ms
MACs: 8.509070808 billion
DEBUG OBJECTIVES: -13.00043400628003 17.018141616 -1044.5592041015625
Using downloaded and verified file: /home/nisha/.medmnist/breastmnist.npz
Using downloaded and verified file: /home/nisha/.medmnist/breastmnist.npz
Using downloaded and verified file: /home/nisha/.medmnist/breastmnist.npz
[INFO] Register count_convNd() for <class 'torch.nn.modules.conv.Conv2d'>.
[INFO] Register count_normalization() for <class 'torch.nn.modules.batchnorm.BatchNorm2d'>.
[INFO] Register zero_ops() for <class 'torch.nn.modules.container.Sequential'>.
[INFO] Register zero_ops() for <class 'torch.nn.modules.activation.ReLU'>.
[INFO] Register zero_ops() for <class 'torch.nn.modules.pooling.MaxPool2d'>.
[INFO] Register count_avgpool() for <class 'torch.nn.modules.pooling.AvgPool2d'>.
[INFO] Register count_adap_avgpool() for <class 'torch.nn.modules.pooling.AdaptiveAvgPool2d'>.
[INFO] Register count_linear() for <class 'torch.nn.modules.linear.Linear'>.
[INFO] Register count_softmax() for <class 'torch.nn.modules.activation.Softmax'>.
FLOPs: 4.111142944 billion
Parameters: 0.112602 million
Latency: 14.62 ms
MACs: 2.055571472 billion
DEBUG OBJECTIVES: -8.576102511376726 4.111142944 -592.3930053710938
Using downloaded and verified file: /home/nisha/.medmnist/breastmnist.npz
Using downloaded and verified file: /home/nisha/.medmnist/breastmnist.npz
Using downloaded and verified file: /home/nisha/.medmnist/breastmnist.npz
[INFO] Register count_convNd() for <class 'torch.nn.modules.conv.Conv2d'>.
[INFO] Register count_normalization() for <class 'torch.nn.modules.batchnorm.BatchNorm2d'>.
[INFO] Register zero_ops() for <class 'torch.nn.modules.container.Sequential'>.
[INFO] Register zero_ops() for <class 'torch.nn.modules.activation.ReLU'>.
[INFO] Register count_avgpool() for <class 'torch.nn.modules.pooling.AvgPool2d'>.
[INFO] Register count_upsample() for <class 'torch.nn.modules.upsampling.Upsample'>.
[INFO] Register count_softmax() for <class 'torch.nn.modules.activation.Softmax'>.
[INFO] Register count_linear() for <class 'torch.nn.modules.linear.Linear'>.
[INFO] Register count_normalization() for <class 'torch.nn.modules.batchnorm.BatchNorm1d'>.
[INFO] Register count_adap_avgpool() for <class 'torch.nn.modules.pooling.AdaptiveAvgPool2d'>.
[INFO] Register zero_ops() for <class 'torch.nn.modules.pooling.MaxPool2d'>.
FLOPs: 15.321485616 billion
Parameters: 0.464554 million
Latency: 27.52 ms
MACs: 7.660742808 billion
DEBUG OBJECTIVES: -11.128275385033733 15.321485616 -1212.484375
Using downloaded and verified file: /home/nisha/.medmnist/breastmnist.npz
Using downloaded and verified file: /home/nisha/.medmnist/breastmnist.npz
Using downloaded and verified file: /home/nisha/.medmnist/breastmnist.npz
[INFO] Register count_convNd() for <class 'torch.nn.modules.conv.Conv2d'>.
[INFO] Register count_normalization() for <class 'torch.nn.modules.batchnorm.BatchNorm2d'>.
[INFO] Register zero_ops() for <class 'torch.nn.modules.container.Sequential'>.
[INFO] Register zero_ops() for <class 'torch.nn.modules.activation.ReLU'>.
[INFO] Register count_linear() for <class 'torch.nn.modules.linear.Linear'>.
[INFO] Register count_normalization() for <class 'torch.nn.modules.batchnorm.BatchNorm1d'>.
[INFO] Register count_softmax() for <class 'torch.nn.modules.activation.Softmax'>.
[INFO] Register count_adap_avgpool() for <class 'torch.nn.modules.pooling.AdaptiveAvgPool2d'>.
FLOPs: 6.477879136 billion
Parameters: 0.205318 million
Latency: 21.90 ms
MACs: 3.238939568 billion
DEBUG OBJECTIVES: -6.819218042572222 6.477879136 -686.4784545898438
Using downloaded and verified file: /home/nisha/.medmnist/breastmnist.npz
Using downloaded and verified file: /home/nisha/.medmnist/breastmnist.npz
Using downloaded and verified file: /home/nisha/.medmnist/breastmnist.npz
[INFO] Register count_convNd() for <class 'torch.nn.modules.conv.Conv2d'>.
[INFO] Register count_normalization() for <class 'torch.nn.modules.batchnorm.BatchNorm2d'>.
[INFO] Register zero_ops() for <class 'torch.nn.modules.container.Sequential'>.
[INFO] Register zero_ops() for <class 'torch.nn.modules.activation.ReLU'>.
[INFO] Register count_avgpool() for <class 'torch.nn.modules.pooling.AvgPool2d'>.
[INFO] Register count_upsample() for <class 'torch.nn.modules.upsampling.Upsample'>.
[INFO] Register count_adap_avgpool() for <class 'torch.nn.modules.pooling.AdaptiveAvgPool2d'>.
[INFO] Register count_linear() for <class 'torch.nn.modules.linear.Linear'>.
[INFO] Register count_normalization() for <class 'torch.nn.modules.batchnorm.BatchNorm1d'>.
[INFO] Register count_softmax() for <class 'torch.nn.modules.activation.Softmax'>.
FLOPs: 13.83754472 billion
Parameters: 0.354068 million
Latency: 43.75 ms
MACs: 6.91877236 billion
DEBUG OBJECTIVES: -12.493383595955429 13.83754472 -1199.7288818359375
Using downloaded and verified file: /home/nisha/.medmnist/breastmnist.npz
Using downloaded and verified file: /home/nisha/.medmnist/breastmnist.npz
Using downloaded and verified file: /home/nisha/.medmnist/breastmnist.npz
[INFO] Register count_convNd() for <class 'torch.nn.modules.conv.Conv2d'>.
[INFO] Register count_normalization() for <class 'torch.nn.modules.batchnorm.BatchNorm2d'>.
[INFO] Register zero_ops() for <class 'torch.nn.modules.container.Sequential'>.
[INFO] Register zero_ops() for <class 'torch.nn.modules.activation.ReLU'>.
[INFO] Register count_avgpool() for <class 'torch.nn.modules.pooling.AvgPool2d'>.
[INFO] Register count_upsample() for <class 'torch.nn.modules.upsampling.Upsample'>.
[INFO] Register count_adap_avgpool() for <class 'torch.nn.modules.pooling.AdaptiveAvgPool2d'>.
[INFO] Register count_linear() for <class 'torch.nn.modules.linear.Linear'>.
[INFO] Register count_normalization() for <class 'torch.nn.modules.batchnorm.BatchNorm1d'>.
FLOPs: 6.486474176 billion
Parameters: 0.244994 million
Latency: 21.76 ms
MACs: 3.243237088 billion
DEBUG OBJECTIVES: -8.429526712959149 6.486474176 -669.6378173828125
Using downloaded and verified file: /home/nisha/.medmnist/breastmnist.npz
Using downloaded and verified file: /home/nisha/.medmnist/breastmnist.npz
Using downloaded and verified file: /home/nisha/.medmnist/breastmnist.npz
[INFO] Register count_convNd() for <class 'torch.nn.modules.conv.Conv2d'>.
[INFO] Register count_normalization() for <class 'torch.nn.modules.batchnorm.BatchNorm2d'>.
[INFO] Register zero_ops() for <class 'torch.nn.modules.container.Sequential'>.
[INFO] Register zero_ops() for <class 'torch.nn.modules.activation.ReLU'>.
[INFO] Register count_avgpool() for <class 'torch.nn.modules.pooling.AvgPool2d'>.
[INFO] Register count_upsample() for <class 'torch.nn.modules.upsampling.Upsample'>.
[INFO] Register count_softmax() for <class 'torch.nn.modules.activation.Softmax'>.
[INFO] Register count_linear() for <class 'torch.nn.modules.linear.Linear'>.
[INFO] Register count_normalization() for <class 'torch.nn.modules.batchnorm.BatchNorm1d'>.
[INFO] Register zero_ops() for <class 'torch.nn.modules.pooling.MaxPool2d'>.
[INFO] Register count_adap_avgpool() for <class 'torch.nn.modules.pooling.AdaptiveAvgPool2d'>.
FLOPs: 19.646043168 billion
Parameters: 0.554229 million
Latency: 27.86 ms
MACs: 9.823021584 billion
DEBUG OBJECTIVES: -11.525797585942101 19.646043168 -1127.35205078125
==========================================================
n_gen  |  n_eval  | n_nds  |      eps      |   indicator  
==========================================================
     1 |       20 |     12 |             - |             -
Using downloaded and verified file: /home/nisha/.medmnist/breastmnist.npz
Using downloaded and verified file: /home/nisha/.medmnist/breastmnist.npz
Using downloaded and verified file: /home/nisha/.medmnist/breastmnist.npz
[INFO] Register count_convNd() for <class 'torch.nn.modules.conv.Conv2d'>.
[INFO] Register count_normalization() for <class 'torch.nn.modules.batchnorm.BatchNorm2d'>.
[INFO] Register zero_ops() for <class 'torch.nn.modules.container.Sequential'>.
[INFO] Register zero_ops() for <class 'torch.nn.modules.activation.ReLU'>.
[INFO] Register zero_ops() for <class 'torch.nn.modules.pooling.MaxPool2d'>.
[INFO] Register count_linear() for <class 'torch.nn.modules.linear.Linear'>.
[INFO] Register count_normalization() for <class 'torch.nn.modules.batchnorm.BatchNorm1d'>.
[INFO] Register count_avgpool() for <class 'torch.nn.modules.pooling.AvgPool2d'>.
[INFO] Register count_upsample() for <class 'torch.nn.modules.upsampling.Upsample'>.
[INFO] Register count_adap_avgpool() for <class 'torch.nn.modules.pooling.AdaptiveAvgPool2d'>.
FLOPs: 21.551975968 billion
Parameters: 0.706311 million
Latency: 58.62 ms
MACs: 10.775987984 billion
DEBUG OBJECTIVES: -8.839190886648094 21.551975968 -1065.1944580078125
Using downloaded and verified file: /home/nisha/.medmnist/breastmnist.npz
Using downloaded and verified file: /home/nisha/.medmnist/breastmnist.npz
Using downloaded and verified file: /home/nisha/.medmnist/breastmnist.npz
[INFO] Register count_convNd() for <class 'torch.nn.modules.conv.Conv2d'>.
[INFO] Register count_normalization() for <class 'torch.nn.modules.batchnorm.BatchNorm2d'>.
[INFO] Register zero_ops() for <class 'torch.nn.modules.container.Sequential'>.
[INFO] Register zero_ops() for <class 'torch.nn.modules.activation.ReLU'>.
[INFO] Register count_softmax() for <class 'torch.nn.modules.activation.Softmax'>.
[INFO] Register count_linear() for <class 'torch.nn.modules.linear.Linear'>.
[INFO] Register count_normalization() for <class 'torch.nn.modules.batchnorm.BatchNorm1d'>.
[INFO] Register count_adap_avgpool() for <class 'torch.nn.modules.pooling.AdaptiveAvgPool2d'>.
[INFO] Register count_avgpool() for <class 'torch.nn.modules.pooling.AvgPool2d'>.
FLOPs: 12.634551008 billion
Parameters: 0.31647 million
Latency: 33.89 ms
MACs: 6.317275504 billion
DEBUG OBJECTIVES: -11.860508233649318 12.634551008 -1432.8602294921875
Using downloaded and verified file: /home/nisha/.medmnist/breastmnist.npz
Using downloaded and verified file: /home/nisha/.medmnist/breastmnist.npz
Using downloaded and verified file: /home/nisha/.medmnist/breastmnist.npz
[INFO] Register count_convNd() for <class 'torch.nn.modules.conv.Conv2d'>.
[INFO] Register count_normalization() for <class 'torch.nn.modules.batchnorm.BatchNorm2d'>.
[INFO] Register zero_ops() for <class 'torch.nn.modules.container.Sequential'>.
[INFO] Register zero_ops() for <class 'torch.nn.modules.activation.ReLU'>.
[INFO] Register count_avgpool() for <class 'torch.nn.modules.pooling.AvgPool2d'>.
[INFO] Register count_upsample() for <class 'torch.nn.modules.upsampling.Upsample'>.
[INFO] Register zero_ops() for <class 'torch.nn.modules.pooling.MaxPool2d'>.
[INFO] Register count_softmax() for <class 'torch.nn.modules.activation.Softmax'>.
[INFO] Register count_adap_avgpool() for <class 'torch.nn.modules.pooling.AdaptiveAvgPool2d'>.
[INFO] Register count_linear() for <class 'torch.nn.modules.linear.Linear'>.
[INFO] Register count_normalization() for <class 'torch.nn.modules.batchnorm.BatchNorm1d'>.
FLOPs: 20.429766736 billion
Parameters: 0.718113 million
Latency: 60.89 ms
MACs: 10.214883368 billion
DEBUG OBJECTIVES: -12.993871509771507 20.429766736 -1603.985595703125
Using downloaded and verified file: /home/nisha/.medmnist/breastmnist.npz
Using downloaded and verified file: /home/nisha/.medmnist/breastmnist.npz
Using downloaded and verified file: /home/nisha/.medmnist/breastmnist.npz
[INFO] Register count_convNd() for <class 'torch.nn.modules.conv.Conv2d'>.
[INFO] Register count_normalization() for <class 'torch.nn.modules.batchnorm.BatchNorm2d'>.
[INFO] Register zero_ops() for <class 'torch.nn.modules.container.Sequential'>.
[INFO] Register zero_ops() for <class 'torch.nn.modules.activation.ReLU'>.
[INFO] Register count_avgpool() for <class 'torch.nn.modules.pooling.AvgPool2d'>.
[INFO] Register count_upsample() for <class 'torch.nn.modules.upsampling.Upsample'>.
[INFO] Register count_linear() for <class 'torch.nn.modules.linear.Linear'>.
[INFO] Register count_normalization() for <class 'torch.nn.modules.batchnorm.BatchNorm1d'>.
[INFO] Register count_adap_avgpool() for <class 'torch.nn.modules.pooling.AdaptiveAvgPool2d'>.
[INFO] Register count_softmax() for <class 'torch.nn.modules.activation.Softmax'>.
FLOPs: 4.192813568 billion
Parameters: 0.129458 million
Latency: 18.15 ms
MACs: 2.096406784 billion
DEBUG OBJECTIVES: -7.249736790233371 4.192813568 -715.5839233398438
Using downloaded and verified file: /home/nisha/.medmnist/breastmnist.npz
Using downloaded and verified file: /home/nisha/.medmnist/breastmnist.npz
Using downloaded and verified file: /home/nisha/.medmnist/breastmnist.npz
[INFO] Register count_convNd() for <class 'torch.nn.modules.conv.Conv2d'>.
[INFO] Register count_normalization() for <class 'torch.nn.modules.batchnorm.BatchNorm2d'>.
[INFO] Register zero_ops() for <class 'torch.nn.modules.container.Sequential'>.
[INFO] Register zero_ops() for <class 'torch.nn.modules.activation.ReLU'>.
[INFO] Register count_avgpool() for <class 'torch.nn.modules.pooling.AvgPool2d'>.
[INFO] Register count_upsample() for <class 'torch.nn.modules.upsampling.Upsample'>.
[INFO] Register zero_ops() for <class 'torch.nn.modules.pooling.MaxPool2d'>.
[INFO] Register count_softmax() for <class 'torch.nn.modules.activation.Softmax'>.
[INFO] Register count_adap_avgpool() for <class 'torch.nn.modules.pooling.AdaptiveAvgPool2d'>.
[INFO] Register count_linear() for <class 'torch.nn.modules.linear.Linear'>.
FLOPs: 8.354332352 billion
Parameters: 0.3412 million
Latency: 10.94 ms
MACs: 4.177166176 billion
DEBUG OBJECTIVES: -10.933320933501195 8.354332352 -513.874755859375
Using downloaded and verified file: /home/nisha/.medmnist/breastmnist.npz
Using downloaded and verified file: /home/nisha/.medmnist/breastmnist.npz
Using downloaded and verified file: /home/nisha/.medmnist/breastmnist.npz
[INFO] Register count_convNd() for <class 'torch.nn.modules.conv.Conv2d'>.
[INFO] Register count_normalization() for <class 'torch.nn.modules.batchnorm.BatchNorm2d'>.
[INFO] Register zero_ops() for <class 'torch.nn.modules.container.Sequential'>.
[INFO] Register zero_ops() for <class 'torch.nn.modules.activation.ReLU'>.
[INFO] Register zero_ops() for <class 'torch.nn.modules.pooling.MaxPool2d'>.
[INFO] Register count_linear() for <class 'torch.nn.modules.linear.Linear'>.
[INFO] Register count_softmax() for <class 'torch.nn.modules.activation.Softmax'>.
[INFO] Register count_normalization() for <class 'torch.nn.modules.batchnorm.BatchNorm1d'>.
[INFO] Register count_adap_avgpool() for <class 'torch.nn.modules.pooling.AdaptiveAvgPool2d'>.
FLOPs: 5.113376512 billion
Parameters: 0.177216 million
Latency: 12.03 ms
MACs: 2.556688256 billion
DEBUG OBJECTIVES: -8.937806315301918 5.113376512 -604.1898803710938
Using downloaded and verified file: /home/nisha/.medmnist/breastmnist.npz
Using downloaded and verified file: /home/nisha/.medmnist/breastmnist.npz
Using downloaded and verified file: /home/nisha/.medmnist/breastmnist.npz
[INFO] Register count_convNd() for <class 'torch.nn.modules.conv.Conv2d'>.
[INFO] Register count_normalization() for <class 'torch.nn.modules.batchnorm.BatchNorm2d'>.
[INFO] Register zero_ops() for <class 'torch.nn.modules.container.Sequential'>.
[INFO] Register zero_ops() for <class 'torch.nn.modules.activation.ReLU'>.
[INFO] Register count_avgpool() for <class 'torch.nn.modules.pooling.AvgPool2d'>.
[INFO] Register count_upsample() for <class 'torch.nn.modules.upsampling.Upsample'>.
[INFO] Register count_softmax() for <class 'torch.nn.modules.activation.Softmax'>.
[INFO] Register count_linear() for <class 'torch.nn.modules.linear.Linear'>.
[INFO] Register count_adap_avgpool() for <class 'torch.nn.modules.pooling.AdaptiveAvgPool2d'>.
FLOPs: 5.718785952 billion
Parameters: 0.185032 million
Latency: 9.42 ms
MACs: 2.859392976 billion
DEBUG OBJECTIVES: -7.387409856978265 5.718785952 -470.2138977050781
Using downloaded and verified file: /home/nisha/.medmnist/breastmnist.npz
Using downloaded and verified file: /home/nisha/.medmnist/breastmnist.npz
Using downloaded and verified file: /home/nisha/.medmnist/breastmnist.npz
[INFO] Register count_convNd() for <class 'torch.nn.modules.conv.Conv2d'>.
[INFO] Register count_normalization() for <class 'torch.nn.modules.batchnorm.BatchNorm2d'>.
[INFO] Register zero_ops() for <class 'torch.nn.modules.container.Sequential'>.
[INFO] Register zero_ops() for <class 'torch.nn.modules.activation.ReLU'>.
[INFO] Register count_avgpool() for <class 'torch.nn.modules.pooling.AvgPool2d'>.
[INFO] Register count_upsample() for <class 'torch.nn.modules.upsampling.Upsample'>.
[INFO] Register zero_ops() for <class 'torch.nn.modules.pooling.MaxPool2d'>.
[INFO] Register count_adap_avgpool() for <class 'torch.nn.modules.pooling.AdaptiveAvgPool2d'>.
[INFO] Register count_linear() for <class 'torch.nn.modules.linear.Linear'>.
[INFO] Register count_normalization() for <class 'torch.nn.modules.batchnorm.BatchNorm1d'>.
[INFO] Register count_softmax() for <class 'torch.nn.modules.activation.Softmax'>.
FLOPs: 7.874085248 billion
Parameters: 0.325792 million
Latency: 14.62 ms
MACs: 3.937042624 billion
DEBUG OBJECTIVES: -7.02653469670101 7.874085248 -550.1495361328125
Using downloaded and verified file: /home/nisha/.medmnist/breastmnist.npz
Using downloaded and verified file: /home/nisha/.medmnist/breastmnist.npz
Using downloaded and verified file: /home/nisha/.medmnist/breastmnist.npz
[INFO] Register count_convNd() for <class 'torch.nn.modules.conv.Conv2d'>.
[INFO] Register count_normalization() for <class 'torch.nn.modules.batchnorm.BatchNorm2d'>.
[INFO] Register zero_ops() for <class 'torch.nn.modules.container.Sequential'>.
[INFO] Register zero_ops() for <class 'torch.nn.modules.activation.ReLU'>.
[INFO] Register count_avgpool() for <class 'torch.nn.modules.pooling.AvgPool2d'>.
[INFO] Register count_upsample() for <class 'torch.nn.modules.upsampling.Upsample'>.
[INFO] Register zero_ops() for <class 'torch.nn.modules.pooling.MaxPool2d'>.
[INFO] Register count_softmax() for <class 'torch.nn.modules.activation.Softmax'>.
[INFO] Register count_adap_avgpool() for <class 'torch.nn.modules.pooling.AdaptiveAvgPool2d'>.
[INFO] Register count_linear() for <class 'torch.nn.modules.linear.Linear'>.
[INFO] Register count_normalization() for <class 'torch.nn.modules.batchnorm.BatchNorm1d'>.
FLOPs: 16.96481288 billion
Parameters: 0.545857 million
Latency: 60.80 ms
MACs: 8.48240644 billion
DEBUG OBJECTIVES: -13.154686280681316 16.96481288 -1542.0274658203125
Using downloaded and verified file: /home/nisha/.medmnist/breastmnist.npz
Using downloaded and verified file: /home/nisha/.medmnist/breastmnist.npz
Using downloaded and verified file: /home/nisha/.medmnist/breastmnist.npz
[INFO] Register count_convNd() for <class 'torch.nn.modules.conv.Conv2d'>.
[INFO] Register count_normalization() for <class 'torch.nn.modules.batchnorm.BatchNorm2d'>.
[INFO] Register zero_ops() for <class 'torch.nn.modules.container.Sequential'>.
[INFO] Register zero_ops() for <class 'torch.nn.modules.activation.ReLU'>.
[INFO] Register zero_ops() for <class 'torch.nn.modules.pooling.MaxPool2d'>.
[INFO] Register count_avgpool() for <class 'torch.nn.modules.pooling.AvgPool2d'>.
[INFO] Register count_upsample() for <class 'torch.nn.modules.upsampling.Upsample'>.
[INFO] Register count_softmax() for <class 'torch.nn.modules.activation.Softmax'>.
[INFO] Register count_adap_avgpool() for <class 'torch.nn.modules.pooling.AdaptiveAvgPool2d'>.
[INFO] Register count_linear() for <class 'torch.nn.modules.linear.Linear'>.
[INFO] Register count_normalization() for <class 'torch.nn.modules.batchnorm.BatchNorm1d'>.
FLOPs: 7.256633568 billion
Parameters: 0.248984 million
Latency: 14.34 ms
MACs: 3.628316784 billion
DEBUG OBJECTIVES: -9.854031277115716 7.256633568 -619.35888671875
Using downloaded and verified file: /home/nisha/.medmnist/breastmnist.npz
Using downloaded and verified file: /home/nisha/.medmnist/breastmnist.npz
Using downloaded and verified file: /home/nisha/.medmnist/breastmnist.npz
[INFO] Register count_convNd() for <class 'torch.nn.modules.conv.Conv2d'>.
[INFO] Register count_normalization() for <class 'torch.nn.modules.batchnorm.BatchNorm2d'>.
[INFO] Register zero_ops() for <class 'torch.nn.modules.container.Sequential'>.
[INFO] Register zero_ops() for <class 'torch.nn.modules.activation.ReLU'>.
[INFO] Register count_avgpool() for <class 'torch.nn.modules.pooling.AvgPool2d'>.
[INFO] Register count_upsample() for <class 'torch.nn.modules.upsampling.Upsample'>.
[INFO] Register count_linear() for <class 'torch.nn.modules.linear.Linear'>.
[INFO] Register count_normalization() for <class 'torch.nn.modules.batchnorm.BatchNorm1d'>.
[INFO] Register count_adap_avgpool() for <class 'torch.nn.modules.pooling.AdaptiveAvgPool2d'>.
[INFO] Register zero_ops() for <class 'torch.nn.modules.pooling.MaxPool2d'>.
[INFO] Register count_softmax() for <class 'torch.nn.modules.activation.Softmax'>.
FLOPs: 22.199247568 billion
Parameters: 0.637581 million
Latency: 60.71 ms
MACs: 11.099623784 billion
DEBUG OBJECTIVES: -14.575819510727872 22.199247568 -1244.5372314453125
Using downloaded and verified file: /home/nisha/.medmnist/breastmnist.npz
Using downloaded and verified file: /home/nisha/.medmnist/breastmnist.npz
Using downloaded and verified file: /home/nisha/.medmnist/breastmnist.npz
[INFO] Register count_convNd() for <class 'torch.nn.modules.conv.Conv2d'>.
[INFO] Register count_normalization() for <class 'torch.nn.modules.batchnorm.BatchNorm2d'>.
[INFO] Register zero_ops() for <class 'torch.nn.modules.container.Sequential'>.
[INFO] Register zero_ops() for <class 'torch.nn.modules.activation.ReLU'>.
[INFO] Register zero_ops() for <class 'torch.nn.modules.pooling.MaxPool2d'>.
[INFO] Register count_linear() for <class 'torch.nn.modules.linear.Linear'>.
[INFO] Register count_softmax() for <class 'torch.nn.modules.activation.Softmax'>.
[INFO] Register count_normalization() for <class 'torch.nn.modules.batchnorm.BatchNorm1d'>.
[INFO] Register count_adap_avgpool() for <class 'torch.nn.modules.pooling.AdaptiveAvgPool2d'>.
FLOPs: 5.832699648 billion
Parameters: 0.177216 million
Latency: 12.40 ms
MACs: 2.916349824 billion
DEBUG OBJECTIVES: -7.880302293098011 5.832699648 -580.6591186523438
Using downloaded and verified file: /home/nisha/.medmnist/breastmnist.npz
Using downloaded and verified file: /home/nisha/.medmnist/breastmnist.npz
Using downloaded and verified file: /home/nisha/.medmnist/breastmnist.npz
[INFO] Register count_convNd() for <class 'torch.nn.modules.conv.Conv2d'>.
[INFO] Register count_normalization() for <class 'torch.nn.modules.batchnorm.BatchNorm2d'>.
[INFO] Register zero_ops() for <class 'torch.nn.modules.container.Sequential'>.
[INFO] Register zero_ops() for <class 'torch.nn.modules.activation.ReLU'>.
[INFO] Register count_avgpool() for <class 'torch.nn.modules.pooling.AvgPool2d'>.
[INFO] Register count_softmax() for <class 'torch.nn.modules.activation.Softmax'>.
[INFO] Register count_adap_avgpool() for <class 'torch.nn.modules.pooling.AdaptiveAvgPool2d'>.
[INFO] Register count_linear() for <class 'torch.nn.modules.linear.Linear'>.
[INFO] Register count_normalization() for <class 'torch.nn.modules.batchnorm.BatchNorm1d'>.
FLOPs: 3.062201568 billion
Parameters: 0.087978 million
Latency: 15.15 ms
MACs: 1.531100784 billion
DEBUG OBJECTIVES: -4.714030318213419 3.062201568 -336.8695983886719
Using downloaded and verified file: /home/nisha/.medmnist/breastmnist.npz
Using downloaded and verified file: /home/nisha/.medmnist/breastmnist.npz
Using downloaded and verified file: /home/nisha/.medmnist/breastmnist.npz
[INFO] Register count_convNd() for <class 'torch.nn.modules.conv.Conv2d'>.
[INFO] Register count_normalization() for <class 'torch.nn.modules.batchnorm.BatchNorm2d'>.
[INFO] Register zero_ops() for <class 'torch.nn.modules.container.Sequential'>.
[INFO] Register zero_ops() for <class 'torch.nn.modules.activation.ReLU'>.
[INFO] Register count_avgpool() for <class 'torch.nn.modules.pooling.AvgPool2d'>.
[INFO] Register count_upsample() for <class 'torch.nn.modules.upsampling.Upsample'>.
[INFO] Register count_adap_avgpool() for <class 'torch.nn.modules.pooling.AdaptiveAvgPool2d'>.
[INFO] Register count_linear() for <class 'torch.nn.modules.linear.Linear'>.
[INFO] Register count_normalization() for <class 'torch.nn.modules.batchnorm.BatchNorm1d'>.
[INFO] Register count_softmax() for <class 'torch.nn.modules.activation.Softmax'>.
FLOPs: 16.201923472 billion
Parameters: 0.45234 million
Latency: 39.71 ms
MACs: 8.100961736 billion
DEBUG OBJECTIVES: -12.763260732683857 16.201923472 -1174.013427734375
Using downloaded and verified file: /home/nisha/.medmnist/breastmnist.npz
Using downloaded and verified file: /home/nisha/.medmnist/breastmnist.npz
Using downloaded and verified file: /home/nisha/.medmnist/breastmnist.npz
[INFO] Register count_convNd() for <class 'torch.nn.modules.conv.Conv2d'>.
[INFO] Register count_normalization() for <class 'torch.nn.modules.batchnorm.BatchNorm2d'>.
[INFO] Register zero_ops() for <class 'torch.nn.modules.container.Sequential'>.
[INFO] Register zero_ops() for <class 'torch.nn.modules.activation.ReLU'>.
[INFO] Register count_avgpool() for <class 'torch.nn.modules.pooling.AvgPool2d'>.
[INFO] Register count_upsample() for <class 'torch.nn.modules.upsampling.Upsample'>.
[INFO] Register zero_ops() for <class 'torch.nn.modules.pooling.MaxPool2d'>.
[INFO] Register count_adap_avgpool() for <class 'torch.nn.modules.pooling.AdaptiveAvgPool2d'>.
[INFO] Register count_linear() for <class 'torch.nn.modules.linear.Linear'>.
[INFO] Register count_normalization() for <class 'torch.nn.modules.batchnorm.BatchNorm1d'>.
[INFO] Register count_softmax() for <class 'torch.nn.modules.activation.Softmax'>.
FLOPs: 17.742999328 billion
Parameters: 0.497795 million
Latency: 28.32 ms
MACs: 8.871499664 billion
DEBUG OBJECTIVES: -16.526886987589283 17.742999328 -1276.1790771484375
Using downloaded and verified file: /home/nisha/.medmnist/breastmnist.npz
Using downloaded and verified file: /home/nisha/.medmnist/breastmnist.npz
Using downloaded and verified file: /home/nisha/.medmnist/breastmnist.npz
[INFO] Register count_convNd() for <class 'torch.nn.modules.conv.Conv2d'>.
[INFO] Register count_normalization() for <class 'torch.nn.modules.batchnorm.BatchNorm2d'>.
[INFO] Register zero_ops() for <class 'torch.nn.modules.container.Sequential'>.
[INFO] Register zero_ops() for <class 'torch.nn.modules.activation.ReLU'>.
[INFO] Register count_softmax() for <class 'torch.nn.modules.activation.Softmax'>.
[INFO] Register count_linear() for <class 'torch.nn.modules.linear.Linear'>.
[INFO] Register count_normalization() for <class 'torch.nn.modules.batchnorm.BatchNorm1d'>.
[INFO] Register count_adap_avgpool() for <class 'torch.nn.modules.pooling.AdaptiveAvgPool2d'>.
[INFO] Register count_avgpool() for <class 'torch.nn.modules.pooling.AvgPool2d'>.
[INFO] Register count_upsample() for <class 'torch.nn.modules.upsampling.Upsample'>.
[INFO] Register zero_ops() for <class 'torch.nn.modules.pooling.MaxPool2d'>.
FLOPs: 15.340846816 billion
Parameters: 0.522697 million
Latency: 24.24 ms
MACs: 7.670423408 billion
DEBUG OBJECTIVES: -14.170193210622854 15.340846816 -1110.695556640625
Using downloaded and verified file: /home/nisha/.medmnist/breastmnist.npz
Using downloaded and verified file: /home/nisha/.medmnist/breastmnist.npz
Using downloaded and verified file: /home/nisha/.medmnist/breastmnist.npz
[INFO] Register count_convNd() for <class 'torch.nn.modules.conv.Conv2d'>.
[INFO] Register count_normalization() for <class 'torch.nn.modules.batchnorm.BatchNorm2d'>.
[INFO] Register zero_ops() for <class 'torch.nn.modules.container.Sequential'>.
[INFO] Register zero_ops() for <class 'torch.nn.modules.activation.ReLU'>.
[INFO] Register count_avgpool() for <class 'torch.nn.modules.pooling.AvgPool2d'>.
[INFO] Register count_upsample() for <class 'torch.nn.modules.upsampling.Upsample'>.
[INFO] Register count_adap_avgpool() for <class 'torch.nn.modules.pooling.AdaptiveAvgPool2d'>.
[INFO] Register count_linear() for <class 'torch.nn.modules.linear.Linear'>.
[INFO] Register count_normalization() for <class 'torch.nn.modules.batchnorm.BatchNorm1d'>.
[INFO] Register count_softmax() for <class 'torch.nn.modules.activation.Softmax'>.
FLOPs: 17.828919536 billion
Parameters: 0.528572 million
Latency: 41.68 ms
MACs: 8.914459768 billion
DEBUG OBJECTIVES: -11.195581957170768 17.828919536 -1215.4320068359375
Using downloaded and verified file: /home/nisha/.medmnist/breastmnist.npz
Using downloaded and verified file: /home/nisha/.medmnist/breastmnist.npz
Using downloaded and verified file: /home/nisha/.medmnist/breastmnist.npz
[INFO] Register count_convNd() for <class 'torch.nn.modules.conv.Conv2d'>.
[INFO] Register count_normalization() for <class 'torch.nn.modules.batchnorm.BatchNorm2d'>.
[INFO] Register zero_ops() for <class 'torch.nn.modules.container.Sequential'>.
[INFO] Register zero_ops() for <class 'torch.nn.modules.activation.ReLU'>.
[INFO] Register count_avgpool() for <class 'torch.nn.modules.pooling.AvgPool2d'>.
[INFO] Register count_upsample() for <class 'torch.nn.modules.upsampling.Upsample'>.
[INFO] Register count_linear() for <class 'torch.nn.modules.linear.Linear'>.
[INFO] Register count_normalization() for <class 'torch.nn.modules.batchnorm.BatchNorm1d'>.
[INFO] Register count_adap_avgpool() for <class 'torch.nn.modules.pooling.AdaptiveAvgPool2d'>.
[INFO] Register count_softmax() for <class 'torch.nn.modules.activation.Softmax'>.
FLOPs: 15.854940704 billion
Parameters: 0.536049 million
Latency: 59.20 ms
MACs: 7.927470352 billion
DEBUG OBJECTIVES: -15.549259411108329 15.854940704 -1595.2078857421875
Using downloaded and verified file: /home/nisha/.medmnist/breastmnist.npz
Using downloaded and verified file: /home/nisha/.medmnist/breastmnist.npz
Using downloaded and verified file: /home/nisha/.medmnist/breastmnist.npz
[INFO] Register count_convNd() for <class 'torch.nn.modules.conv.Conv2d'>.
[INFO] Register count_normalization() for <class 'torch.nn.modules.batchnorm.BatchNorm2d'>.
[INFO] Register zero_ops() for <class 'torch.nn.modules.container.Sequential'>.
[INFO] Register zero_ops() for <class 'torch.nn.modules.activation.ReLU'>.
[INFO] Register count_avgpool() for <class 'torch.nn.modules.pooling.AvgPool2d'>.
[INFO] Register count_upsample() for <class 'torch.nn.modules.upsampling.Upsample'>.
[INFO] Register zero_ops() for <class 'torch.nn.modules.pooling.MaxPool2d'>.
[INFO] Register count_softmax() for <class 'torch.nn.modules.activation.Softmax'>.
[INFO] Register count_adap_avgpool() for <class 'torch.nn.modules.pooling.AdaptiveAvgPool2d'>.
[INFO] Register count_linear() for <class 'torch.nn.modules.linear.Linear'>.
[INFO] Register count_normalization() for <class 'torch.nn.modules.batchnorm.BatchNorm1d'>.
FLOPs: 13.812628528 billion
Parameters: 0.363777 million
Latency: 34.80 ms
MACs: 6.906314264 billion
DEBUG OBJECTIVES: -11.405216470889348 13.812628528 -1386.131103515625
Using downloaded and verified file: /home/nisha/.medmnist/breastmnist.npz
Using downloaded and verified file: /home/nisha/.medmnist/breastmnist.npz
Using downloaded and verified file: /home/nisha/.medmnist/breastmnist.npz
[INFO] Register count_convNd() for <class 'torch.nn.modules.conv.Conv2d'>.
[INFO] Register count_normalization() for <class 'torch.nn.modules.batchnorm.BatchNorm2d'>.
[INFO] Register zero_ops() for <class 'torch.nn.modules.container.Sequential'>.
[INFO] Register zero_ops() for <class 'torch.nn.modules.activation.ReLU'>.
[INFO] Register count_avgpool() for <class 'torch.nn.modules.pooling.AvgPool2d'>.
[INFO] Register count_upsample() for <class 'torch.nn.modules.upsampling.Upsample'>.
[INFO] Register count_adap_avgpool() for <class 'torch.nn.modules.pooling.AdaptiveAvgPool2d'>.
[INFO] Register count_linear() for <class 'torch.nn.modules.linear.Linear'>.
[INFO] Register count_normalization() for <class 'torch.nn.modules.batchnorm.BatchNorm1d'>.
[INFO] Register count_softmax() for <class 'torch.nn.modules.activation.Softmax'>.
FLOPs: 12.95629464 billion
Parameters: 0.355626 million
Latency: 32.11 ms
MACs: 6.47814732 billion
DEBUG OBJECTIVES: -10.880913289491216 12.95629464 -1410.9202880859375
     2 |       40 |     20 |  0.0603965706 |         ideal
Using downloaded and verified file: /home/nisha/.medmnist/breastmnist.npz
Using downloaded and verified file: /home/nisha/.medmnist/breastmnist.npz
Using downloaded and verified file: /home/nisha/.medmnist/breastmnist.npz
[INFO] Register count_convNd() for <class 'torch.nn.modules.conv.Conv2d'>.
[INFO] Register count_normalization() for <class 'torch.nn.modules.batchnorm.BatchNorm2d'>.
[INFO] Register zero_ops() for <class 'torch.nn.modules.container.Sequential'>.
[INFO] Register zero_ops() for <class 'torch.nn.modules.activation.ReLU'>.
[INFO] Register count_avgpool() for <class 'torch.nn.modules.pooling.AvgPool2d'>.
[INFO] Register count_upsample() for <class 'torch.nn.modules.upsampling.Upsample'>.
[INFO] Register zero_ops() for <class 'torch.nn.modules.pooling.MaxPool2d'>.
[INFO] Register count_adap_avgpool() for <class 'torch.nn.modules.pooling.AdaptiveAvgPool2d'>.
[INFO] Register count_linear() for <class 'torch.nn.modules.linear.Linear'>.
[INFO] Register count_normalization() for <class 'torch.nn.modules.batchnorm.BatchNorm1d'>.
[INFO] Register count_softmax() for <class 'torch.nn.modules.activation.Softmax'>.
FLOPs: 18.529125888 billion
Parameters: 0.579278 million
Latency: 22.99 ms
MACs: 9.264562944 billion
DEBUG OBJECTIVES: -10.596919317342165 18.529125888 -1033.2655029296875
Using downloaded and verified file: /home/nisha/.medmnist/breastmnist.npz
Using downloaded and verified file: /home/nisha/.medmnist/breastmnist.npz
Using downloaded and verified file: /home/nisha/.medmnist/breastmnist.npz
[INFO] Register count_convNd() for <class 'torch.nn.modules.conv.Conv2d'>.
[INFO] Register count_normalization() for <class 'torch.nn.modules.batchnorm.BatchNorm2d'>.
[INFO] Register zero_ops() for <class 'torch.nn.modules.container.Sequential'>.
[INFO] Register zero_ops() for <class 'torch.nn.modules.activation.ReLU'>.
[INFO] Register count_avgpool() for <class 'torch.nn.modules.pooling.AvgPool2d'>.
[INFO] Register count_upsample() for <class 'torch.nn.modules.upsampling.Upsample'>.
[INFO] Register zero_ops() for <class 'torch.nn.modules.pooling.MaxPool2d'>.
[INFO] Register count_softmax() for <class 'torch.nn.modules.activation.Softmax'>.
[INFO] Register count_adap_avgpool() for <class 'torch.nn.modules.pooling.AdaptiveAvgPool2d'>.
[INFO] Register count_linear() for <class 'torch.nn.modules.linear.Linear'>.
[INFO] Register count_normalization() for <class 'torch.nn.modules.batchnorm.BatchNorm1d'>.
FLOPs: 17.07026408 billion
Parameters: 0.546513 million
Latency: 61.80 ms
MACs: 8.53513204 billion
DEBUG OBJECTIVES: -14.349047759673537 17.07026408 -913.7357177734375
Using downloaded and verified file: /home/nisha/.medmnist/breastmnist.npz
Using downloaded and verified file: /home/nisha/.medmnist/breastmnist.npz
Using downloaded and verified file: /home/nisha/.medmnist/breastmnist.npz
[INFO] Register count_convNd() for <class 'torch.nn.modules.conv.Conv2d'>.
[INFO] Register count_normalization() for <class 'torch.nn.modules.batchnorm.BatchNorm2d'>.
[INFO] Register zero_ops() for <class 'torch.nn.modules.container.Sequential'>.
[INFO] Register zero_ops() for <class 'torch.nn.modules.activation.ReLU'>.
[INFO] Register count_avgpool() for <class 'torch.nn.modules.pooling.AvgPool2d'>.
[INFO] Register count_upsample() for <class 'torch.nn.modules.upsampling.Upsample'>.
[INFO] Register zero_ops() for <class 'torch.nn.modules.pooling.MaxPool2d'>.
[INFO] Register count_adap_avgpool() for <class 'torch.nn.modules.pooling.AdaptiveAvgPool2d'>.
[INFO] Register count_linear() for <class 'torch.nn.modules.linear.Linear'>.
[INFO] Register count_normalization() for <class 'torch.nn.modules.batchnorm.BatchNorm1d'>.
[INFO] Register count_softmax() for <class 'torch.nn.modules.activation.Softmax'>.
FLOPs: 16.903420416 billion
Parameters: 0.424923 million
Latency: 31.18 ms
MACs: 8.451710208 billion
DEBUG OBJECTIVES: -12.857602799582855 16.903420416 -1333.7431640625
Using downloaded and verified file: /home/nisha/.medmnist/breastmnist.npz
Using downloaded and verified file: /home/nisha/.medmnist/breastmnist.npz
Using downloaded and verified file: /home/nisha/.medmnist/breastmnist.npz
[INFO] Register count_convNd() for <class 'torch.nn.modules.conv.Conv2d'>.
[INFO] Register count_normalization() for <class 'torch.nn.modules.batchnorm.BatchNorm2d'>.
[INFO] Register zero_ops() for <class 'torch.nn.modules.container.Sequential'>.
[INFO] Register zero_ops() for <class 'torch.nn.modules.activation.ReLU'>.
[INFO] Register zero_ops() for <class 'torch.nn.modules.pooling.MaxPool2d'>.
[INFO] Register count_adap_avgpool() for <class 'torch.nn.modules.pooling.AdaptiveAvgPool2d'>.
[INFO] Register count_linear() for <class 'torch.nn.modules.linear.Linear'>.
[INFO] Register count_normalization() for <class 'torch.nn.modules.batchnorm.BatchNorm1d'>.
[INFO] Register count_softmax() for <class 'torch.nn.modules.activation.Softmax'>.
[INFO] Register count_avgpool() for <class 'torch.nn.modules.pooling.AvgPool2d'>.
[INFO] Register count_upsample() for <class 'torch.nn.modules.upsampling.Upsample'>.
FLOPs: 10.846930656 billion
Parameters: 0.187166 million
Latency: 19.44 ms
MACs: 5.423465328 billion
DEBUG OBJECTIVES: -8.559646721495477 10.846930656 -852.3919677734375
Using downloaded and verified file: /home/nisha/.medmnist/breastmnist.npz
Using downloaded and verified file: /home/nisha/.medmnist/breastmnist.npz
Using downloaded and verified file: /home/nisha/.medmnist/breastmnist.npz
[INFO] Register count_convNd() for <class 'torch.nn.modules.conv.Conv2d'>.
[INFO] Register count_normalization() for <class 'torch.nn.modules.batchnorm.BatchNorm2d'>.
[INFO] Register zero_ops() for <class 'torch.nn.modules.container.Sequential'>.
[INFO] Register zero_ops() for <class 'torch.nn.modules.activation.ReLU'>.
[INFO] Register count_avgpool() for <class 'torch.nn.modules.pooling.AvgPool2d'>.
[INFO] Register count_upsample() for <class 'torch.nn.modules.upsampling.Upsample'>.
[INFO] Register count_adap_avgpool() for <class 'torch.nn.modules.pooling.AdaptiveAvgPool2d'>.
[INFO] Register count_linear() for <class 'torch.nn.modules.linear.Linear'>.
[INFO] Register count_normalization() for <class 'torch.nn.modules.batchnorm.BatchNorm1d'>.
[INFO] Register count_softmax() for <class 'torch.nn.modules.activation.Softmax'>.
FLOPs: 4.7536632 billion
Parameters: 0.172404 million
Latency: 22.71 ms
MACs: 2.3768316 billion
DEBUG OBJECTIVES: -4.787202740482745 4.7536632 -651.9083251953125
Using downloaded and verified file: /home/nisha/.medmnist/breastmnist.npz
Using downloaded and verified file: /home/nisha/.medmnist/breastmnist.npz
Using downloaded and verified file: /home/nisha/.medmnist/breastmnist.npz
[INFO] Register count_convNd() for <class 'torch.nn.modules.conv.Conv2d'>.
[INFO] Register count_normalization() for <class 'torch.nn.modules.batchnorm.BatchNorm2d'>.
[INFO] Register zero_ops() for <class 'torch.nn.modules.container.Sequential'>.
[INFO] Register zero_ops() for <class 'torch.nn.modules.activation.ReLU'>.
[INFO] Register count_avgpool() for <class 'torch.nn.modules.pooling.AvgPool2d'>.
[INFO] Register count_upsample() for <class 'torch.nn.modules.upsampling.Upsample'>.
[INFO] Register zero_ops() for <class 'torch.nn.modules.pooling.MaxPool2d'>.
[INFO] Register count_softmax() for <class 'torch.nn.modules.activation.Softmax'>.
[INFO] Register count_adap_avgpool() for <class 'torch.nn.modules.pooling.AdaptiveAvgPool2d'>.
[INFO] Register count_linear() for <class 'torch.nn.modules.linear.Linear'>.
[INFO] Register count_normalization() for <class 'torch.nn.modules.batchnorm.BatchNorm1d'>.
FLOPs: 15.546418384 billion
Parameters: 0.437665 million
Latency: 59.85 ms
MACs: 7.773209192 billion
DEBUG OBJECTIVES: -13.449017855988885 15.546418384 -1524.14501953125
Using downloaded and verified file: /home/nisha/.medmnist/breastmnist.npz
Using downloaded and verified file: /home/nisha/.medmnist/breastmnist.npz
Using downloaded and verified file: /home/nisha/.medmnist/breastmnist.npz
[INFO] Register count_convNd() for <class 'torch.nn.modules.conv.Conv2d'>.
[INFO] Register count_normalization() for <class 'torch.nn.modules.batchnorm.BatchNorm2d'>.
[INFO] Register zero_ops() for <class 'torch.nn.modules.container.Sequential'>.
[INFO] Register zero_ops() for <class 'torch.nn.modules.activation.ReLU'>.
[INFO] Register count_avgpool() for <class 'torch.nn.modules.pooling.AvgPool2d'>.
[INFO] Register count_softmax() for <class 'torch.nn.modules.activation.Softmax'>.
[INFO] Register count_adap_avgpool() for <class 'torch.nn.modules.pooling.AdaptiveAvgPool2d'>.
[INFO] Register count_linear() for <class 'torch.nn.modules.linear.Linear'>.
[INFO] Register count_normalization() for <class 'torch.nn.modules.batchnorm.BatchNorm1d'>.
FLOPs: 3.062201568 billion
Parameters: 0.087978 million
Latency: 14.21 ms
MACs: 1.531100784 billion
DEBUG OBJECTIVES: -6.886306401051431 3.062201568 -591.7853393554688
Using downloaded and verified file: /home/nisha/.medmnist/breastmnist.npz
Using downloaded and verified file: /home/nisha/.medmnist/breastmnist.npz
Using downloaded and verified file: /home/nisha/.medmnist/breastmnist.npz
[INFO] Register count_convNd() for <class 'torch.nn.modules.conv.Conv2d'>.
[INFO] Register count_normalization() for <class 'torch.nn.modules.batchnorm.BatchNorm2d'>.
[INFO] Register zero_ops() for <class 'torch.nn.modules.container.Sequential'>.
[INFO] Register zero_ops() for <class 'torch.nn.modules.activation.ReLU'>.
[INFO] Register count_avgpool() for <class 'torch.nn.modules.pooling.AvgPool2d'>.
[INFO] Register count_upsample() for <class 'torch.nn.modules.upsampling.Upsample'>.
[INFO] Register zero_ops() for <class 'torch.nn.modules.pooling.MaxPool2d'>.
[INFO] Register count_softmax() for <class 'torch.nn.modules.activation.Softmax'>.
[INFO] Register count_adap_avgpool() for <class 'torch.nn.modules.pooling.AdaptiveAvgPool2d'>.
[INFO] Register count_linear() for <class 'torch.nn.modules.linear.Linear'>.
FLOPs: 8.362383424 billion
Parameters: 0.34157 million
Latency: 9.95 ms
MACs: 4.181191712 billion
DEBUG OBJECTIVES: -7.670846034535611 8.362383424 -503.62957763671875
Using downloaded and verified file: /home/nisha/.medmnist/breastmnist.npz
Using downloaded and verified file: /home/nisha/.medmnist/breastmnist.npz
Using downloaded and verified file: /home/nisha/.medmnist/breastmnist.npz
[INFO] Register count_convNd() for <class 'torch.nn.modules.conv.Conv2d'>.
[INFO] Register count_normalization() for <class 'torch.nn.modules.batchnorm.BatchNorm2d'>.
[INFO] Register zero_ops() for <class 'torch.nn.modules.container.Sequential'>.
[INFO] Register zero_ops() for <class 'torch.nn.modules.activation.ReLU'>.
[INFO] Register count_avgpool() for <class 'torch.nn.modules.pooling.AvgPool2d'>.
[INFO] Register count_upsample() for <class 'torch.nn.modules.upsampling.Upsample'>.
[INFO] Register zero_ops() for <class 'torch.nn.modules.pooling.MaxPool2d'>.
[INFO] Register count_softmax() for <class 'torch.nn.modules.activation.Softmax'>.
[INFO] Register count_adap_avgpool() for <class 'torch.nn.modules.pooling.AdaptiveAvgPool2d'>.
[INFO] Register count_linear() for <class 'torch.nn.modules.linear.Linear'>.
[INFO] Register count_normalization() for <class 'torch.nn.modules.batchnorm.BatchNorm1d'>.
FLOPs: 14.400795056 billion
Parameters: 0.378689 million
Latency: 38.24 ms
MACs: 7.200397528 billion
DEBUG OBJECTIVES: -10.882918376204511 14.400795056 -1549.4761962890625
Using downloaded and verified file: /home/nisha/.medmnist/breastmnist.npz
Using downloaded and verified file: /home/nisha/.medmnist/breastmnist.npz
Using downloaded and verified file: /home/nisha/.medmnist/breastmnist.npz
[INFO] Register count_convNd() for <class 'torch.nn.modules.conv.Conv2d'>.
[INFO] Register count_normalization() for <class 'torch.nn.modules.batchnorm.BatchNorm2d'>.
[INFO] Register zero_ops() for <class 'torch.nn.modules.container.Sequential'>.
[INFO] Register zero_ops() for <class 'torch.nn.modules.activation.ReLU'>.
[INFO] Register zero_ops() for <class 'torch.nn.modules.pooling.MaxPool2d'>.
[INFO] Register count_avgpool() for <class 'torch.nn.modules.pooling.AvgPool2d'>.
[INFO] Register count_upsample() for <class 'torch.nn.modules.upsampling.Upsample'>.
[INFO] Register count_softmax() for <class 'torch.nn.modules.activation.Softmax'>.
[INFO] Register count_adap_avgpool() for <class 'torch.nn.modules.pooling.AdaptiveAvgPool2d'>.
[INFO] Register count_linear() for <class 'torch.nn.modules.linear.Linear'>.
[INFO] Register count_normalization() for <class 'torch.nn.modules.batchnorm.BatchNorm1d'>.
FLOPs: 7.256633568 billion
Parameters: 0.248984 million
Latency: 14.04 ms
MACs: 3.628316784 billion
DEBUG OBJECTIVES: -6.827141806332771 7.256633568 -615.47412109375
Using downloaded and verified file: /home/nisha/.medmnist/breastmnist.npz
Using downloaded and verified file: /home/nisha/.medmnist/breastmnist.npz
Using downloaded and verified file: /home/nisha/.medmnist/breastmnist.npz
[INFO] Register count_convNd() for <class 'torch.nn.modules.conv.Conv2d'>.
[INFO] Register count_normalization() for <class 'torch.nn.modules.batchnorm.BatchNorm2d'>.
[INFO] Register zero_ops() for <class 'torch.nn.modules.container.Sequential'>.
[INFO] Register zero_ops() for <class 'torch.nn.modules.activation.ReLU'>.
[INFO] Register count_avgpool() for <class 'torch.nn.modules.pooling.AvgPool2d'>.
[INFO] Register count_upsample() for <class 'torch.nn.modules.upsampling.Upsample'>.
[INFO] Register count_linear() for <class 'torch.nn.modules.linear.Linear'>.
[INFO] Register count_normalization() for <class 'torch.nn.modules.batchnorm.BatchNorm1d'>.
[INFO] Register count_softmax() for <class 'torch.nn.modules.activation.Softmax'>.
[INFO] Register count_adap_avgpool() for <class 'torch.nn.modules.pooling.AdaptiveAvgPool2d'>.
FLOPs: 12.252220992 billion
Parameters: 0.475218 million
Latency: 28.08 ms
MACs: 6.126110496 billion
DEBUG OBJECTIVES: -12.004781357723987 12.252220992 -1211.5572509765625
Using downloaded and verified file: /home/nisha/.medmnist/breastmnist.npz
Using downloaded and verified file: /home/nisha/.medmnist/breastmnist.npz
Using downloaded and verified file: /home/nisha/.medmnist/breastmnist.npz
[INFO] Register count_convNd() for <class 'torch.nn.modules.conv.Conv2d'>.
[INFO] Register count_normalization() for <class 'torch.nn.modules.batchnorm.BatchNorm2d'>.
[INFO] Register zero_ops() for <class 'torch.nn.modules.container.Sequential'>.
[INFO] Register zero_ops() for <class 'torch.nn.modules.activation.ReLU'>.
[INFO] Register count_softmax() for <class 'torch.nn.modules.activation.Softmax'>.
[INFO] Register count_linear() for <class 'torch.nn.modules.linear.Linear'>.
[INFO] Register count_normalization() for <class 'torch.nn.modules.batchnorm.BatchNorm1d'>.
[INFO] Register count_adap_avgpool() for <class 'torch.nn.modules.pooling.AdaptiveAvgPool2d'>.
[INFO] Register count_avgpool() for <class 'torch.nn.modules.pooling.AvgPool2d'>.
[INFO] Register count_upsample() for <class 'torch.nn.modules.upsampling.Upsample'>.
FLOPs: 13.139355648 billion
Parameters: 0.389342 million
Latency: 30.53 ms
MACs: 6.569677824 billion
DEBUG OBJECTIVES: -11.87854472672486 13.139355648 -1325.5548095703125
Using downloaded and verified file: /home/nisha/.medmnist/breastmnist.npz
Using downloaded and verified file: /home/nisha/.medmnist/breastmnist.npz
Using downloaded and verified file: /home/nisha/.medmnist/breastmnist.npz
[INFO] Register count_convNd() for <class 'torch.nn.modules.conv.Conv2d'>.
[INFO] Register count_normalization() for <class 'torch.nn.modules.batchnorm.BatchNorm2d'>.
[INFO] Register zero_ops() for <class 'torch.nn.modules.container.Sequential'>.
[INFO] Register zero_ops() for <class 'torch.nn.modules.activation.ReLU'>.
[INFO] Register count_avgpool() for <class 'torch.nn.modules.pooling.AvgPool2d'>.
[INFO] Register count_upsample() for <class 'torch.nn.modules.upsampling.Upsample'>.
[INFO] Register zero_ops() for <class 'torch.nn.modules.pooling.MaxPool2d'>.
[INFO] Register count_softmax() for <class 'torch.nn.modules.activation.Softmax'>.
[INFO] Register count_adap_avgpool() for <class 'torch.nn.modules.pooling.AdaptiveAvgPool2d'>.
[INFO] Register count_linear() for <class 'torch.nn.modules.linear.Linear'>.
[INFO] Register count_normalization() for <class 'torch.nn.modules.batchnorm.BatchNorm1d'>.
FLOPs: 20.239032176 billion
Parameters: 0.709545 million
Latency: 65.93 ms
MACs: 10.119516088 billion
DEBUG OBJECTIVES: -13.217361061188978 20.239032176 -1559.765869140625
Using downloaded and verified file: /home/nisha/.medmnist/breastmnist.npz
Using downloaded and verified file: /home/nisha/.medmnist/breastmnist.npz
Using downloaded and verified file: /home/nisha/.medmnist/breastmnist.npz
[INFO] Register count_convNd() for <class 'torch.nn.modules.conv.Conv2d'>.
[INFO] Register count_normalization() for <class 'torch.nn.modules.batchnorm.BatchNorm2d'>.
[INFO] Register zero_ops() for <class 'torch.nn.modules.container.Sequential'>.
[INFO] Register zero_ops() for <class 'torch.nn.modules.activation.ReLU'>.
[INFO] Register count_softmax() for <class 'torch.nn.modules.activation.Softmax'>.
[INFO] Register count_linear() for <class 'torch.nn.modules.linear.Linear'>.
[INFO] Register count_adap_avgpool() for <class 'torch.nn.modules.pooling.AdaptiveAvgPool2d'>.
[INFO] Register count_avgpool() for <class 'torch.nn.modules.pooling.AvgPool2d'>.
[INFO] Register count_normalization() for <class 'torch.nn.modules.batchnorm.BatchNorm1d'>.
FLOPs: 5.282991888 billion
Parameters: 0.099371 million
Latency: 33.06 ms
MACs: 2.641495944 billion
DEBUG OBJECTIVES: -9.514190828655162 5.282991888 -883.7000732421875
Using downloaded and verified file: /home/nisha/.medmnist/breastmnist.npz
Using downloaded and verified file: /home/nisha/.medmnist/breastmnist.npz
Using downloaded and verified file: /home/nisha/.medmnist/breastmnist.npz
[INFO] Register count_convNd() for <class 'torch.nn.modules.conv.Conv2d'>.
[INFO] Register count_normalization() for <class 'torch.nn.modules.batchnorm.BatchNorm2d'>.
[INFO] Register zero_ops() for <class 'torch.nn.modules.container.Sequential'>.
[INFO] Register zero_ops() for <class 'torch.nn.modules.activation.ReLU'>.
[INFO] Register count_avgpool() for <class 'torch.nn.modules.pooling.AvgPool2d'>.
[INFO] Register count_upsample() for <class 'torch.nn.modules.upsampling.Upsample'>.
[INFO] Register zero_ops() for <class 'torch.nn.modules.pooling.MaxPool2d'>.
[INFO] Register count_adap_avgpool() for <class 'torch.nn.modules.pooling.AdaptiveAvgPool2d'>.
[INFO] Register count_linear() for <class 'torch.nn.modules.linear.Linear'>.
[INFO] Register count_normalization() for <class 'torch.nn.modules.batchnorm.BatchNorm1d'>.
[INFO] Register count_softmax() for <class 'torch.nn.modules.activation.Softmax'>.
FLOPs: 22.965938848 billion
Parameters: 0.778243 million
Latency: 30.37 ms
MACs: 11.482969424 billion
DEBUG OBJECTIVES: -11.870418058927097 22.965938848 -1297.815673828125
Using downloaded and verified file: /home/nisha/.medmnist/breastmnist.npz
Using downloaded and verified file: /home/nisha/.medmnist/breastmnist.npz
Using downloaded and verified file: /home/nisha/.medmnist/breastmnist.npz
[INFO] Register count_convNd() for <class 'torch.nn.modules.conv.Conv2d'>.
[INFO] Register count_normalization() for <class 'torch.nn.modules.batchnorm.BatchNorm2d'>.
[INFO] Register zero_ops() for <class 'torch.nn.modules.container.Sequential'>.
[INFO] Register zero_ops() for <class 'torch.nn.modules.activation.ReLU'>.
[INFO] Register zero_ops() for <class 'torch.nn.modules.pooling.MaxPool2d'>.
[INFO] Register count_adap_avgpool() for <class 'torch.nn.modules.pooling.AdaptiveAvgPool2d'>.
[INFO] Register count_linear() for <class 'torch.nn.modules.linear.Linear'>.
[INFO] Register count_normalization() for <class 'torch.nn.modules.batchnorm.BatchNorm1d'>.
[INFO] Register count_softmax() for <class 'torch.nn.modules.activation.Softmax'>.
[INFO] Register count_avgpool() for <class 'torch.nn.modules.pooling.AvgPool2d'>.
[INFO] Register count_upsample() for <class 'torch.nn.modules.upsampling.Upsample'>.
FLOPs: 10.209027584 billion
Parameters: 0.173286 million
Latency: 18.38 ms
MACs: 5.104513792 billion
DEBUG OBJECTIVES: -8.542261424825373 10.209027584 -538.1883544921875
Using downloaded and verified file: /home/nisha/.medmnist/breastmnist.npz
Using downloaded and verified file: /home/nisha/.medmnist/breastmnist.npz
Using downloaded and verified file: /home/nisha/.medmnist/breastmnist.npz
[INFO] Register count_convNd() for <class 'torch.nn.modules.conv.Conv2d'>.
[INFO] Register count_normalization() for <class 'torch.nn.modules.batchnorm.BatchNorm2d'>.
[INFO] Register zero_ops() for <class 'torch.nn.modules.container.Sequential'>.
[INFO] Register zero_ops() for <class 'torch.nn.modules.activation.ReLU'>.
[INFO] Register count_avgpool() for <class 'torch.nn.modules.pooling.AvgPool2d'>.
[INFO] Register count_upsample() for <class 'torch.nn.modules.upsampling.Upsample'>.
[INFO] Register count_linear() for <class 'torch.nn.modules.linear.Linear'>.
[INFO] Register count_normalization() for <class 'torch.nn.modules.batchnorm.BatchNorm1d'>.
[INFO] Register count_adap_avgpool() for <class 'torch.nn.modules.pooling.AdaptiveAvgPool2d'>.
[INFO] Register count_softmax() for <class 'torch.nn.modules.activation.Softmax'>.
FLOPs: 6.326761216 billion
Parameters: 0.232672 million
Latency: 16.17 ms
MACs: 3.163380608 billion
DEBUG OBJECTIVES: -8.29052806325282 6.326761216 -705.6187744140625
Using downloaded and verified file: /home/nisha/.medmnist/breastmnist.npz
Using downloaded and verified file: /home/nisha/.medmnist/breastmnist.npz
Using downloaded and verified file: /home/nisha/.medmnist/breastmnist.npz
[INFO] Register count_convNd() for <class 'torch.nn.modules.conv.Conv2d'>.
[INFO] Register count_normalization() for <class 'torch.nn.modules.batchnorm.BatchNorm2d'>.
[INFO] Register zero_ops() for <class 'torch.nn.modules.container.Sequential'>.
[INFO] Register zero_ops() for <class 'torch.nn.modules.activation.ReLU'>.
[INFO] Register count_softmax() for <class 'torch.nn.modules.activation.Softmax'>.
[INFO] Register count_linear() for <class 'torch.nn.modules.linear.Linear'>.
[INFO] Register count_normalization() for <class 'torch.nn.modules.batchnorm.BatchNorm1d'>.
[INFO] Register count_adap_avgpool() for <class 'torch.nn.modules.pooling.AdaptiveAvgPool2d'>.
[INFO] Register count_avgpool() for <class 'torch.nn.modules.pooling.AvgPool2d'>.
[INFO] Register count_upsample() for <class 'torch.nn.modules.upsampling.Upsample'>.
[INFO] Register zero_ops() for <class 'torch.nn.modules.pooling.MaxPool2d'>.
FLOPs: 15.21146208 billion
Parameters: 0.513651 million
Latency: 22.02 ms
MACs: 7.60573104 billion
DEBUG OBJECTIVES: -12.244894037821142 15.21146208 -993.6695556640625
Using downloaded and verified file: /home/nisha/.medmnist/breastmnist.npz
Using downloaded and verified file: /home/nisha/.medmnist/breastmnist.npz
Using downloaded and verified file: /home/nisha/.medmnist/breastmnist.npz
[INFO] Register count_convNd() for <class 'torch.nn.modules.conv.Conv2d'>.
[INFO] Register count_normalization() for <class 'torch.nn.modules.batchnorm.BatchNorm2d'>.
[INFO] Register zero_ops() for <class 'torch.nn.modules.container.Sequential'>.
[INFO] Register zero_ops() for <class 'torch.nn.modules.activation.ReLU'>.
[INFO] Register count_avgpool() for <class 'torch.nn.modules.pooling.AvgPool2d'>.
[INFO] Register count_upsample() for <class 'torch.nn.modules.upsampling.Upsample'>.
[INFO] Register zero_ops() for <class 'torch.nn.modules.pooling.MaxPool2d'>.
[INFO] Register count_softmax() for <class 'torch.nn.modules.activation.Softmax'>.
[INFO] Register count_adap_avgpool() for <class 'torch.nn.modules.pooling.AdaptiveAvgPool2d'>.
[INFO] Register count_linear() for <class 'torch.nn.modules.linear.Linear'>.
FLOPs: 14.185986544 billion
Parameters: 0.516287 million
Latency: 29.15 ms
MACs: 7.092993272 billion
DEBUG OBJECTIVES: -14.819846388880114 14.185986544 -1288.77001953125
Using downloaded and verified file: /home/nisha/.medmnist/breastmnist.npz
Using downloaded and verified file: /home/nisha/.medmnist/breastmnist.npz
Using downloaded and verified file: /home/nisha/.medmnist/breastmnist.npz
[INFO] Register count_convNd() for <class 'torch.nn.modules.conv.Conv2d'>.
[INFO] Register count_normalization() for <class 'torch.nn.modules.batchnorm.BatchNorm2d'>.
[INFO] Register zero_ops() for <class 'torch.nn.modules.container.Sequential'>.
[INFO] Register zero_ops() for <class 'torch.nn.modules.activation.ReLU'>.
[INFO] Register zero_ops() for <class 'torch.nn.modules.pooling.MaxPool2d'>.
[INFO] Register count_softmax() for <class 'torch.nn.modules.activation.Softmax'>.
[INFO] Register count_linear() for <class 'torch.nn.modules.linear.Linear'>.
[INFO] Register count_normalization() for <class 'torch.nn.modules.batchnorm.BatchNorm1d'>.
[INFO] Register count_avgpool() for <class 'torch.nn.modules.pooling.AvgPool2d'>.
[INFO] Register count_upsample() for <class 'torch.nn.modules.upsampling.Upsample'>.
[INFO] Register count_adap_avgpool() for <class 'torch.nn.modules.pooling.AdaptiveAvgPool2d'>.
FLOPs: 21.41354336 billion
Parameters: 0.718736 million
Latency: 46.82 ms
MACs: 10.70677168 billion
DEBUG OBJECTIVES: -12.300439260089208 21.41354336 -1366.324951171875
     3 |       60 |     20 |  0.1623735413 |         nadir
Using downloaded and verified file: /home/nisha/.medmnist/breastmnist.npz
Using downloaded and verified file: /home/nisha/.medmnist/breastmnist.npz
Using downloaded and verified file: /home/nisha/.medmnist/breastmnist.npz
[INFO] Register count_convNd() for <class 'torch.nn.modules.conv.Conv2d'>.
[INFO] Register count_normalization() for <class 'torch.nn.modules.batchnorm.BatchNorm2d'>.
[INFO] Register zero_ops() for <class 'torch.nn.modules.container.Sequential'>.
[INFO] Register zero_ops() for <class 'torch.nn.modules.activation.ReLU'>.
[INFO] Register count_avgpool() for <class 'torch.nn.modules.pooling.AvgPool2d'>.
[INFO] Register count_upsample() for <class 'torch.nn.modules.upsampling.Upsample'>.
[INFO] Register zero_ops() for <class 'torch.nn.modules.pooling.MaxPool2d'>.
[INFO] Register count_softmax() for <class 'torch.nn.modules.activation.Softmax'>.
[INFO] Register count_adap_avgpool() for <class 'torch.nn.modules.pooling.AdaptiveAvgPool2d'>.
[INFO] Register count_linear() for <class 'torch.nn.modules.linear.Linear'>.
[INFO] Register count_normalization() for <class 'torch.nn.modules.batchnorm.BatchNorm1d'>.
FLOPs: 15.546418384 billion
Parameters: 0.437665 million
Latency: 60.68 ms
MACs: 7.773209192 billion
DEBUG OBJECTIVES: -14.669811216041458 15.546418384 -1543.640625
Using downloaded and verified file: /home/nisha/.medmnist/breastmnist.npz
Using downloaded and verified file: /home/nisha/.medmnist/breastmnist.npz
Using downloaded and verified file: /home/nisha/.medmnist/breastmnist.npz
[INFO] Register count_convNd() for <class 'torch.nn.modules.conv.Conv2d'>.
[INFO] Register count_normalization() for <class 'torch.nn.modules.batchnorm.BatchNorm2d'>.
[INFO] Register zero_ops() for <class 'torch.nn.modules.container.Sequential'>.
[INFO] Register zero_ops() for <class 'torch.nn.modules.activation.ReLU'>.
[INFO] Register count_avgpool() for <class 'torch.nn.modules.pooling.AvgPool2d'>.
[INFO] Register count_upsample() for <class 'torch.nn.modules.upsampling.Upsample'>.
[INFO] Register zero_ops() for <class 'torch.nn.modules.pooling.MaxPool2d'>.
[INFO] Register count_softmax() for <class 'torch.nn.modules.activation.Softmax'>.
[INFO] Register count_adap_avgpool() for <class 'torch.nn.modules.pooling.AdaptiveAvgPool2d'>.
[INFO] Register count_linear() for <class 'torch.nn.modules.linear.Linear'>.
FLOPs: 14.523169264 billion
Parameters: 0.516287 million
Latency: 30.81 ms
MACs: 7.261584632 billion
DEBUG OBJECTIVES: -17.594949092821377 14.523169264 -1248.3094482421875
Using downloaded and verified file: /home/nisha/.medmnist/breastmnist.npz
Using downloaded and verified file: /home/nisha/.medmnist/breastmnist.npz
Using downloaded and verified file: /home/nisha/.medmnist/breastmnist.npz
[INFO] Register count_convNd() for <class 'torch.nn.modules.conv.Conv2d'>.
[INFO] Register count_normalization() for <class 'torch.nn.modules.batchnorm.BatchNorm2d'>.
[INFO] Register zero_ops() for <class 'torch.nn.modules.container.Sequential'>.
[INFO] Register zero_ops() for <class 'torch.nn.modules.activation.ReLU'>.
[INFO] Register count_softmax() for <class 'torch.nn.modules.activation.Softmax'>.
[INFO] Register count_linear() for <class 'torch.nn.modules.linear.Linear'>.
[INFO] Register count_adap_avgpool() for <class 'torch.nn.modules.pooling.AdaptiveAvgPool2d'>.
[INFO] Register count_avgpool() for <class 'torch.nn.modules.pooling.AvgPool2d'>.
[INFO] Register count_normalization() for <class 'torch.nn.modules.batchnorm.BatchNorm1d'>.
FLOPs: 8.114565296 billion
Parameters: 0.117683 million
Latency: 34.73 ms
MACs: 4.057282648 billion
DEBUG OBJECTIVES: -9.388610993951618 8.114565296 -869.3053588867188
Using downloaded and verified file: /home/nisha/.medmnist/breastmnist.npz
Using downloaded and verified file: /home/nisha/.medmnist/breastmnist.npz
Using downloaded and verified file: /home/nisha/.medmnist/breastmnist.npz
[INFO] Register count_convNd() for <class 'torch.nn.modules.conv.Conv2d'>.
[INFO] Register count_normalization() for <class 'torch.nn.modules.batchnorm.BatchNorm2d'>.
[INFO] Register zero_ops() for <class 'torch.nn.modules.container.Sequential'>.
[INFO] Register zero_ops() for <class 'torch.nn.modules.activation.ReLU'>.
[INFO] Register count_avgpool() for <class 'torch.nn.modules.pooling.AvgPool2d'>.
[INFO] Register count_upsample() for <class 'torch.nn.modules.upsampling.Upsample'>.
[INFO] Register zero_ops() for <class 'torch.nn.modules.pooling.MaxPool2d'>.
[INFO] Register count_adap_avgpool() for <class 'torch.nn.modules.pooling.AdaptiveAvgPool2d'>.
[INFO] Register count_linear() for <class 'torch.nn.modules.linear.Linear'>.
[INFO] Register count_normalization() for <class 'torch.nn.modules.batchnorm.BatchNorm1d'>.
[INFO] Register count_softmax() for <class 'torch.nn.modules.activation.Softmax'>.
FLOPs: 17.742999328 billion
Parameters: 0.497795 million
Latency: 28.36 ms
MACs: 8.871499664 billion
DEBUG OBJECTIVES: -15.406444600939292 17.742999328 -1207.8729248046875
Using downloaded and verified file: /home/nisha/.medmnist/breastmnist.npz
Using downloaded and verified file: /home/nisha/.medmnist/breastmnist.npz
Using downloaded and verified file: /home/nisha/.medmnist/breastmnist.npz
[INFO] Register count_convNd() for <class 'torch.nn.modules.conv.Conv2d'>.
[INFO] Register count_normalization() for <class 'torch.nn.modules.batchnorm.BatchNorm2d'>.
[INFO] Register zero_ops() for <class 'torch.nn.modules.container.Sequential'>.
[INFO] Register zero_ops() for <class 'torch.nn.modules.activation.ReLU'>.
[INFO] Register count_avgpool() for <class 'torch.nn.modules.pooling.AvgPool2d'>.
[INFO] Register count_upsample() for <class 'torch.nn.modules.upsampling.Upsample'>.
[INFO] Register zero_ops() for <class 'torch.nn.modules.pooling.MaxPool2d'>.
[INFO] Register count_adap_avgpool() for <class 'torch.nn.modules.pooling.AdaptiveAvgPool2d'>.
[INFO] Register count_linear() for <class 'torch.nn.modules.linear.Linear'>.
[INFO] Register count_normalization() for <class 'torch.nn.modules.batchnorm.BatchNorm1d'>.
[INFO] Register count_softmax() for <class 'torch.nn.modules.activation.Softmax'>.
FLOPs: 19.156125184 billion
Parameters: 0.589182 million
Latency: 24.34 ms
MACs: 9.578062592 billion
DEBUG OBJECTIVES: -12.222329434593629 19.156125184 -1141.09912109375
Using downloaded and verified file: /home/nisha/.medmnist/breastmnist.npz
Using downloaded and verified file: /home/nisha/.medmnist/breastmnist.npz
Using downloaded and verified file: /home/nisha/.medmnist/breastmnist.npz
[INFO] Register count_convNd() for <class 'torch.nn.modules.conv.Conv2d'>.
[INFO] Register count_normalization() for <class 'torch.nn.modules.batchnorm.BatchNorm2d'>.
[INFO] Register zero_ops() for <class 'torch.nn.modules.container.Sequential'>.
[INFO] Register zero_ops() for <class 'torch.nn.modules.activation.ReLU'>.
[INFO] Register zero_ops() for <class 'torch.nn.modules.pooling.MaxPool2d'>.
[INFO] Register count_avgpool() for <class 'torch.nn.modules.pooling.AvgPool2d'>.
[INFO] Register count_linear() for <class 'torch.nn.modules.linear.Linear'>.
[INFO] Register count_softmax() for <class 'torch.nn.modules.activation.Softmax'>.
[INFO] Register count_adap_avgpool() for <class 'torch.nn.modules.pooling.AdaptiveAvgPool2d'>.
[INFO] Register count_normalization() for <class 'torch.nn.modules.batchnorm.BatchNorm1d'>.
FLOPs: 5.546701696 billion
Parameters: 0.156302 million
Latency: 14.58 ms
MACs: 2.773350848 billion
DEBUG OBJECTIVES: -10.441557074315934 5.546701696 -586.1156616210938
Using downloaded and verified file: /home/nisha/.medmnist/breastmnist.npz
Using downloaded and verified file: /home/nisha/.medmnist/breastmnist.npz
Using downloaded and verified file: /home/nisha/.medmnist/breastmnist.npz
[INFO] Register count_convNd() for <class 'torch.nn.modules.conv.Conv2d'>.
[INFO] Register count_normalization() for <class 'torch.nn.modules.batchnorm.BatchNorm2d'>.
[INFO] Register zero_ops() for <class 'torch.nn.modules.container.Sequential'>.
[INFO] Register zero_ops() for <class 'torch.nn.modules.activation.ReLU'>.
[INFO] Register count_softmax() for <class 'torch.nn.modules.activation.Softmax'>.
[INFO] Register count_linear() for <class 'torch.nn.modules.linear.Linear'>.
[INFO] Register count_adap_avgpool() for <class 'torch.nn.modules.pooling.AdaptiveAvgPool2d'>.
[INFO] Register count_avgpool() for <class 'torch.nn.modules.pooling.AvgPool2d'>.
FLOPs: 6.189784816 billion
Parameters: 0.109073 million
Latency: 33.52 ms
MACs: 3.094892408 billion
DEBUG OBJECTIVES: -10.653847293847178 6.189784816 -872.1136474609375
Using downloaded and verified file: /home/nisha/.medmnist/breastmnist.npz
Using downloaded and verified file: /home/nisha/.medmnist/breastmnist.npz
Using downloaded and verified file: /home/nisha/.medmnist/breastmnist.npz
[INFO] Register count_convNd() for <class 'torch.nn.modules.conv.Conv2d'>.
[INFO] Register count_normalization() for <class 'torch.nn.modules.batchnorm.BatchNorm2d'>.
[INFO] Register zero_ops() for <class 'torch.nn.modules.container.Sequential'>.
[INFO] Register zero_ops() for <class 'torch.nn.modules.activation.ReLU'>.
[INFO] Register count_avgpool() for <class 'torch.nn.modules.pooling.AvgPool2d'>.
[INFO] Register count_upsample() for <class 'torch.nn.modules.upsampling.Upsample'>.
[INFO] Register zero_ops() for <class 'torch.nn.modules.pooling.MaxPool2d'>.
[INFO] Register count_adap_avgpool() for <class 'torch.nn.modules.pooling.AdaptiveAvgPool2d'>.
[INFO] Register count_linear() for <class 'torch.nn.modules.linear.Linear'>.
[INFO] Register count_normalization() for <class 'torch.nn.modules.batchnorm.BatchNorm1d'>.
[INFO] Register count_softmax() for <class 'torch.nn.modules.activation.Softmax'>.
FLOPs: 20.631654208 billion
Parameters: 0.765084 million
Latency: 48.47 ms
MACs: 10.315827104 billion
DEBUG OBJECTIVES: -11.44909704689637 20.631654208 -1237.112060546875
Using downloaded and verified file: /home/nisha/.medmnist/breastmnist.npz
Using downloaded and verified file: /home/nisha/.medmnist/breastmnist.npz
Using downloaded and verified file: /home/nisha/.medmnist/breastmnist.npz
[INFO] Register count_convNd() for <class 'torch.nn.modules.conv.Conv2d'>.
[INFO] Register count_normalization() for <class 'torch.nn.modules.batchnorm.BatchNorm2d'>.
[INFO] Register zero_ops() for <class 'torch.nn.modules.container.Sequential'>.
[INFO] Register zero_ops() for <class 'torch.nn.modules.activation.ReLU'>.
[INFO] Register count_avgpool() for <class 'torch.nn.modules.pooling.AvgPool2d'>.
[INFO] Register count_upsample() for <class 'torch.nn.modules.upsampling.Upsample'>.
[INFO] Register zero_ops() for <class 'torch.nn.modules.pooling.MaxPool2d'>.
[INFO] Register count_softmax() for <class 'torch.nn.modules.activation.Softmax'>.
[INFO] Register count_adap_avgpool() for <class 'torch.nn.modules.pooling.AdaptiveAvgPool2d'>.
[INFO] Register count_linear() for <class 'torch.nn.modules.linear.Linear'>.
[INFO] Register count_normalization() for <class 'torch.nn.modules.batchnorm.BatchNorm1d'>.
FLOPs: 13.399526176 billion
Parameters: 0.349468 million
Latency: 65.36 ms
MACs: 6.699763088 billion
DEBUG OBJECTIVES: -14.189534200043935 13.399526176 -1502.981201171875
Using downloaded and verified file: /home/nisha/.medmnist/breastmnist.npz
Using downloaded and verified file: /home/nisha/.medmnist/breastmnist.npz
Using downloaded and verified file: /home/nisha/.medmnist/breastmnist.npz
[INFO] Register count_convNd() for <class 'torch.nn.modules.conv.Conv2d'>.
[INFO] Register count_normalization() for <class 'torch.nn.modules.batchnorm.BatchNorm2d'>.
[INFO] Register zero_ops() for <class 'torch.nn.modules.container.Sequential'>.
[INFO] Register zero_ops() for <class 'torch.nn.modules.activation.ReLU'>.
[INFO] Register zero_ops() for <class 'torch.nn.modules.pooling.MaxPool2d'>.
[INFO] Register count_avgpool() for <class 'torch.nn.modules.pooling.AvgPool2d'>.
[INFO] Register count_upsample() for <class 'torch.nn.modules.upsampling.Upsample'>.
[INFO] Register count_softmax() for <class 'torch.nn.modules.activation.Softmax'>.
[INFO] Register count_adap_avgpool() for <class 'torch.nn.modules.pooling.AdaptiveAvgPool2d'>.
[INFO] Register count_linear() for <class 'torch.nn.modules.linear.Linear'>.
[INFO] Register count_normalization() for <class 'torch.nn.modules.batchnorm.BatchNorm1d'>.
FLOPs: 7.259042016 billion
Parameters: 0.248984 million
Latency: 15.77 ms
MACs: 3.629521008 billion
DEBUG OBJECTIVES: -8.55949593420021 7.259042016 -642.4928588867188
Using downloaded and verified file: /home/nisha/.medmnist/breastmnist.npz
Using downloaded and verified file: /home/nisha/.medmnist/breastmnist.npz
Using downloaded and verified file: /home/nisha/.medmnist/breastmnist.npz
[INFO] Register count_convNd() for <class 'torch.nn.modules.conv.Conv2d'>.
[INFO] Register count_normalization() for <class 'torch.nn.modules.batchnorm.BatchNorm2d'>.
[INFO] Register zero_ops() for <class 'torch.nn.modules.container.Sequential'>.
[INFO] Register zero_ops() for <class 'torch.nn.modules.activation.ReLU'>.
[INFO] Register count_avgpool() for <class 'torch.nn.modules.pooling.AvgPool2d'>.
[INFO] Register count_upsample() for <class 'torch.nn.modules.upsampling.Upsample'>.
[INFO] Register zero_ops() for <class 'torch.nn.modules.pooling.MaxPool2d'>.
[INFO] Register count_softmax() for <class 'torch.nn.modules.activation.Softmax'>.
[INFO] Register count_adap_avgpool() for <class 'torch.nn.modules.pooling.AdaptiveAvgPool2d'>.
[INFO] Register count_linear() for <class 'torch.nn.modules.linear.Linear'>.
[INFO] Register count_normalization() for <class 'torch.nn.modules.batchnorm.BatchNorm1d'>.
FLOPs: 20.769357904 billion
Parameters: 0.718113 million
Latency: 61.62 ms
MACs: 10.384678952 billion
DEBUG OBJECTIVES: -15.169057578791072 20.769357904 -1537.6053466796875
Using downloaded and verified file: /home/nisha/.medmnist/breastmnist.npz
Using downloaded and verified file: /home/nisha/.medmnist/breastmnist.npz
Using downloaded and verified file: /home/nisha/.medmnist/breastmnist.npz
[INFO] Register count_convNd() for <class 'torch.nn.modules.conv.Conv2d'>.
[INFO] Register count_normalization() for <class 'torch.nn.modules.batchnorm.BatchNorm2d'>.
[INFO] Register zero_ops() for <class 'torch.nn.modules.container.Sequential'>.
[INFO] Register zero_ops() for <class 'torch.nn.modules.activation.ReLU'>.
[INFO] Register count_avgpool() for <class 'torch.nn.modules.pooling.AvgPool2d'>.
[INFO] Register count_softmax() for <class 'torch.nn.modules.activation.Softmax'>.
[INFO] Register count_adap_avgpool() for <class 'torch.nn.modules.pooling.AdaptiveAvgPool2d'>.
[INFO] Register count_linear() for <class 'torch.nn.modules.linear.Linear'>.
[INFO] Register count_normalization() for <class 'torch.nn.modules.batchnorm.BatchNorm1d'>.
FLOPs: 3.399384288 billion
Parameters: 0.087978 million
Latency: 14.58 ms
MACs: 1.699692144 billion
DEBUG OBJECTIVES: -6.095829270797562 3.399384288 -583.6849365234375
Using downloaded and verified file: /home/nisha/.medmnist/breastmnist.npz
Using downloaded and verified file: /home/nisha/.medmnist/breastmnist.npz
Using downloaded and verified file: /home/nisha/.medmnist/breastmnist.npz
[INFO] Register count_convNd() for <class 'torch.nn.modules.conv.Conv2d'>.
[INFO] Register count_normalization() for <class 'torch.nn.modules.batchnorm.BatchNorm2d'>.
[INFO] Register zero_ops() for <class 'torch.nn.modules.container.Sequential'>.
[INFO] Register zero_ops() for <class 'torch.nn.modules.activation.ReLU'>.
[INFO] Register count_avgpool() for <class 'torch.nn.modules.pooling.AvgPool2d'>.
[INFO] Register count_upsample() for <class 'torch.nn.modules.upsampling.Upsample'>.
[INFO] Register count_adap_avgpool() for <class 'torch.nn.modules.pooling.AdaptiveAvgPool2d'>.
[INFO] Register count_linear() for <class 'torch.nn.modules.linear.Linear'>.
[INFO] Register count_normalization() for <class 'torch.nn.modules.batchnorm.BatchNorm1d'>.
[INFO] Register count_softmax() for <class 'torch.nn.modules.activation.Softmax'>.
FLOPs: 4.7536632 billion
Parameters: 0.172404 million
Latency: 21.87 ms
MACs: 2.3768316 billion
DEBUG OBJECTIVES: -9.075759006377433 4.7536632 -528.9605712890625
Using downloaded and verified file: /home/nisha/.medmnist/breastmnist.npz
Using downloaded and verified file: /home/nisha/.medmnist/breastmnist.npz
Using downloaded and verified file: /home/nisha/.medmnist/breastmnist.npz
[INFO] Register count_convNd() for <class 'torch.nn.modules.conv.Conv2d'>.
[INFO] Register count_normalization() for <class 'torch.nn.modules.batchnorm.BatchNorm2d'>.
[INFO] Register zero_ops() for <class 'torch.nn.modules.container.Sequential'>.
[INFO] Register zero_ops() for <class 'torch.nn.modules.activation.ReLU'>.
[INFO] Register zero_ops() for <class 'torch.nn.modules.pooling.MaxPool2d'>.
[INFO] Register count_avgpool() for <class 'torch.nn.modules.pooling.AvgPool2d'>.
[INFO] Register count_upsample() for <class 'torch.nn.modules.upsampling.Upsample'>.
[INFO] Register count_softmax() for <class 'torch.nn.modules.activation.Softmax'>.
[INFO] Register count_adap_avgpool() for <class 'torch.nn.modules.pooling.AdaptiveAvgPool2d'>.
[INFO] Register count_linear() for <class 'torch.nn.modules.linear.Linear'>.
[INFO] Register count_normalization() for <class 'torch.nn.modules.batchnorm.BatchNorm1d'>.
FLOPs: 7.256633568 billion
Parameters: 0.248984 million
Latency: 14.43 ms
MACs: 3.628316784 billion
DEBUG OBJECTIVES: -7.102473479621465 7.256633568 -600.6142578125
Using downloaded and verified file: /home/nisha/.medmnist/breastmnist.npz
Using downloaded and verified file: /home/nisha/.medmnist/breastmnist.npz
Using downloaded and verified file: /home/nisha/.medmnist/breastmnist.npz
[INFO] Register count_convNd() for <class 'torch.nn.modules.conv.Conv2d'>.
[INFO] Register count_normalization() for <class 'torch.nn.modules.batchnorm.BatchNorm2d'>.
[INFO] Register zero_ops() for <class 'torch.nn.modules.container.Sequential'>.
[INFO] Register zero_ops() for <class 'torch.nn.modules.activation.ReLU'>.
[INFO] Register count_avgpool() for <class 'torch.nn.modules.pooling.AvgPool2d'>.
[INFO] Register count_upsample() for <class 'torch.nn.modules.upsampling.Upsample'>.
[INFO] Register count_softmax() for <class 'torch.nn.modules.activation.Softmax'>.
[INFO] Register count_linear() for <class 'torch.nn.modules.linear.Linear'>.
[INFO] Register zero_ops() for <class 'torch.nn.modules.pooling.MaxPool2d'>.
[INFO] Register count_adap_avgpool() for <class 'torch.nn.modules.pooling.AdaptiveAvgPool2d'>.
[INFO] Register count_normalization() for <class 'torch.nn.modules.batchnorm.BatchNorm1d'>.
FLOPs: 27.10595384 billion
Parameters: 0.783252 million
Latency: 33.96 ms
MACs: 13.55297692 billion
DEBUG OBJECTIVES: -16.710633567089662 27.10595384 -1596.212158203125
Using downloaded and verified file: /home/nisha/.medmnist/breastmnist.npz
Using downloaded and verified file: /home/nisha/.medmnist/breastmnist.npz
Using downloaded and verified file: /home/nisha/.medmnist/breastmnist.npz
[INFO] Register count_convNd() for <class 'torch.nn.modules.conv.Conv2d'>.
[INFO] Register count_normalization() for <class 'torch.nn.modules.batchnorm.BatchNorm2d'>.
[INFO] Register zero_ops() for <class 'torch.nn.modules.container.Sequential'>.
[INFO] Register zero_ops() for <class 'torch.nn.modules.activation.ReLU'>.
[INFO] Register count_avgpool() for <class 'torch.nn.modules.pooling.AvgPool2d'>.
[INFO] Register count_upsample() for <class 'torch.nn.modules.upsampling.Upsample'>.
[INFO] Register zero_ops() for <class 'torch.nn.modules.pooling.MaxPool2d'>.
[INFO] Register count_softmax() for <class 'torch.nn.modules.activation.Softmax'>.
[INFO] Register count_linear() for <class 'torch.nn.modules.linear.Linear'>.
[INFO] Register count_normalization() for <class 'torch.nn.modules.batchnorm.BatchNorm1d'>.
[INFO] Register count_adap_avgpool() for <class 'torch.nn.modules.pooling.AdaptiveAvgPool2d'>.
FLOPs: 8.121904864 billion
Parameters: 0.331498 million
Latency: 11.73 ms
MACs: 4.060952432 billion
DEBUG OBJECTIVES: -6.747277545705868 8.121904864 -509.195556640625
Using downloaded and verified file: /home/nisha/.medmnist/breastmnist.npz
Using downloaded and verified file: /home/nisha/.medmnist/breastmnist.npz
Using downloaded and verified file: /home/nisha/.medmnist/breastmnist.npz
[INFO] Register count_convNd() for <class 'torch.nn.modules.conv.Conv2d'>.
[INFO] Register count_normalization() for <class 'torch.nn.modules.batchnorm.BatchNorm2d'>.
[INFO] Register zero_ops() for <class 'torch.nn.modules.container.Sequential'>.
[INFO] Register zero_ops() for <class 'torch.nn.modules.activation.ReLU'>.
[INFO] Register zero_ops() for <class 'torch.nn.modules.pooling.MaxPool2d'>.
[INFO] Register count_softmax() for <class 'torch.nn.modules.activation.Softmax'>.
[INFO] Register count_linear() for <class 'torch.nn.modules.linear.Linear'>.
[INFO] Register count_normalization() for <class 'torch.nn.modules.batchnorm.BatchNorm1d'>.
[INFO] Register count_avgpool() for <class 'torch.nn.modules.pooling.AvgPool2d'>.
[INFO] Register count_upsample() for <class 'torch.nn.modules.upsampling.Upsample'>.
[INFO] Register count_adap_avgpool() for <class 'torch.nn.modules.pooling.AdaptiveAvgPool2d'>.
FLOPs: 18.125997552 billion
Parameters: 0.45747 million
Latency: 37.42 ms
MACs: 9.062998776 billion
DEBUG OBJECTIVES: -16.016835773400203 18.125997552 -1644.89453125
Using downloaded and verified file: /home/nisha/.medmnist/breastmnist.npz
Using downloaded and verified file: /home/nisha/.medmnist/breastmnist.npz
Using downloaded and verified file: /home/nisha/.medmnist/breastmnist.npz
[INFO] Register count_convNd() for <class 'torch.nn.modules.conv.Conv2d'>.
[INFO] Register count_normalization() for <class 'torch.nn.modules.batchnorm.BatchNorm2d'>.
[INFO] Register zero_ops() for <class 'torch.nn.modules.container.Sequential'>.
[INFO] Register zero_ops() for <class 'torch.nn.modules.activation.ReLU'>.
[INFO] Register count_avgpool() for <class 'torch.nn.modules.pooling.AvgPool2d'>.
[INFO] Register count_upsample() for <class 'torch.nn.modules.upsampling.Upsample'>.
[INFO] Register zero_ops() for <class 'torch.nn.modules.pooling.MaxPool2d'>.
[INFO] Register count_adap_avgpool() for <class 'torch.nn.modules.pooling.AdaptiveAvgPool2d'>.
[INFO] Register count_linear() for <class 'torch.nn.modules.linear.Linear'>.
[INFO] Register count_normalization() for <class 'torch.nn.modules.batchnorm.BatchNorm1d'>.
[INFO] Register count_softmax() for <class 'torch.nn.modules.activation.Softmax'>.
FLOPs: 21.257258096 billion
Parameters: 0.693366 million
Latency: 29.29 ms
MACs: 10.628629048 billion
DEBUG OBJECTIVES: -11.890915855852123 21.257258096 -1262.731201171875
Using downloaded and verified file: /home/nisha/.medmnist/breastmnist.npz
Using downloaded and verified file: /home/nisha/.medmnist/breastmnist.npz
Using downloaded and verified file: /home/nisha/.medmnist/breastmnist.npz
[INFO] Register count_convNd() for <class 'torch.nn.modules.conv.Conv2d'>.
[INFO] Register count_normalization() for <class 'torch.nn.modules.batchnorm.BatchNorm2d'>.
[INFO] Register zero_ops() for <class 'torch.nn.modules.container.Sequential'>.
[INFO] Register zero_ops() for <class 'torch.nn.modules.activation.ReLU'>.
[INFO] Register count_avgpool() for <class 'torch.nn.modules.pooling.AvgPool2d'>.
[INFO] Register count_upsample() for <class 'torch.nn.modules.upsampling.Upsample'>.
[INFO] Register count_linear() for <class 'torch.nn.modules.linear.Linear'>.
[INFO] Register count_normalization() for <class 'torch.nn.modules.batchnorm.BatchNorm1d'>.
[INFO] Register count_softmax() for <class 'torch.nn.modules.activation.Softmax'>.
[INFO] Register zero_ops() for <class 'torch.nn.modules.pooling.MaxPool2d'>.
[INFO] Register count_adap_avgpool() for <class 'torch.nn.modules.pooling.AdaptiveAvgPool2d'>.
FLOPs: 14.78566792 billion
Parameters: 0.551909 million
Latency: 24.57 ms
MACs: 7.39283396 billion
DEBUG OBJECTIVES: -12.207133513925575 14.78566792 -1118.2369384765625
Using downloaded and verified file: /home/nisha/.medmnist/breastmnist.npz
Using downloaded and verified file: /home/nisha/.medmnist/breastmnist.npz
Using downloaded and verified file: /home/nisha/.medmnist/breastmnist.npz
[INFO] Register count_convNd() for <class 'torch.nn.modules.conv.Conv2d'>.
[INFO] Register count_normalization() for <class 'torch.nn.modules.batchnorm.BatchNorm2d'>.
[INFO] Register zero_ops() for <class 'torch.nn.modules.container.Sequential'>.
[INFO] Register zero_ops() for <class 'torch.nn.modules.activation.ReLU'>.
[INFO] Register count_avgpool() for <class 'torch.nn.modules.pooling.AvgPool2d'>.
[INFO] Register count_upsample() for <class 'torch.nn.modules.upsampling.Upsample'>.
[INFO] Register zero_ops() for <class 'torch.nn.modules.pooling.MaxPool2d'>.
[INFO] Register count_adap_avgpool() for <class 'torch.nn.modules.pooling.AdaptiveAvgPool2d'>.
[INFO] Register count_linear() for <class 'torch.nn.modules.linear.Linear'>.
[INFO] Register count_normalization() for <class 'torch.nn.modules.batchnorm.BatchNorm1d'>.
[INFO] Register count_softmax() for <class 'torch.nn.modules.activation.Softmax'>.
FLOPs: 15.205017808 billion
Parameters: 0.416448 million
Latency: 28.59 ms
MACs: 7.602508904 billion
DEBUG OBJECTIVES: -11.36230053550346 15.205017808 -1234.4888916015625
     4 |       80 |     20 |  0.0361699560 |         ideal
Using downloaded and verified file: /home/nisha/.medmnist/breastmnist.npz
Using downloaded and verified file: /home/nisha/.medmnist/breastmnist.npz
Using downloaded and verified file: /home/nisha/.medmnist/breastmnist.npz
[INFO] Register count_convNd() for <class 'torch.nn.modules.conv.Conv2d'>.
[INFO] Register count_normalization() for <class 'torch.nn.modules.batchnorm.BatchNorm2d'>.
[INFO] Register zero_ops() for <class 'torch.nn.modules.container.Sequential'>.
[INFO] Register zero_ops() for <class 'torch.nn.modules.activation.ReLU'>.
[INFO] Register count_softmax() for <class 'torch.nn.modules.activation.Softmax'>.
[INFO] Register count_linear() for <class 'torch.nn.modules.linear.Linear'>.
[INFO] Register count_normalization() for <class 'torch.nn.modules.batchnorm.BatchNorm1d'>.
[INFO] Register count_adap_avgpool() for <class 'torch.nn.modules.pooling.AdaptiveAvgPool2d'>.
[INFO] Register count_avgpool() for <class 'torch.nn.modules.pooling.AvgPool2d'>.
FLOPs: 11.046402528 billion
Parameters: 0.30943 million
Latency: 33.12 ms
MACs: 5.523201264 billion
DEBUG OBJECTIVES: -12.902917970091961 11.046402528 -1345.2010498046875
Using downloaded and verified file: /home/nisha/.medmnist/breastmnist.npz
Using downloaded and verified file: /home/nisha/.medmnist/breastmnist.npz
Using downloaded and verified file: /home/nisha/.medmnist/breastmnist.npz
[INFO] Register count_convNd() for <class 'torch.nn.modules.conv.Conv2d'>.
[INFO] Register count_normalization() for <class 'torch.nn.modules.batchnorm.BatchNorm2d'>.
[INFO] Register zero_ops() for <class 'torch.nn.modules.container.Sequential'>.
[INFO] Register zero_ops() for <class 'torch.nn.modules.activation.ReLU'>.
[INFO] Register count_avgpool() for <class 'torch.nn.modules.pooling.AvgPool2d'>.
[INFO] Register count_upsample() for <class 'torch.nn.modules.upsampling.Upsample'>.
[INFO] Register count_softmax() for <class 'torch.nn.modules.activation.Softmax'>.
[INFO] Register count_linear() for <class 'torch.nn.modules.linear.Linear'>.
[INFO] Register zero_ops() for <class 'torch.nn.modules.pooling.MaxPool2d'>.
[INFO] Register count_normalization() for <class 'torch.nn.modules.batchnorm.BatchNorm1d'>.
[INFO] Register count_adap_avgpool() for <class 'torch.nn.modules.pooling.AdaptiveAvgPool2d'>.
FLOPs: 26.433110544 billion
Parameters: 0.76047 million
Latency: 37.42 ms
MACs: 13.216555272 billion
DEBUG OBJECTIVES: -16.344944911167882 26.433110544 -1659.607177734375
Using downloaded and verified file: /home/nisha/.medmnist/breastmnist.npz
Using downloaded and verified file: /home/nisha/.medmnist/breastmnist.npz
Using downloaded and verified file: /home/nisha/.medmnist/breastmnist.npz
[INFO] Register count_convNd() for <class 'torch.nn.modules.conv.Conv2d'>.
[INFO] Register count_normalization() for <class 'torch.nn.modules.batchnorm.BatchNorm2d'>.
[INFO] Register zero_ops() for <class 'torch.nn.modules.container.Sequential'>.
[INFO] Register zero_ops() for <class 'torch.nn.modules.activation.ReLU'>.
[INFO] Register count_softmax() for <class 'torch.nn.modules.activation.Softmax'>.
[INFO] Register count_linear() for <class 'torch.nn.modules.linear.Linear'>.
[INFO] Register count_adap_avgpool() for <class 'torch.nn.modules.pooling.AdaptiveAvgPool2d'>.
[INFO] Register count_avgpool() for <class 'torch.nn.modules.pooling.AvgPool2d'>.
[INFO] Register count_normalization() for <class 'torch.nn.modules.batchnorm.BatchNorm1d'>.
FLOPs: 7.558237584 billion
Parameters: 0.172939 million
Latency: 35.25 ms
MACs: 3.779118792 billion
DEBUG OBJECTIVES: -13.419709917859574 7.558237584 -952.2367553710938
Using downloaded and verified file: /home/nisha/.medmnist/breastmnist.npz
Using downloaded and verified file: /home/nisha/.medmnist/breastmnist.npz
Using downloaded and verified file: /home/nisha/.medmnist/breastmnist.npz
[INFO] Register count_convNd() for <class 'torch.nn.modules.conv.Conv2d'>.
[INFO] Register count_normalization() for <class 'torch.nn.modules.batchnorm.BatchNorm2d'>.
[INFO] Register zero_ops() for <class 'torch.nn.modules.container.Sequential'>.
[INFO] Register zero_ops() for <class 'torch.nn.modules.activation.ReLU'>.
[INFO] Register zero_ops() for <class 'torch.nn.modules.pooling.MaxPool2d'>.
[INFO] Register count_avgpool() for <class 'torch.nn.modules.pooling.AvgPool2d'>.
[INFO] Register count_upsample() for <class 'torch.nn.modules.upsampling.Upsample'>.
[INFO] Register count_softmax() for <class 'torch.nn.modules.activation.Softmax'>.
[INFO] Register count_adap_avgpool() for <class 'torch.nn.modules.pooling.AdaptiveAvgPool2d'>.
[INFO] Register count_linear() for <class 'torch.nn.modules.linear.Linear'>.
[INFO] Register count_normalization() for <class 'torch.nn.modules.batchnorm.BatchNorm1d'>.
FLOPs: 7.256633568 billion
Parameters: 0.248984 million
Latency: 14.01 ms
MACs: 3.628316784 billion
DEBUG OBJECTIVES: -8.89208764630903 7.256633568 -600.219970703125
Using downloaded and verified file: /home/nisha/.medmnist/breastmnist.npz
Using downloaded and verified file: /home/nisha/.medmnist/breastmnist.npz
Using downloaded and verified file: /home/nisha/.medmnist/breastmnist.npz
[INFO] Register count_convNd() for <class 'torch.nn.modules.conv.Conv2d'>.
[INFO] Register count_normalization() for <class 'torch.nn.modules.batchnorm.BatchNorm2d'>.
[INFO] Register zero_ops() for <class 'torch.nn.modules.container.Sequential'>.
[INFO] Register zero_ops() for <class 'torch.nn.modules.activation.ReLU'>.
[INFO] Register count_softmax() for <class 'torch.nn.modules.activation.Softmax'>.
[INFO] Register count_linear() for <class 'torch.nn.modules.linear.Linear'>.
[INFO] Register count_normalization() for <class 'torch.nn.modules.batchnorm.BatchNorm1d'>.
[INFO] Register count_adap_avgpool() for <class 'torch.nn.modules.pooling.AdaptiveAvgPool2d'>.
[INFO] Register count_avgpool() for <class 'torch.nn.modules.pooling.AvgPool2d'>.
[INFO] Register count_upsample() for <class 'torch.nn.modules.upsampling.Upsample'>.
FLOPs: 12.790300256 billion
Parameters: 0.377718 million
Latency: 30.99 ms
MACs: 6.395150128 billion
DEBUG OBJECTIVES: -10.23552242401886 12.790300256 -1362.501953125
Using downloaded and verified file: /home/nisha/.medmnist/breastmnist.npz
Using downloaded and verified file: /home/nisha/.medmnist/breastmnist.npz
Using downloaded and verified file: /home/nisha/.medmnist/breastmnist.npz
[INFO] Register count_convNd() for <class 'torch.nn.modules.conv.Conv2d'>.
[INFO] Register count_normalization() for <class 'torch.nn.modules.batchnorm.BatchNorm2d'>.
[INFO] Register zero_ops() for <class 'torch.nn.modules.container.Sequential'>.
[INFO] Register zero_ops() for <class 'torch.nn.modules.activation.ReLU'>.
[INFO] Register count_avgpool() for <class 'torch.nn.modules.pooling.AvgPool2d'>.
[INFO] Register zero_ops() for <class 'torch.nn.modules.pooling.MaxPool2d'>.
[INFO] Register count_linear() for <class 'torch.nn.modules.linear.Linear'>.
[INFO] Register count_normalization() for <class 'torch.nn.modules.batchnorm.BatchNorm1d'>.
[INFO] Register count_adap_avgpool() for <class 'torch.nn.modules.pooling.AdaptiveAvgPool2d'>.
[INFO] Register count_softmax() for <class 'torch.nn.modules.activation.Softmax'>.
FLOPs: 3.582578912 billion
Parameters: 0.092376 million
Latency: 14.15 ms
MACs: 1.791289456 billion
DEBUG OBJECTIVES: -7.516109764705624 3.582578912 -621.28076171875
Using downloaded and verified file: /home/nisha/.medmnist/breastmnist.npz
Using downloaded and verified file: /home/nisha/.medmnist/breastmnist.npz
Using downloaded and verified file: /home/nisha/.medmnist/breastmnist.npz
[INFO] Register count_convNd() for <class 'torch.nn.modules.conv.Conv2d'>.
[INFO] Register count_normalization() for <class 'torch.nn.modules.batchnorm.BatchNorm2d'>.
[INFO] Register zero_ops() for <class 'torch.nn.modules.container.Sequential'>.
[INFO] Register zero_ops() for <class 'torch.nn.modules.activation.ReLU'>.
[INFO] Register count_avgpool() for <class 'torch.nn.modules.pooling.AvgPool2d'>.
[INFO] Register count_upsample() for <class 'torch.nn.modules.upsampling.Upsample'>.
[INFO] Register zero_ops() for <class 'torch.nn.modules.pooling.MaxPool2d'>.
[INFO] Register count_adap_avgpool() for <class 'torch.nn.modules.pooling.AdaptiveAvgPool2d'>.
[INFO] Register count_linear() for <class 'torch.nn.modules.linear.Linear'>.
[INFO] Register count_normalization() for <class 'torch.nn.modules.batchnorm.BatchNorm1d'>.
[INFO] Register count_softmax() for <class 'torch.nn.modules.activation.Softmax'>.
FLOPs: 17.74059088 billion
Parameters: 0.497795 million
Latency: 27.93 ms
MACs: 8.87029544 billion
DEBUG OBJECTIVES: -12.53953966841055 17.74059088 -1231.742431640625
Using downloaded and verified file: /home/nisha/.medmnist/breastmnist.npz
Using downloaded and verified file: /home/nisha/.medmnist/breastmnist.npz
Using downloaded and verified file: /home/nisha/.medmnist/breastmnist.npz
[INFO] Register count_convNd() for <class 'torch.nn.modules.conv.Conv2d'>.
[INFO] Register count_normalization() for <class 'torch.nn.modules.batchnorm.BatchNorm2d'>.
[INFO] Register zero_ops() for <class 'torch.nn.modules.container.Sequential'>.
[INFO] Register zero_ops() for <class 'torch.nn.modules.activation.ReLU'>.
[INFO] Register count_avgpool() for <class 'torch.nn.modules.pooling.AvgPool2d'>.
[INFO] Register count_upsample() for <class 'torch.nn.modules.upsampling.Upsample'>.
[INFO] Register count_linear() for <class 'torch.nn.modules.linear.Linear'>.
[INFO] Register count_normalization() for <class 'torch.nn.modules.batchnorm.BatchNorm1d'>.
[INFO] Register count_softmax() for <class 'torch.nn.modules.activation.Softmax'>.
[INFO] Register count_adap_avgpool() for <class 'torch.nn.modules.pooling.AdaptiveAvgPool2d'>.
FLOPs: 8.9319008 billion
Parameters: 0.314148 million
Latency: 24.33 ms
MACs: 4.4659504 billion
DEBUG OBJECTIVES: -13.039420720462296 8.9319008 -1135.628173828125
Using downloaded and verified file: /home/nisha/.medmnist/breastmnist.npz
Using downloaded and verified file: /home/nisha/.medmnist/breastmnist.npz
Using downloaded and verified file: /home/nisha/.medmnist/breastmnist.npz
[INFO] Register count_convNd() for <class 'torch.nn.modules.conv.Conv2d'>.
[INFO] Register count_normalization() for <class 'torch.nn.modules.batchnorm.BatchNorm2d'>.
[INFO] Register zero_ops() for <class 'torch.nn.modules.container.Sequential'>.
[INFO] Register zero_ops() for <class 'torch.nn.modules.activation.ReLU'>.
[INFO] Register count_softmax() for <class 'torch.nn.modules.activation.Softmax'>.
[INFO] Register count_linear() for <class 'torch.nn.modules.linear.Linear'>.
[INFO] Register count_adap_avgpool() for <class 'torch.nn.modules.pooling.AdaptiveAvgPool2d'>.
[INFO] Register zero_ops() for <class 'torch.nn.modules.pooling.MaxPool2d'>.
[INFO] Register count_avgpool() for <class 'torch.nn.modules.pooling.AvgPool2d'>.
FLOPs: 6.280217232 billion
Parameters: 0.124665 million
Latency: 21.26 ms
MACs: 3.140108616 billion
DEBUG OBJECTIVES: -7.557010948981874 6.280217232 -943.6792602539062
Using downloaded and verified file: /home/nisha/.medmnist/breastmnist.npz
Using downloaded and verified file: /home/nisha/.medmnist/breastmnist.npz
Using downloaded and verified file: /home/nisha/.medmnist/breastmnist.npz
[INFO] Register count_convNd() for <class 'torch.nn.modules.conv.Conv2d'>.
[INFO] Register count_normalization() for <class 'torch.nn.modules.batchnorm.BatchNorm2d'>.
[INFO] Register zero_ops() for <class 'torch.nn.modules.container.Sequential'>.
[INFO] Register zero_ops() for <class 'torch.nn.modules.activation.ReLU'>.
[INFO] Register count_avgpool() for <class 'torch.nn.modules.pooling.AvgPool2d'>.
[INFO] Register count_upsample() for <class 'torch.nn.modules.upsampling.Upsample'>.
[INFO] Register zero_ops() for <class 'torch.nn.modules.pooling.MaxPool2d'>.
[INFO] Register count_softmax() for <class 'torch.nn.modules.activation.Softmax'>.
[INFO] Register count_adap_avgpool() for <class 'torch.nn.modules.pooling.AdaptiveAvgPool2d'>.
[INFO] Register count_linear() for <class 'torch.nn.modules.linear.Linear'>.
[INFO] Register count_normalization() for <class 'torch.nn.modules.batchnorm.BatchNorm1d'>.
FLOPs: 15.2811344 billion
Parameters: 0.438514 million
Latency: 65.85 ms
MACs: 7.6405672 billion
DEBUG OBJECTIVES: -15.479955372213265 15.2811344 -1506.08447265625
Using downloaded and verified file: /home/nisha/.medmnist/breastmnist.npz
Using downloaded and verified file: /home/nisha/.medmnist/breastmnist.npz
Using downloaded and verified file: /home/nisha/.medmnist/breastmnist.npz
[INFO] Register count_convNd() for <class 'torch.nn.modules.conv.Conv2d'>.
[INFO] Register count_normalization() for <class 'torch.nn.modules.batchnorm.BatchNorm2d'>.
[INFO] Register zero_ops() for <class 'torch.nn.modules.container.Sequential'>.
[INFO] Register zero_ops() for <class 'torch.nn.modules.activation.ReLU'>.
[INFO] Register count_avgpool() for <class 'torch.nn.modules.pooling.AvgPool2d'>.
[INFO] Register count_softmax() for <class 'torch.nn.modules.activation.Softmax'>.
[INFO] Register count_adap_avgpool() for <class 'torch.nn.modules.pooling.AdaptiveAvgPool2d'>.
[INFO] Register count_linear() for <class 'torch.nn.modules.linear.Linear'>.
[INFO] Register count_normalization() for <class 'torch.nn.modules.batchnorm.BatchNorm1d'>.
FLOPs: 3.975984608 billion
Parameters: 0.095018 million
Latency: 15.59 ms
MACs: 1.987992304 billion
DEBUG OBJECTIVES: -5.874165846736851 3.975984608 -555.8096313476562
Using downloaded and verified file: /home/nisha/.medmnist/breastmnist.npz
Using downloaded and verified file: /home/nisha/.medmnist/breastmnist.npz
Using downloaded and verified file: /home/nisha/.medmnist/breastmnist.npz
[INFO] Register count_convNd() for <class 'torch.nn.modules.conv.Conv2d'>.
[INFO] Register count_normalization() for <class 'torch.nn.modules.batchnorm.BatchNorm2d'>.
[INFO] Register zero_ops() for <class 'torch.nn.modules.container.Sequential'>.
[INFO] Register zero_ops() for <class 'torch.nn.modules.activation.ReLU'>.
[INFO] Register count_avgpool() for <class 'torch.nn.modules.pooling.AvgPool2d'>.
[INFO] Register count_upsample() for <class 'torch.nn.modules.upsampling.Upsample'>.
[INFO] Register count_adap_avgpool() for <class 'torch.nn.modules.pooling.AdaptiveAvgPool2d'>.
[INFO] Register count_linear() for <class 'torch.nn.modules.linear.Linear'>.
[INFO] Register count_softmax() for <class 'torch.nn.modules.activation.Softmax'>.
[INFO] Register count_normalization() for <class 'torch.nn.modules.batchnorm.BatchNorm1d'>.
FLOPs: 5.763689216 billion
Parameters: 0.195186 million
Latency: 14.87 ms
MACs: 2.881844608 billion
DEBUG OBJECTIVES: -7.965466208915325 5.763689216 -639.1392211914062
Using downloaded and verified file: /home/nisha/.medmnist/breastmnist.npz
Using downloaded and verified file: /home/nisha/.medmnist/breastmnist.npz
Using downloaded and verified file: /home/nisha/.medmnist/breastmnist.npz
[INFO] Register count_convNd() for <class 'torch.nn.modules.conv.Conv2d'>.
[INFO] Register count_normalization() for <class 'torch.nn.modules.batchnorm.BatchNorm2d'>.
[INFO] Register zero_ops() for <class 'torch.nn.modules.container.Sequential'>.
[INFO] Register zero_ops() for <class 'torch.nn.modules.activation.ReLU'>.
[INFO] Register count_avgpool() for <class 'torch.nn.modules.pooling.AvgPool2d'>.
[INFO] Register count_upsample() for <class 'torch.nn.modules.upsampling.Upsample'>.
[INFO] Register zero_ops() for <class 'torch.nn.modules.pooling.MaxPool2d'>.
[INFO] Register count_softmax() for <class 'torch.nn.modules.activation.Softmax'>.
[INFO] Register count_adap_avgpool() for <class 'torch.nn.modules.pooling.AdaptiveAvgPool2d'>.
[INFO] Register count_linear() for <class 'torch.nn.modules.linear.Linear'>.
[INFO] Register count_normalization() for <class 'torch.nn.modules.batchnorm.BatchNorm1d'>.
FLOPs: 12.031073408 billion
Parameters: 0.285602 million
Latency: 63.37 ms
MACs: 6.015536704 billion
DEBUG OBJECTIVES: -12.406056461328792 12.031073408 -1405.8984375
Using downloaded and verified file: /home/nisha/.medmnist/breastmnist.npz
Using downloaded and verified file: /home/nisha/.medmnist/breastmnist.npz
Using downloaded and verified file: /home/nisha/.medmnist/breastmnist.npz
[INFO] Register count_convNd() for <class 'torch.nn.modules.conv.Conv2d'>.
[INFO] Register count_normalization() for <class 'torch.nn.modules.batchnorm.BatchNorm2d'>.
[INFO] Register zero_ops() for <class 'torch.nn.modules.container.Sequential'>.
[INFO] Register zero_ops() for <class 'torch.nn.modules.activation.ReLU'>.
[INFO] Register count_avgpool() for <class 'torch.nn.modules.pooling.AvgPool2d'>.
[INFO] Register count_upsample() for <class 'torch.nn.modules.upsampling.Upsample'>.
[INFO] Register zero_ops() for <class 'torch.nn.modules.pooling.MaxPool2d'>.
[INFO] Register count_adap_avgpool() for <class 'torch.nn.modules.pooling.AdaptiveAvgPool2d'>.
[INFO] Register count_linear() for <class 'torch.nn.modules.linear.Linear'>.
[INFO] Register count_normalization() for <class 'torch.nn.modules.batchnorm.BatchNorm1d'>.
[INFO] Register count_softmax() for <class 'torch.nn.modules.activation.Softmax'>.
FLOPs: 15.941646848 billion
Parameters: 0.377563 million
Latency: 32.19 ms
MACs: 7.970823424 billion
DEBUG OBJECTIVES: -12.04982731011228 15.941646848 -1353.3077392578125
Using downloaded and verified file: /home/nisha/.medmnist/breastmnist.npz
Using downloaded and verified file: /home/nisha/.medmnist/breastmnist.npz
Using downloaded and verified file: /home/nisha/.medmnist/breastmnist.npz
[INFO] Register count_convNd() for <class 'torch.nn.modules.conv.Conv2d'>.
[INFO] Register count_normalization() for <class 'torch.nn.modules.batchnorm.BatchNorm2d'>.
[INFO] Register zero_ops() for <class 'torch.nn.modules.container.Sequential'>.
[INFO] Register zero_ops() for <class 'torch.nn.modules.activation.ReLU'>.
[INFO] Register zero_ops() for <class 'torch.nn.modules.pooling.MaxPool2d'>.
[INFO] Register count_softmax() for <class 'torch.nn.modules.activation.Softmax'>.
[INFO] Register count_linear() for <class 'torch.nn.modules.linear.Linear'>.
[INFO] Register count_normalization() for <class 'torch.nn.modules.batchnorm.BatchNorm1d'>.
[INFO] Register count_avgpool() for <class 'torch.nn.modules.pooling.AvgPool2d'>.
[INFO] Register count_upsample() for <class 'torch.nn.modules.upsampling.Upsample'>.
[INFO] Register count_adap_avgpool() for <class 'torch.nn.modules.pooling.AdaptiveAvgPool2d'>.
FLOPs: 18.477461392 billion
Parameters: 0.469094 million
Latency: 36.59 ms
MACs: 9.238730696 billion
DEBUG OBJECTIVES: -13.250938633649554 18.477461392 -1664.9530029296875
Using downloaded and verified file: /home/nisha/.medmnist/breastmnist.npz
Using downloaded and verified file: /home/nisha/.medmnist/breastmnist.npz
Using downloaded and verified file: /home/nisha/.medmnist/breastmnist.npz
[INFO] Register count_convNd() for <class 'torch.nn.modules.conv.Conv2d'>.
[INFO] Register count_normalization() for <class 'torch.nn.modules.batchnorm.BatchNorm2d'>.
[INFO] Register zero_ops() for <class 'torch.nn.modules.container.Sequential'>.
[INFO] Register zero_ops() for <class 'torch.nn.modules.activation.ReLU'>.
[INFO] Register count_avgpool() for <class 'torch.nn.modules.pooling.AvgPool2d'>.
[INFO] Register count_upsample() for <class 'torch.nn.modules.upsampling.Upsample'>.
[INFO] Register count_softmax() for <class 'torch.nn.modules.activation.Softmax'>.
[INFO] Register count_linear() for <class 'torch.nn.modules.linear.Linear'>.
[INFO] Register count_normalization() for <class 'torch.nn.modules.batchnorm.BatchNorm1d'>.
[INFO] Register count_adap_avgpool() for <class 'torch.nn.modules.pooling.AdaptiveAvgPool2d'>.
FLOPs: 9.552669088 billion
Parameters: 0.377576 million
Latency: 15.20 ms
MACs: 4.776334544 billion
DEBUG OBJECTIVES: -10.268517413373363 9.552669088 -681.5889282226562
Using downloaded and verified file: /home/nisha/.medmnist/breastmnist.npz
Using downloaded and verified file: /home/nisha/.medmnist/breastmnist.npz
Using downloaded and verified file: /home/nisha/.medmnist/breastmnist.npz
[INFO] Register count_convNd() for <class 'torch.nn.modules.conv.Conv2d'>.
[INFO] Register count_normalization() for <class 'torch.nn.modules.batchnorm.BatchNorm2d'>.
[INFO] Register zero_ops() for <class 'torch.nn.modules.container.Sequential'>.
[INFO] Register zero_ops() for <class 'torch.nn.modules.activation.ReLU'>.
[INFO] Register count_avgpool() for <class 'torch.nn.modules.pooling.AvgPool2d'>.
[INFO] Register count_upsample() for <class 'torch.nn.modules.upsampling.Upsample'>.
[INFO] Register count_softmax() for <class 'torch.nn.modules.activation.Softmax'>.
[INFO] Register count_linear() for <class 'torch.nn.modules.linear.Linear'>.
[INFO] Register zero_ops() for <class 'torch.nn.modules.pooling.MaxPool2d'>.
[INFO] Register count_adap_avgpool() for <class 'torch.nn.modules.pooling.AdaptiveAvgPool2d'>.
[INFO] Register count_normalization() for <class 'torch.nn.modules.batchnorm.BatchNorm1d'>.
FLOPs: 27.10595384 billion
Parameters: 0.783252 million
Latency: 32.94 ms
MACs: 13.55297692 billion
DEBUG OBJECTIVES: -15.109408209642758 27.10595384 -1522.96044921875
Using downloaded and verified file: /home/nisha/.medmnist/breastmnist.npz
Using downloaded and verified file: /home/nisha/.medmnist/breastmnist.npz
Using downloaded and verified file: /home/nisha/.medmnist/breastmnist.npz
[INFO] Register count_convNd() for <class 'torch.nn.modules.conv.Conv2d'>.
[INFO] Register count_normalization() for <class 'torch.nn.modules.batchnorm.BatchNorm2d'>.
[INFO] Register zero_ops() for <class 'torch.nn.modules.container.Sequential'>.
[INFO] Register zero_ops() for <class 'torch.nn.modules.activation.ReLU'>.
[INFO] Register count_avgpool() for <class 'torch.nn.modules.pooling.AvgPool2d'>.
[INFO] Register count_upsample() for <class 'torch.nn.modules.upsampling.Upsample'>.
[INFO] Register count_linear() for <class 'torch.nn.modules.linear.Linear'>.
[INFO] Register count_softmax() for <class 'torch.nn.modules.activation.Softmax'>.
[INFO] Register count_adap_avgpool() for <class 'torch.nn.modules.pooling.AdaptiveAvgPool2d'>.
[INFO] Register count_normalization() for <class 'torch.nn.modules.batchnorm.BatchNorm1d'>.
FLOPs: 5.589621856 billion
Parameters: 0.210296 million
Latency: 17.56 ms
MACs: 2.794810928 billion
DEBUG OBJECTIVES: -5.80904501223499 5.589621856 -584.7578735351562
Using downloaded and verified file: /home/nisha/.medmnist/breastmnist.npz
Using downloaded and verified file: /home/nisha/.medmnist/breastmnist.npz
Using downloaded and verified file: /home/nisha/.medmnist/breastmnist.npz
[INFO] Register count_convNd() for <class 'torch.nn.modules.conv.Conv2d'>.
[INFO] Register count_normalization() for <class 'torch.nn.modules.batchnorm.BatchNorm2d'>.
[INFO] Register zero_ops() for <class 'torch.nn.modules.container.Sequential'>.
[INFO] Register zero_ops() for <class 'torch.nn.modules.activation.ReLU'>.
[INFO] Register count_avgpool() for <class 'torch.nn.modules.pooling.AvgPool2d'>.
[INFO] Register count_adap_avgpool() for <class 'torch.nn.modules.pooling.AdaptiveAvgPool2d'>.
[INFO] Register count_linear() for <class 'torch.nn.modules.linear.Linear'>.
FLOPs: 3.346345088 billion
Parameters: 0.09701 million
Latency: 11.71 ms
MACs: 1.673172544 billion
DEBUG OBJECTIVES: -6.4216623720245725 3.346345088 -538.937255859375
Using downloaded and verified file: /home/nisha/.medmnist/breastmnist.npz
Using downloaded and verified file: /home/nisha/.medmnist/breastmnist.npz
Using downloaded and verified file: /home/nisha/.medmnist/breastmnist.npz
[INFO] Register count_convNd() for <class 'torch.nn.modules.conv.Conv2d'>.
[INFO] Register count_normalization() for <class 'torch.nn.modules.batchnorm.BatchNorm2d'>.
[INFO] Register zero_ops() for <class 'torch.nn.modules.container.Sequential'>.
[INFO] Register zero_ops() for <class 'torch.nn.modules.activation.ReLU'>.
[INFO] Register zero_ops() for <class 'torch.nn.modules.pooling.MaxPool2d'>.
[INFO] Register count_softmax() for <class 'torch.nn.modules.activation.Softmax'>.
[INFO] Register count_linear() for <class 'torch.nn.modules.linear.Linear'>.
[INFO] Register count_normalization() for <class 'torch.nn.modules.batchnorm.BatchNorm1d'>.
[INFO] Register count_avgpool() for <class 'torch.nn.modules.pooling.AvgPool2d'>.
[INFO] Register count_adap_avgpool() for <class 'torch.nn.modules.pooling.AdaptiveAvgPool2d'>.
FLOPs: 16.246797776 billion
Parameters: 0.368424 million
Latency: 68.28 ms
MACs: 8.123398888 billion
DEBUG OBJECTIVES: -16.372938062487915 16.246797776 -1048.53076171875
     5 |      100 |     20 |  0.0176572230 |         ideal
Using downloaded and verified file: /home/nisha/.medmnist/breastmnist.npz
Using downloaded and verified file: /home/nisha/.medmnist/breastmnist.npz
Using downloaded and verified file: /home/nisha/.medmnist/breastmnist.npz
[INFO] Register count_convNd() for <class 'torch.nn.modules.conv.Conv2d'>.
[INFO] Register count_normalization() for <class 'torch.nn.modules.batchnorm.BatchNorm2d'>.
[INFO] Register zero_ops() for <class 'torch.nn.modules.container.Sequential'>.
[INFO] Register zero_ops() for <class 'torch.nn.modules.activation.ReLU'>.
[INFO] Register zero_ops() for <class 'torch.nn.modules.pooling.MaxPool2d'>.
[INFO] Register count_softmax() for <class 'torch.nn.modules.activation.Softmax'>.
[INFO] Register count_linear() for <class 'torch.nn.modules.linear.Linear'>.
[INFO] Register count_normalization() for <class 'torch.nn.modules.batchnorm.BatchNorm1d'>.
[INFO] Register count_avgpool() for <class 'torch.nn.modules.pooling.AvgPool2d'>.
[INFO] Register count_adap_avgpool() for <class 'torch.nn.modules.pooling.AdaptiveAvgPool2d'>.
FLOPs: 14.3087348 billion
Parameters: 0.294856 million
Latency: 65.57 ms
MACs: 7.1543674 billion
DEBUG OBJECTIVES: -15.948096411456318 14.3087348 -1596.0108642578125
Using downloaded and verified file: /home/nisha/.medmnist/breastmnist.npz
Using downloaded and verified file: /home/nisha/.medmnist/breastmnist.npz
Using downloaded and verified file: /home/nisha/.medmnist/breastmnist.npz
[INFO] Register count_convNd() for <class 'torch.nn.modules.conv.Conv2d'>.
[INFO] Register count_normalization() for <class 'torch.nn.modules.batchnorm.BatchNorm2d'>.
[INFO] Register zero_ops() for <class 'torch.nn.modules.container.Sequential'>.
[INFO] Register zero_ops() for <class 'torch.nn.modules.activation.ReLU'>.
[INFO] Register zero_ops() for <class 'torch.nn.modules.pooling.MaxPool2d'>.
[INFO] Register count_avgpool() for <class 'torch.nn.modules.pooling.AvgPool2d'>.
[INFO] Register count_softmax() for <class 'torch.nn.modules.activation.Softmax'>.
[INFO] Register count_adap_avgpool() for <class 'torch.nn.modules.pooling.AdaptiveAvgPool2d'>.
[INFO] Register count_linear() for <class 'torch.nn.modules.linear.Linear'>.
[INFO] Register count_normalization() for <class 'torch.nn.modules.batchnorm.BatchNorm1d'>.
FLOPs: 5.375025344 billion
Parameters: 0.159938 million
Latency: 16.09 ms
MACs: 2.687512672 billion
DEBUG OBJECTIVES: -5.5865429238838695 5.375025344 -344.7235412597656
Using downloaded and verified file: /home/nisha/.medmnist/breastmnist.npz
Using downloaded and verified file: /home/nisha/.medmnist/breastmnist.npz
Using downloaded and verified file: /home/nisha/.medmnist/breastmnist.npz
[INFO] Register count_convNd() for <class 'torch.nn.modules.conv.Conv2d'>.
[INFO] Register count_normalization() for <class 'torch.nn.modules.batchnorm.BatchNorm2d'>.
[INFO] Register zero_ops() for <class 'torch.nn.modules.container.Sequential'>.
[INFO] Register zero_ops() for <class 'torch.nn.modules.activation.ReLU'>.
[INFO] Register count_avgpool() for <class 'torch.nn.modules.pooling.AvgPool2d'>.
[INFO] Register count_upsample() for <class 'torch.nn.modules.upsampling.Upsample'>.
[INFO] Register count_linear() for <class 'torch.nn.modules.linear.Linear'>.
[INFO] Register count_normalization() for <class 'torch.nn.modules.batchnorm.BatchNorm1d'>.
[INFO] Register count_adap_avgpool() for <class 'torch.nn.modules.pooling.AdaptiveAvgPool2d'>.
[INFO] Register count_softmax() for <class 'torch.nn.modules.activation.Softmax'>.
FLOPs: 16.528620032 billion
Parameters: 0.570968 million
Latency: 63.32 ms
MACs: 8.264310016 billion
DEBUG OBJECTIVES: -10.830811673754184 16.528620032 -1122.8216552734375
Using downloaded and verified file: /home/nisha/.medmnist/breastmnist.npz
Using downloaded and verified file: /home/nisha/.medmnist/breastmnist.npz
Using downloaded and verified file: /home/nisha/.medmnist/breastmnist.npz
[INFO] Register count_convNd() for <class 'torch.nn.modules.conv.Conv2d'>.
[INFO] Register count_normalization() for <class 'torch.nn.modules.batchnorm.BatchNorm2d'>.
[INFO] Register zero_ops() for <class 'torch.nn.modules.container.Sequential'>.
[INFO] Register zero_ops() for <class 'torch.nn.modules.activation.ReLU'>.
[INFO] Register count_softmax() for <class 'torch.nn.modules.activation.Softmax'>.
[INFO] Register count_linear() for <class 'torch.nn.modules.linear.Linear'>.
[INFO] Register count_adap_avgpool() for <class 'torch.nn.modules.pooling.AdaptiveAvgPool2d'>.
FLOPs: 8.821129872 billion
Parameters: 0.198073 million
Latency: 34.82 ms
MACs: 4.410564936 billion
DEBUG OBJECTIVES: -10.841634272194245 8.821129872 -964.4338989257812
Using downloaded and verified file: /home/nisha/.medmnist/breastmnist.npz
Using downloaded and verified file: /home/nisha/.medmnist/breastmnist.npz
Using downloaded and verified file: /home/nisha/.medmnist/breastmnist.npz
[INFO] Register count_convNd() for <class 'torch.nn.modules.conv.Conv2d'>.
[INFO] Register count_normalization() for <class 'torch.nn.modules.batchnorm.BatchNorm2d'>.
[INFO] Register zero_ops() for <class 'torch.nn.modules.container.Sequential'>.
[INFO] Register zero_ops() for <class 'torch.nn.modules.activation.ReLU'>.
[INFO] Register count_avgpool() for <class 'torch.nn.modules.pooling.AvgPool2d'>.
[INFO] Register count_upsample() for <class 'torch.nn.modules.upsampling.Upsample'>.
[INFO] Register zero_ops() for <class 'torch.nn.modules.pooling.MaxPool2d'>.
[INFO] Register count_adap_avgpool() for <class 'torch.nn.modules.pooling.AdaptiveAvgPool2d'>.
[INFO] Register count_linear() for <class 'torch.nn.modules.linear.Linear'>.
[INFO] Register count_normalization() for <class 'torch.nn.modules.batchnorm.BatchNorm1d'>.
[INFO] Register count_softmax() for <class 'torch.nn.modules.activation.Softmax'>.
FLOPs: 18.054163904 billion
Parameters: 0.511389 million
Latency: 27.60 ms
MACs: 9.027081952 billion
DEBUG OBJECTIVES: -11.184904120253934 18.054163904 -1231.833251953125
Using downloaded and verified file: /home/nisha/.medmnist/breastmnist.npz
Using downloaded and verified file: /home/nisha/.medmnist/breastmnist.npz
Using downloaded and verified file: /home/nisha/.medmnist/breastmnist.npz
[INFO] Register count_convNd() for <class 'torch.nn.modules.conv.Conv2d'>.
[INFO] Register count_normalization() for <class 'torch.nn.modules.batchnorm.BatchNorm2d'>.
[INFO] Register zero_ops() for <class 'torch.nn.modules.container.Sequential'>.
[INFO] Register zero_ops() for <class 'torch.nn.modules.activation.ReLU'>.
[INFO] Register count_avgpool() for <class 'torch.nn.modules.pooling.AvgPool2d'>.
[INFO] Register count_upsample() for <class 'torch.nn.modules.upsampling.Upsample'>.
[INFO] Register count_adap_avgpool() for <class 'torch.nn.modules.pooling.AdaptiveAvgPool2d'>.
[INFO] Register count_linear() for <class 'torch.nn.modules.linear.Linear'>.
[INFO] Register count_normalization() for <class 'torch.nn.modules.batchnorm.BatchNorm1d'>.
[INFO] Register count_softmax() for <class 'torch.nn.modules.activation.Softmax'>.
FLOPs: 4.7536632 billion
Parameters: 0.172404 million
Latency: 22.52 ms
MACs: 2.3768316 billion
DEBUG OBJECTIVES: -8.69693200207895 4.7536632 -665.3798828125
Using downloaded and verified file: /home/nisha/.medmnist/breastmnist.npz
Using downloaded and verified file: /home/nisha/.medmnist/breastmnist.npz
Using downloaded and verified file: /home/nisha/.medmnist/breastmnist.npz
[INFO] Register count_convNd() for <class 'torch.nn.modules.conv.Conv2d'>.
[INFO] Register count_normalization() for <class 'torch.nn.modules.batchnorm.BatchNorm2d'>.
[INFO] Register zero_ops() for <class 'torch.nn.modules.container.Sequential'>.
[INFO] Register zero_ops() for <class 'torch.nn.modules.activation.ReLU'>.
[INFO] Register count_softmax() for <class 'torch.nn.modules.activation.Softmax'>.
[INFO] Register count_linear() for <class 'torch.nn.modules.linear.Linear'>.
[INFO] Register zero_ops() for <class 'torch.nn.modules.pooling.MaxPool2d'>.
[INFO] Register count_avgpool() for <class 'torch.nn.modules.pooling.AvgPool2d'>.
[INFO] Register count_upsample() for <class 'torch.nn.modules.upsampling.Upsample'>.
[INFO] Register count_adap_avgpool() for <class 'torch.nn.modules.pooling.AdaptiveAvgPool2d'>.
[INFO] Register count_normalization() for <class 'torch.nn.modules.batchnorm.BatchNorm1d'>.
FLOPs: 14.789570384 billion
Parameters: 0.305118 million
Latency: 20.29 ms
MACs: 7.394785192 billion
DEBUG OBJECTIVES: -8.445032268800912 14.789570384 -903.930419921875
Using downloaded and verified file: /home/nisha/.medmnist/breastmnist.npz
Using downloaded and verified file: /home/nisha/.medmnist/breastmnist.npz
Using downloaded and verified file: /home/nisha/.medmnist/breastmnist.npz
[INFO] Register count_convNd() for <class 'torch.nn.modules.conv.Conv2d'>.
[INFO] Register count_normalization() for <class 'torch.nn.modules.batchnorm.BatchNorm2d'>.
[INFO] Register zero_ops() for <class 'torch.nn.modules.container.Sequential'>.
[INFO] Register zero_ops() for <class 'torch.nn.modules.activation.ReLU'>.
[INFO] Register count_avgpool() for <class 'torch.nn.modules.pooling.AvgPool2d'>.
[INFO] Register count_upsample() for <class 'torch.nn.modules.upsampling.Upsample'>.
[INFO] Register count_softmax() for <class 'torch.nn.modules.activation.Softmax'>.
[INFO] Register count_linear() for <class 'torch.nn.modules.linear.Linear'>.
[INFO] Register zero_ops() for <class 'torch.nn.modules.pooling.MaxPool2d'>.
[INFO] Register count_normalization() for <class 'torch.nn.modules.batchnorm.BatchNorm1d'>.
[INFO] Register count_adap_avgpool() for <class 'torch.nn.modules.pooling.AdaptiveAvgPool2d'>.
FLOPs: 26.533018288 billion
Parameters: 0.764816 million
Latency: 37.09 ms
MACs: 13.266509144 billion
DEBUG OBJECTIVES: -14.718381287836761 26.533018288 -1659.9088134765625
Using downloaded and verified file: /home/nisha/.medmnist/breastmnist.npz
Using downloaded and verified file: /home/nisha/.medmnist/breastmnist.npz
Using downloaded and verified file: /home/nisha/.medmnist/breastmnist.npz
[INFO] Register count_convNd() for <class 'torch.nn.modules.conv.Conv2d'>.
[INFO] Register count_normalization() for <class 'torch.nn.modules.batchnorm.BatchNorm2d'>.
[INFO] Register zero_ops() for <class 'torch.nn.modules.container.Sequential'>.
[INFO] Register zero_ops() for <class 'torch.nn.modules.activation.ReLU'>.
[INFO] Register count_avgpool() for <class 'torch.nn.modules.pooling.AvgPool2d'>.
[INFO] Register count_linear() for <class 'torch.nn.modules.linear.Linear'>.
[INFO] Register count_normalization() for <class 'torch.nn.modules.batchnorm.BatchNorm1d'>.
[INFO] Register count_softmax() for <class 'torch.nn.modules.activation.Softmax'>.
[INFO] Register count_adap_avgpool() for <class 'torch.nn.modules.pooling.AdaptiveAvgPool2d'>.
FLOPs: 4.150126944 billion
Parameters: 0.10386 million
Latency: 17.37 ms
MACs: 2.075063472 billion
DEBUG OBJECTIVES: -6.894225461015034 4.150126944 -633.49853515625
Using downloaded and verified file: /home/nisha/.medmnist/breastmnist.npz
Using downloaded and verified file: /home/nisha/.medmnist/breastmnist.npz
Using downloaded and verified file: /home/nisha/.medmnist/breastmnist.npz
[INFO] Register count_convNd() for <class 'torch.nn.modules.conv.Conv2d'>.
[INFO] Register count_normalization() for <class 'torch.nn.modules.batchnorm.BatchNorm2d'>.
[INFO] Register zero_ops() for <class 'torch.nn.modules.container.Sequential'>.
[INFO] Register zero_ops() for <class 'torch.nn.modules.activation.ReLU'>.
[INFO] Register count_softmax() for <class 'torch.nn.modules.activation.Softmax'>.
[INFO] Register count_adap_avgpool() for <class 'torch.nn.modules.pooling.AdaptiveAvgPool2d'>.
[INFO] Register count_linear() for <class 'torch.nn.modules.linear.Linear'>.
[INFO] Register count_normalization() for <class 'torch.nn.modules.batchnorm.BatchNorm1d'>.
FLOPs: 5.331295232 billion
Parameters: 0.164498 million
Latency: 15.87 ms
MACs: 2.665647616 billion
DEBUG OBJECTIVES: -5.786386471382033 5.331295232 -669.8169555664062
Using downloaded and verified file: /home/nisha/.medmnist/breastmnist.npz
Using downloaded and verified file: /home/nisha/.medmnist/breastmnist.npz
Using downloaded and verified file: /home/nisha/.medmnist/breastmnist.npz
[INFO] Register count_convNd() for <class 'torch.nn.modules.conv.Conv2d'>.
[INFO] Register count_normalization() for <class 'torch.nn.modules.batchnorm.BatchNorm2d'>.
[INFO] Register zero_ops() for <class 'torch.nn.modules.container.Sequential'>.
[INFO] Register zero_ops() for <class 'torch.nn.modules.activation.ReLU'>.
[INFO] Register count_avgpool() for <class 'torch.nn.modules.pooling.AvgPool2d'>.
[INFO] Register count_upsample() for <class 'torch.nn.modules.upsampling.Upsample'>.
[INFO] Register count_softmax() for <class 'torch.nn.modules.activation.Softmax'>.
[INFO] Register count_adap_avgpool() for <class 'torch.nn.modules.pooling.AdaptiveAvgPool2d'>.
[INFO] Register count_linear() for <class 'torch.nn.modules.linear.Linear'>.
[INFO] Register count_normalization() for <class 'torch.nn.modules.batchnorm.BatchNorm1d'>.
FLOPs: 7.565702432 billion
Parameters: 0.262216 million
Latency: 13.60 ms
MACs: 3.782851216 billion
DEBUG OBJECTIVES: -8.611095582236745 7.565702432 -603.1681518554688
Using downloaded and verified file: /home/nisha/.medmnist/breastmnist.npz
Using downloaded and verified file: /home/nisha/.medmnist/breastmnist.npz
Using downloaded and verified file: /home/nisha/.medmnist/breastmnist.npz
[INFO] Register count_convNd() for <class 'torch.nn.modules.conv.Conv2d'>.
[INFO] Register count_normalization() for <class 'torch.nn.modules.batchnorm.BatchNorm2d'>.
[INFO] Register zero_ops() for <class 'torch.nn.modules.container.Sequential'>.
[INFO] Register zero_ops() for <class 'torch.nn.modules.activation.ReLU'>.
[INFO] Register count_avgpool() for <class 'torch.nn.modules.pooling.AvgPool2d'>.
[INFO] Register count_upsample() for <class 'torch.nn.modules.upsampling.Upsample'>.
[INFO] Register zero_ops() for <class 'torch.nn.modules.pooling.MaxPool2d'>.
[INFO] Register count_softmax() for <class 'torch.nn.modules.activation.Softmax'>.
[INFO] Register count_adap_avgpool() for <class 'torch.nn.modules.pooling.AdaptiveAvgPool2d'>.
[INFO] Register count_linear() for <class 'torch.nn.modules.linear.Linear'>.
[INFO] Register count_normalization() for <class 'torch.nn.modules.batchnorm.BatchNorm1d'>.
FLOPs: 18.567935152 billion
Parameters: 0.56737 million
Latency: 69.63 ms
MACs: 9.283967576 billion
DEBUG OBJECTIVES: -13.247860936716032 18.567935152 -1450.2501220703125
Using downloaded and verified file: /home/nisha/.medmnist/breastmnist.npz
Using downloaded and verified file: /home/nisha/.medmnist/breastmnist.npz
Using downloaded and verified file: /home/nisha/.medmnist/breastmnist.npz
[INFO] Register count_convNd() for <class 'torch.nn.modules.conv.Conv2d'>.
[INFO] Register count_normalization() for <class 'torch.nn.modules.batchnorm.BatchNorm2d'>.
[INFO] Register zero_ops() for <class 'torch.nn.modules.container.Sequential'>.
[INFO] Register zero_ops() for <class 'torch.nn.modules.activation.ReLU'>.
[INFO] Register count_avgpool() for <class 'torch.nn.modules.pooling.AvgPool2d'>.
[INFO] Register count_softmax() for <class 'torch.nn.modules.activation.Softmax'>.
[INFO] Register count_adap_avgpool() for <class 'torch.nn.modules.pooling.AdaptiveAvgPool2d'>.
[INFO] Register count_linear() for <class 'torch.nn.modules.linear.Linear'>.
[INFO] Register count_normalization() for <class 'torch.nn.modules.batchnorm.BatchNorm1d'>.
FLOPs: 3.673777792 billion
Parameters: 0.09653 million
Latency: 12.63 ms
MACs: 1.836888896 billion
DEBUG OBJECTIVES: -6.389024857742022 3.673777792 -344.93212890625
Using downloaded and verified file: /home/nisha/.medmnist/breastmnist.npz
Using downloaded and verified file: /home/nisha/.medmnist/breastmnist.npz
Using downloaded and verified file: /home/nisha/.medmnist/breastmnist.npz
[INFO] Register count_convNd() for <class 'torch.nn.modules.conv.Conv2d'>.
[INFO] Register count_normalization() for <class 'torch.nn.modules.batchnorm.BatchNorm2d'>.
[INFO] Register zero_ops() for <class 'torch.nn.modules.container.Sequential'>.
[INFO] Register zero_ops() for <class 'torch.nn.modules.activation.ReLU'>.
[INFO] Register count_softmax() for <class 'torch.nn.modules.activation.Softmax'>.
[INFO] Register count_linear() for <class 'torch.nn.modules.linear.Linear'>.
[INFO] Register count_adap_avgpool() for <class 'torch.nn.modules.pooling.AdaptiveAvgPool2d'>.
[INFO] Register count_avgpool() for <class 'torch.nn.modules.pooling.AvgPool2d'>.
[INFO] Register count_normalization() for <class 'torch.nn.modules.batchnorm.BatchNorm1d'>.
FLOPs: 4.926892528 billion
Parameters: 0.083939 million
Latency: 34.15 ms
MACs: 2.463446264 billion
DEBUG OBJECTIVES: -7.959691072264594 4.926892528 -795.6103515625
Using downloaded and verified file: /home/nisha/.medmnist/breastmnist.npz
Using downloaded and verified file: /home/nisha/.medmnist/breastmnist.npz
Using downloaded and verified file: /home/nisha/.medmnist/breastmnist.npz
[INFO] Register count_convNd() for <class 'torch.nn.modules.conv.Conv2d'>.
[INFO] Register count_normalization() for <class 'torch.nn.modules.batchnorm.BatchNorm2d'>.
[INFO] Register zero_ops() for <class 'torch.nn.modules.container.Sequential'>.
[INFO] Register zero_ops() for <class 'torch.nn.modules.activation.ReLU'>.
[INFO] Register count_avgpool() for <class 'torch.nn.modules.pooling.AvgPool2d'>.
[INFO] Register count_upsample() for <class 'torch.nn.modules.upsampling.Upsample'>.
[INFO] Register count_softmax() for <class 'torch.nn.modules.activation.Softmax'>.
[INFO] Register count_linear() for <class 'torch.nn.modules.linear.Linear'>.
[INFO] Register zero_ops() for <class 'torch.nn.modules.pooling.MaxPool2d'>.
[INFO] Register count_adap_avgpool() for <class 'torch.nn.modules.pooling.AdaptiveAvgPool2d'>.
[INFO] Register count_normalization() for <class 'torch.nn.modules.batchnorm.BatchNorm1d'>.
FLOPs: 26.789972368 billion
Parameters: 0.769658 million
Latency: 34.50 ms
MACs: 13.394986184 billion
DEBUG OBJECTIVES: -13.635764684808441 26.789972368 -1550.9888916015625
Using downloaded and verified file: /home/nisha/.medmnist/breastmnist.npz
Using downloaded and verified file: /home/nisha/.medmnist/breastmnist.npz
Using downloaded and verified file: /home/nisha/.medmnist/breastmnist.npz
[INFO] Register count_convNd() for <class 'torch.nn.modules.conv.Conv2d'>.
[INFO] Register count_normalization() for <class 'torch.nn.modules.batchnorm.BatchNorm2d'>.
[INFO] Register zero_ops() for <class 'torch.nn.modules.container.Sequential'>.
[INFO] Register zero_ops() for <class 'torch.nn.modules.activation.ReLU'>.
[INFO] Register count_avgpool() for <class 'torch.nn.modules.pooling.AvgPool2d'>.
[INFO] Register count_linear() for <class 'torch.nn.modules.linear.Linear'>.
[INFO] Register count_normalization() for <class 'torch.nn.modules.batchnorm.BatchNorm1d'>.
[INFO] Register count_softmax() for <class 'torch.nn.modules.activation.Softmax'>.
[INFO] Register count_adap_avgpool() for <class 'torch.nn.modules.pooling.AdaptiveAvgPool2d'>.
FLOPs: 5.455281088 billion
Parameters: 0.128752 million
Latency: 17.79 ms
MACs: 2.727640544 billion
DEBUG OBJECTIVES: -7.823561923276419 5.455281088 -730.1961059570312
Using downloaded and verified file: /home/nisha/.medmnist/breastmnist.npz
Using downloaded and verified file: /home/nisha/.medmnist/breastmnist.npz
Using downloaded and verified file: /home/nisha/.medmnist/breastmnist.npz
[INFO] Register count_convNd() for <class 'torch.nn.modules.conv.Conv2d'>.
[INFO] Register count_normalization() for <class 'torch.nn.modules.batchnorm.BatchNorm2d'>.
[INFO] Register zero_ops() for <class 'torch.nn.modules.container.Sequential'>.
[INFO] Register zero_ops() for <class 'torch.nn.modules.activation.ReLU'>.
[INFO] Register zero_ops() for <class 'torch.nn.modules.pooling.MaxPool2d'>.
[INFO] Register count_softmax() for <class 'torch.nn.modules.activation.Softmax'>.
[INFO] Register count_linear() for <class 'torch.nn.modules.linear.Linear'>.
[INFO] Register count_normalization() for <class 'torch.nn.modules.batchnorm.BatchNorm1d'>.
[INFO] Register count_adap_avgpool() for <class 'torch.nn.modules.pooling.AdaptiveAvgPool2d'>.
[INFO] Register count_avgpool() for <class 'torch.nn.modules.pooling.AvgPool2d'>.
FLOPs: 10.491013136 billion
Parameters: 0.310197 million
Latency: 54.57 ms
MACs: 5.245506568 billion
DEBUG OBJECTIVES: -17.41799348742724 10.491013136 -1705.5640869140625
Using downloaded and verified file: /home/nisha/.medmnist/breastmnist.npz
Using downloaded and verified file: /home/nisha/.medmnist/breastmnist.npz
Using downloaded and verified file: /home/nisha/.medmnist/breastmnist.npz
[INFO] Register count_convNd() for <class 'torch.nn.modules.conv.Conv2d'>.
[INFO] Register count_normalization() for <class 'torch.nn.modules.batchnorm.BatchNorm2d'>.
[INFO] Register zero_ops() for <class 'torch.nn.modules.container.Sequential'>.
[INFO] Register zero_ops() for <class 'torch.nn.modules.activation.ReLU'>.
[INFO] Register count_avgpool() for <class 'torch.nn.modules.pooling.AvgPool2d'>.
[INFO] Register count_upsample() for <class 'torch.nn.modules.upsampling.Upsample'>.
[INFO] Register zero_ops() for <class 'torch.nn.modules.pooling.MaxPool2d'>.
[INFO] Register count_softmax() for <class 'torch.nn.modules.activation.Softmax'>.
[INFO] Register count_adap_avgpool() for <class 'torch.nn.modules.pooling.AdaptiveAvgPool2d'>.
[INFO] Register count_linear() for <class 'torch.nn.modules.linear.Linear'>.
[INFO] Register count_normalization() for <class 'torch.nn.modules.batchnorm.BatchNorm1d'>.
FLOPs: 11.593982944 billion
Parameters: 0.281256 million
Latency: 65.18 ms
MACs: 5.796991472 billion
DEBUG OBJECTIVES: -13.220786396650496 11.593982944 -1373.8504638671875
Using downloaded and verified file: /home/nisha/.medmnist/breastmnist.npz
Using downloaded and verified file: /home/nisha/.medmnist/breastmnist.npz
Using downloaded and verified file: /home/nisha/.medmnist/breastmnist.npz
[INFO] Register count_convNd() for <class 'torch.nn.modules.conv.Conv2d'>.
[INFO] Register count_normalization() for <class 'torch.nn.modules.batchnorm.BatchNorm2d'>.
[INFO] Register zero_ops() for <class 'torch.nn.modules.container.Sequential'>.
[INFO] Register zero_ops() for <class 'torch.nn.modules.activation.ReLU'>.
[INFO] Register count_avgpool() for <class 'torch.nn.modules.pooling.AvgPool2d'>.
[INFO] Register count_upsample() for <class 'torch.nn.modules.upsampling.Upsample'>.
[INFO] Register count_softmax() for <class 'torch.nn.modules.activation.Softmax'>.
[INFO] Register count_linear() for <class 'torch.nn.modules.linear.Linear'>.
[INFO] Register count_adap_avgpool() for <class 'torch.nn.modules.pooling.AdaptiveAvgPool2d'>.
[INFO] Register count_normalization() for <class 'torch.nn.modules.batchnorm.BatchNorm1d'>.
FLOPs: 18.639754736 billion
Parameters: 0.554035 million
Latency: 65.35 ms
MACs: 9.319877368 billion
DEBUG OBJECTIVES: -13.805246614045641 18.639754736 -1217.7442626953125
Using downloaded and verified file: /home/nisha/.medmnist/breastmnist.npz
Using downloaded and verified file: /home/nisha/.medmnist/breastmnist.npz
Using downloaded and verified file: /home/nisha/.medmnist/breastmnist.npz
[INFO] Register count_convNd() for <class 'torch.nn.modules.conv.Conv2d'>.
[INFO] Register count_normalization() for <class 'torch.nn.modules.batchnorm.BatchNorm2d'>.
[INFO] Register zero_ops() for <class 'torch.nn.modules.container.Sequential'>.
[INFO] Register zero_ops() for <class 'torch.nn.modules.activation.ReLU'>.
[INFO] Register count_avgpool() for <class 'torch.nn.modules.pooling.AvgPool2d'>.
[INFO] Register count_upsample() for <class 'torch.nn.modules.upsampling.Upsample'>.
[INFO] Register zero_ops() for <class 'torch.nn.modules.pooling.MaxPool2d'>.
[INFO] Register count_adap_avgpool() for <class 'torch.nn.modules.pooling.AdaptiveAvgPool2d'>.
[INFO] Register count_linear() for <class 'torch.nn.modules.linear.Linear'>.
[INFO] Register count_normalization() for <class 'torch.nn.modules.batchnorm.BatchNorm1d'>.
[INFO] Register count_softmax() for <class 'torch.nn.modules.activation.Softmax'>.
FLOPs: 15.473905664 billion
Parameters: 0.421275 million
Latency: 27.67 ms
MACs: 7.736952832 billion
DEBUG OBJECTIVES: -9.3711830169799 15.473905664 -1171.845703125
     6 |      120 |     16 |  0.0345155215 |         ideal
Using downloaded and verified file: /home/nisha/.medmnist/breastmnist.npz
Using downloaded and verified file: /home/nisha/.medmnist/breastmnist.npz
Using downloaded and verified file: /home/nisha/.medmnist/breastmnist.npz
[INFO] Register count_convNd() for <class 'torch.nn.modules.conv.Conv2d'>.
[INFO] Register count_normalization() for <class 'torch.nn.modules.batchnorm.BatchNorm2d'>.
[INFO] Register zero_ops() for <class 'torch.nn.modules.container.Sequential'>.
[INFO] Register zero_ops() for <class 'torch.nn.modules.activation.ReLU'>.
[INFO] Register count_softmax() for <class 'torch.nn.modules.activation.Softmax'>.
[INFO] Register count_linear() for <class 'torch.nn.modules.linear.Linear'>.
[INFO] Register count_adap_avgpool() for <class 'torch.nn.modules.pooling.AdaptiveAvgPool2d'>.
[INFO] Register count_avgpool() for <class 'torch.nn.modules.pooling.AvgPool2d'>.
[INFO] Register count_normalization() for <class 'torch.nn.modules.batchnorm.BatchNorm1d'>.
FLOPs: 5.965215728 billion
Parameters: 0.112979 million
Latency: 20.46 ms
MACs: 2.982607864 billion
DEBUG OBJECTIVES: -8.096735550854994 5.965215728 -855.0955810546875
Using downloaded and verified file: /home/nisha/.medmnist/breastmnist.npz
Using downloaded and verified file: /home/nisha/.medmnist/breastmnist.npz
Using downloaded and verified file: /home/nisha/.medmnist/breastmnist.npz
[INFO] Register count_convNd() for <class 'torch.nn.modules.conv.Conv2d'>.
[INFO] Register count_normalization() for <class 'torch.nn.modules.batchnorm.BatchNorm2d'>.
[INFO] Register zero_ops() for <class 'torch.nn.modules.container.Sequential'>.
[INFO] Register zero_ops() for <class 'torch.nn.modules.activation.ReLU'>.
[INFO] Register count_avgpool() for <class 'torch.nn.modules.pooling.AvgPool2d'>.
[INFO] Register count_upsample() for <class 'torch.nn.modules.upsampling.Upsample'>.
[INFO] Register count_adap_avgpool() for <class 'torch.nn.modules.pooling.AdaptiveAvgPool2d'>.
[INFO] Register count_linear() for <class 'torch.nn.modules.linear.Linear'>.
[INFO] Register count_normalization() for <class 'torch.nn.modules.batchnorm.BatchNorm1d'>.
[INFO] Register count_softmax() for <class 'torch.nn.modules.activation.Softmax'>.
FLOPs: 6.540860832 billion
Parameters: 0.258536 million
Latency: 28.47 ms
MACs: 3.270430416 billion
DEBUG OBJECTIVES: -6.226428612081021 6.540860832 -650.0494995117188
Using downloaded and verified file: /home/nisha/.medmnist/breastmnist.npz
Using downloaded and verified file: /home/nisha/.medmnist/breastmnist.npz
Using downloaded and verified file: /home/nisha/.medmnist/breastmnist.npz
[INFO] Register count_convNd() for <class 'torch.nn.modules.conv.Conv2d'>.
[INFO] Register count_normalization() for <class 'torch.nn.modules.batchnorm.BatchNorm2d'>.
[INFO] Register zero_ops() for <class 'torch.nn.modules.container.Sequential'>.
[INFO] Register zero_ops() for <class 'torch.nn.modules.activation.ReLU'>.
[INFO] Register count_avgpool() for <class 'torch.nn.modules.pooling.AvgPool2d'>.
[INFO] Register count_upsample() for <class 'torch.nn.modules.upsampling.Upsample'>.
[INFO] Register count_softmax() for <class 'torch.nn.modules.activation.Softmax'>.
[INFO] Register count_linear() for <class 'torch.nn.modules.linear.Linear'>.
[INFO] Register zero_ops() for <class 'torch.nn.modules.pooling.MaxPool2d'>.
[INFO] Register count_adap_avgpool() for <class 'torch.nn.modules.pooling.AdaptiveAvgPool2d'>.
[INFO] Register count_normalization() for <class 'torch.nn.modules.batchnorm.BatchNorm1d'>.
FLOPs: 27.10595384 billion
Parameters: 0.783252 million
Latency: 33.51 ms
MACs: 13.55297692 billion
DEBUG OBJECTIVES: -15.15827022995893 27.10595384 -1597.7230224609375
Using downloaded and verified file: /home/nisha/.medmnist/breastmnist.npz
Using downloaded and verified file: /home/nisha/.medmnist/breastmnist.npz
Using downloaded and verified file: /home/nisha/.medmnist/breastmnist.npz
[INFO] Register count_convNd() for <class 'torch.nn.modules.conv.Conv2d'>.
[INFO] Register count_normalization() for <class 'torch.nn.modules.batchnorm.BatchNorm2d'>.
[INFO] Register zero_ops() for <class 'torch.nn.modules.container.Sequential'>.
[INFO] Register zero_ops() for <class 'torch.nn.modules.activation.ReLU'>.
[INFO] Register count_avgpool() for <class 'torch.nn.modules.pooling.AvgPool2d'>.
[INFO] Register count_softmax() for <class 'torch.nn.modules.activation.Softmax'>.
[INFO] Register count_adap_avgpool() for <class 'torch.nn.modules.pooling.AdaptiveAvgPool2d'>.
[INFO] Register count_linear() for <class 'torch.nn.modules.linear.Linear'>.
[INFO] Register count_normalization() for <class 'torch.nn.modules.batchnorm.BatchNorm1d'>.
FLOPs: 3.786172032 billion
Parameters: 0.101842 million
Latency: 12.81 ms
MACs: 1.893086016 billion
DEBUG OBJECTIVES: -7.064170792648847 3.786172032 -632.9210205078125
Using downloaded and verified file: /home/nisha/.medmnist/breastmnist.npz
Using downloaded and verified file: /home/nisha/.medmnist/breastmnist.npz
Using downloaded and verified file: /home/nisha/.medmnist/breastmnist.npz
[INFO] Register count_convNd() for <class 'torch.nn.modules.conv.Conv2d'>.
[INFO] Register count_normalization() for <class 'torch.nn.modules.batchnorm.BatchNorm2d'>.
[INFO] Register zero_ops() for <class 'torch.nn.modules.container.Sequential'>.
[INFO] Register zero_ops() for <class 'torch.nn.modules.activation.ReLU'>.
[INFO] Register zero_ops() for <class 'torch.nn.modules.pooling.MaxPool2d'>.
[INFO] Register count_softmax() for <class 'torch.nn.modules.activation.Softmax'>.
[INFO] Register count_adap_avgpool() for <class 'torch.nn.modules.pooling.AdaptiveAvgPool2d'>.
[INFO] Register count_linear() for <class 'torch.nn.modules.linear.Linear'>.
[INFO] Register count_normalization() for <class 'torch.nn.modules.batchnorm.BatchNorm1d'>.
FLOPs: 5.991237088 billion
Parameters: 0.172298 million
Latency: 15.84 ms
MACs: 2.995618544 billion
DEBUG OBJECTIVES: -7.283366641938903 5.991237088 -671.4915771484375
Using downloaded and verified file: /home/nisha/.medmnist/breastmnist.npz
Using downloaded and verified file: /home/nisha/.medmnist/breastmnist.npz
Using downloaded and verified file: /home/nisha/.medmnist/breastmnist.npz
[INFO] Register count_convNd() for <class 'torch.nn.modules.conv.Conv2d'>.
[INFO] Register count_normalization() for <class 'torch.nn.modules.batchnorm.BatchNorm2d'>.
[INFO] Register zero_ops() for <class 'torch.nn.modules.container.Sequential'>.
[INFO] Register zero_ops() for <class 'torch.nn.modules.activation.ReLU'>.
[INFO] Register count_avgpool() for <class 'torch.nn.modules.pooling.AvgPool2d'>.
[INFO] Register count_upsample() for <class 'torch.nn.modules.upsampling.Upsample'>.
[INFO] Register count_linear() for <class 'torch.nn.modules.linear.Linear'>.
[INFO] Register count_normalization() for <class 'torch.nn.modules.batchnorm.BatchNorm1d'>.
[INFO] Register count_softmax() for <class 'torch.nn.modules.activation.Softmax'>.
[INFO] Register zero_ops() for <class 'torch.nn.modules.pooling.MaxPool2d'>.
[INFO] Register count_adap_avgpool() for <class 'torch.nn.modules.pooling.AdaptiveAvgPool2d'>.
FLOPs: 17.494176304 billion
Parameters: 0.486184 million
Latency: 30.10 ms
MACs: 8.747088152 billion
DEBUG OBJECTIVES: -9.406303549081583 17.494176304 -1285.936767578125
Using downloaded and verified file: /home/nisha/.medmnist/breastmnist.npz
Using downloaded and verified file: /home/nisha/.medmnist/breastmnist.npz
Using downloaded and verified file: /home/nisha/.medmnist/breastmnist.npz
[INFO] Register count_convNd() for <class 'torch.nn.modules.conv.Conv2d'>.
[INFO] Register count_normalization() for <class 'torch.nn.modules.batchnorm.BatchNorm2d'>.
[INFO] Register zero_ops() for <class 'torch.nn.modules.container.Sequential'>.
[INFO] Register zero_ops() for <class 'torch.nn.modules.activation.ReLU'>.
[INFO] Register count_avgpool() for <class 'torch.nn.modules.pooling.AvgPool2d'>.
[INFO] Register count_softmax() for <class 'torch.nn.modules.activation.Softmax'>.
[INFO] Register count_adap_avgpool() for <class 'torch.nn.modules.pooling.AdaptiveAvgPool2d'>.
[INFO] Register count_linear() for <class 'torch.nn.modules.linear.Linear'>.
[INFO] Register count_normalization() for <class 'torch.nn.modules.batchnorm.BatchNorm1d'>.
FLOPs: 6.340446752 billion
Parameters: 0.18777 million
Latency: 14.78 ms
MACs: 3.170223376 billion
DEBUG OBJECTIVES: -8.664998812239105 6.340446752 -743.82568359375
Using downloaded and verified file: /home/nisha/.medmnist/breastmnist.npz
Using downloaded and verified file: /home/nisha/.medmnist/breastmnist.npz
Using downloaded and verified file: /home/nisha/.medmnist/breastmnist.npz
[INFO] Register count_convNd() for <class 'torch.nn.modules.conv.Conv2d'>.
[INFO] Register count_normalization() for <class 'torch.nn.modules.batchnorm.BatchNorm2d'>.
[INFO] Register zero_ops() for <class 'torch.nn.modules.container.Sequential'>.
[INFO] Register zero_ops() for <class 'torch.nn.modules.activation.ReLU'>.
[INFO] Register count_avgpool() for <class 'torch.nn.modules.pooling.AvgPool2d'>.
[INFO] Register count_upsample() for <class 'torch.nn.modules.upsampling.Upsample'>.
[INFO] Register count_softmax() for <class 'torch.nn.modules.activation.Softmax'>.
[INFO] Register count_linear() for <class 'torch.nn.modules.linear.Linear'>.
[INFO] Register zero_ops() for <class 'torch.nn.modules.pooling.MaxPool2d'>.
[INFO] Register count_adap_avgpool() for <class 'torch.nn.modules.pooling.AdaptiveAvgPool2d'>.
FLOPs: 26.638341072 billion
Parameters: 0.742794 million
Latency: 33.35 ms
MACs: 13.319170536 billion
DEBUG OBJECTIVES: -15.631129194258728 26.638341072 -1572.98046875
Using downloaded and verified file: /home/nisha/.medmnist/breastmnist.npz
Using downloaded and verified file: /home/nisha/.medmnist/breastmnist.npz
Using downloaded and verified file: /home/nisha/.medmnist/breastmnist.npz
[INFO] Register count_convNd() for <class 'torch.nn.modules.conv.Conv2d'>.
[INFO] Register count_normalization() for <class 'torch.nn.modules.batchnorm.BatchNorm2d'>.
[INFO] Register zero_ops() for <class 'torch.nn.modules.container.Sequential'>.
[INFO] Register zero_ops() for <class 'torch.nn.modules.activation.ReLU'>.
[INFO] Register count_avgpool() for <class 'torch.nn.modules.pooling.AvgPool2d'>.
[INFO] Register count_upsample() for <class 'torch.nn.modules.upsampling.Upsample'>.
[INFO] Register count_linear() for <class 'torch.nn.modules.linear.Linear'>.
[INFO] Register count_normalization() for <class 'torch.nn.modules.batchnorm.BatchNorm1d'>.
[INFO] Register count_softmax() for <class 'torch.nn.modules.activation.Softmax'>.
[INFO] Register count_adap_avgpool() for <class 'torch.nn.modules.pooling.AdaptiveAvgPool2d'>.
[INFO] Register zero_ops() for <class 'torch.nn.modules.pooling.MaxPool2d'>.
FLOPs: 9.706918176 billion
Parameters: 0.332554 million
Latency: 26.21 ms
MACs: 4.853459088 billion
DEBUG OBJECTIVES: -13.739915776722041 9.706918176 -1210.316162109375
Using downloaded and verified file: /home/nisha/.medmnist/breastmnist.npz
Using downloaded and verified file: /home/nisha/.medmnist/breastmnist.npz
Using downloaded and verified file: /home/nisha/.medmnist/breastmnist.npz
[INFO] Register count_convNd() for <class 'torch.nn.modules.conv.Conv2d'>.
[INFO] Register count_normalization() for <class 'torch.nn.modules.batchnorm.BatchNorm2d'>.
[INFO] Register zero_ops() for <class 'torch.nn.modules.container.Sequential'>.
[INFO] Register zero_ops() for <class 'torch.nn.modules.activation.ReLU'>.
[INFO] Register count_avgpool() for <class 'torch.nn.modules.pooling.AvgPool2d'>.
[INFO] Register count_upsample() for <class 'torch.nn.modules.upsampling.Upsample'>.
[INFO] Register zero_ops() for <class 'torch.nn.modules.pooling.MaxPool2d'>.
[INFO] Register count_adap_avgpool() for <class 'torch.nn.modules.pooling.AdaptiveAvgPool2d'>.
[INFO] Register count_linear() for <class 'torch.nn.modules.linear.Linear'>.
[INFO] Register count_normalization() for <class 'torch.nn.modules.batchnorm.BatchNorm1d'>.
[INFO] Register count_softmax() for <class 'torch.nn.modules.activation.Softmax'>.
FLOPs: 15.955801696 billion
Parameters: 0.411663 million
Latency: 27.94 ms
MACs: 7.977900848 billion
DEBUG OBJECTIVES: -11.621243767828306 15.955801696 -1197.6351318359375
Using downloaded and verified file: /home/nisha/.medmnist/breastmnist.npz
Using downloaded and verified file: /home/nisha/.medmnist/breastmnist.npz
Using downloaded and verified file: /home/nisha/.medmnist/breastmnist.npz
[INFO] Register count_convNd() for <class 'torch.nn.modules.conv.Conv2d'>.
[INFO] Register count_normalization() for <class 'torch.nn.modules.batchnorm.BatchNorm2d'>.
[INFO] Register zero_ops() for <class 'torch.nn.modules.container.Sequential'>.
[INFO] Register zero_ops() for <class 'torch.nn.modules.activation.ReLU'>.
[INFO] Register zero_ops() for <class 'torch.nn.modules.pooling.MaxPool2d'>.
[INFO] Register count_softmax() for <class 'torch.nn.modules.activation.Softmax'>.
[INFO] Register count_linear() for <class 'torch.nn.modules.linear.Linear'>.
[INFO] Register count_normalization() for <class 'torch.nn.modules.batchnorm.BatchNorm1d'>.
[INFO] Register count_adap_avgpool() for <class 'torch.nn.modules.pooling.AdaptiveAvgPool2d'>.
[INFO] Register count_avgpool() for <class 'torch.nn.modules.pooling.AvgPool2d'>.
FLOPs: 10.491013136 billion
Parameters: 0.310197 million
Latency: 54.45 ms
MACs: 5.245506568 billion
DEBUG OBJECTIVES: -14.24744744170277 10.491013136 -1749.8958740234375
Using downloaded and verified file: /home/nisha/.medmnist/breastmnist.npz
Using downloaded and verified file: /home/nisha/.medmnist/breastmnist.npz
Using downloaded and verified file: /home/nisha/.medmnist/breastmnist.npz
[INFO] Register count_convNd() for <class 'torch.nn.modules.conv.Conv2d'>.
[INFO] Register count_normalization() for <class 'torch.nn.modules.batchnorm.BatchNorm2d'>.
[INFO] Register zero_ops() for <class 'torch.nn.modules.container.Sequential'>.
[INFO] Register zero_ops() for <class 'torch.nn.modules.activation.ReLU'>.
[INFO] Register count_softmax() for <class 'torch.nn.modules.activation.Softmax'>.
[INFO] Register count_adap_avgpool() for <class 'torch.nn.modules.pooling.AdaptiveAvgPool2d'>.
[INFO] Register count_linear() for <class 'torch.nn.modules.linear.Linear'>.
[INFO] Register count_avgpool() for <class 'torch.nn.modules.pooling.AvgPool2d'>.
[INFO] Register count_normalization() for <class 'torch.nn.modules.batchnorm.BatchNorm1d'>.
FLOPs: 8.488677264 billion
Parameters: 0.11783 million
Latency: 27.58 ms
MACs: 4.244338632 billion
DEBUG OBJECTIVES: -9.331876911032369 8.488677264 -893.375
Using downloaded and verified file: /home/nisha/.medmnist/breastmnist.npz
Using downloaded and verified file: /home/nisha/.medmnist/breastmnist.npz
Using downloaded and verified file: /home/nisha/.medmnist/breastmnist.npz
[INFO] Register count_convNd() for <class 'torch.nn.modules.conv.Conv2d'>.
[INFO] Register count_normalization() for <class 'torch.nn.modules.batchnorm.BatchNorm2d'>.
[INFO] Register zero_ops() for <class 'torch.nn.modules.container.Sequential'>.
[INFO] Register zero_ops() for <class 'torch.nn.modules.activation.ReLU'>.
[INFO] Register zero_ops() for <class 'torch.nn.modules.pooling.MaxPool2d'>.
[INFO] Register count_softmax() for <class 'torch.nn.modules.activation.Softmax'>.
[INFO] Register count_linear() for <class 'torch.nn.modules.linear.Linear'>.
[INFO] Register count_normalization() for <class 'torch.nn.modules.batchnorm.BatchNorm1d'>.
[INFO] Register count_adap_avgpool() for <class 'torch.nn.modules.pooling.AdaptiveAvgPool2d'>.
[INFO] Register count_avgpool() for <class 'torch.nn.modules.pooling.AvgPool2d'>.
[INFO] Register count_upsample() for <class 'torch.nn.modules.upsampling.Upsample'>.
FLOPs: 13.007448288 billion
Parameters: 0.354535 million
Latency: 33.85 ms
MACs: 6.503724144 billion
DEBUG OBJECTIVES: -13.787465917273586 13.007448288 -1466.2650146484375
Using downloaded and verified file: /home/nisha/.medmnist/breastmnist.npz
Using downloaded and verified file: /home/nisha/.medmnist/breastmnist.npz
Using downloaded and verified file: /home/nisha/.medmnist/breastmnist.npz
[INFO] Register count_convNd() for <class 'torch.nn.modules.conv.Conv2d'>.
[INFO] Register count_normalization() for <class 'torch.nn.modules.batchnorm.BatchNorm2d'>.
[INFO] Register zero_ops() for <class 'torch.nn.modules.container.Sequential'>.
[INFO] Register zero_ops() for <class 'torch.nn.modules.activation.ReLU'>.
[INFO] Register count_avgpool() for <class 'torch.nn.modules.pooling.AvgPool2d'>.
[INFO] Register count_upsample() for <class 'torch.nn.modules.upsampling.Upsample'>.
[INFO] Register zero_ops() for <class 'torch.nn.modules.pooling.MaxPool2d'>.
[INFO] Register count_adap_avgpool() for <class 'torch.nn.modules.pooling.AdaptiveAvgPool2d'>.
[INFO] Register count_linear() for <class 'torch.nn.modules.linear.Linear'>.
[INFO] Register count_normalization() for <class 'torch.nn.modules.batchnorm.BatchNorm1d'>.
[INFO] Register count_softmax() for <class 'torch.nn.modules.activation.Softmax'>.
FLOPs: 9.632709232 billion
Parameters: 0.331071 million
Latency: 24.43 ms
MACs: 4.816354616 billion
DEBUG OBJECTIVES: -13.232651527686071 9.632709232 -1168.5252685546875
Using downloaded and verified file: /home/nisha/.medmnist/breastmnist.npz
Using downloaded and verified file: /home/nisha/.medmnist/breastmnist.npz
Using downloaded and verified file: /home/nisha/.medmnist/breastmnist.npz
[INFO] Register count_convNd() for <class 'torch.nn.modules.conv.Conv2d'>.
[INFO] Register count_normalization() for <class 'torch.nn.modules.batchnorm.BatchNorm2d'>.
[INFO] Register zero_ops() for <class 'torch.nn.modules.container.Sequential'>.
[INFO] Register zero_ops() for <class 'torch.nn.modules.activation.ReLU'>.
[INFO] Register zero_ops() for <class 'torch.nn.modules.pooling.MaxPool2d'>.
[INFO] Register count_softmax() for <class 'torch.nn.modules.activation.Softmax'>.
[INFO] Register count_linear() for <class 'torch.nn.modules.linear.Linear'>.
[INFO] Register count_normalization() for <class 'torch.nn.modules.batchnorm.BatchNorm1d'>.
[INFO] Register count_adap_avgpool() for <class 'torch.nn.modules.pooling.AdaptiveAvgPool2d'>.
[INFO] Register count_avgpool() for <class 'torch.nn.modules.pooling.AvgPool2d'>.
FLOPs: 7.863679024 billion
Parameters: 0.222029 million
Latency: 51.78 ms
MACs: 3.931839512 billion
DEBUG OBJECTIVES: -16.341318588997062 7.863679024 -1588.1104736328125
Using downloaded and verified file: /home/nisha/.medmnist/breastmnist.npz
Using downloaded and verified file: /home/nisha/.medmnist/breastmnist.npz
Using downloaded and verified file: /home/nisha/.medmnist/breastmnist.npz
[INFO] Register count_convNd() for <class 'torch.nn.modules.conv.Conv2d'>.
[INFO] Register count_normalization() for <class 'torch.nn.modules.batchnorm.BatchNorm2d'>.
[INFO] Register zero_ops() for <class 'torch.nn.modules.container.Sequential'>.
[INFO] Register zero_ops() for <class 'torch.nn.modules.activation.ReLU'>.
[INFO] Register count_avgpool() for <class 'torch.nn.modules.pooling.AvgPool2d'>.
[INFO] Register count_upsample() for <class 'torch.nn.modules.upsampling.Upsample'>.
[INFO] Register count_linear() for <class 'torch.nn.modules.linear.Linear'>.
[INFO] Register count_normalization() for <class 'torch.nn.modules.batchnorm.BatchNorm1d'>.
[INFO] Register count_softmax() for <class 'torch.nn.modules.activation.Softmax'>.
[INFO] Register count_adap_avgpool() for <class 'torch.nn.modules.pooling.AdaptiveAvgPool2d'>.
FLOPs: 4.612922816 billion
Parameters: 0.144318 million
Latency: 17.75 ms
MACs: 2.306461408 billion
DEBUG OBJECTIVES: -5.206497657822957 4.612922816 -696.524169921875
Using downloaded and verified file: /home/nisha/.medmnist/breastmnist.npz
Using downloaded and verified file: /home/nisha/.medmnist/breastmnist.npz
Using downloaded and verified file: /home/nisha/.medmnist/breastmnist.npz
[INFO] Register count_convNd() for <class 'torch.nn.modules.conv.Conv2d'>.
[INFO] Register count_normalization() for <class 'torch.nn.modules.batchnorm.BatchNorm2d'>.
[INFO] Register zero_ops() for <class 'torch.nn.modules.container.Sequential'>.
[INFO] Register zero_ops() for <class 'torch.nn.modules.activation.ReLU'>.
[INFO] Register count_avgpool() for <class 'torch.nn.modules.pooling.AvgPool2d'>.
[INFO] Register count_upsample() for <class 'torch.nn.modules.upsampling.Upsample'>.
[INFO] Register zero_ops() for <class 'torch.nn.modules.pooling.MaxPool2d'>.
[INFO] Register count_adap_avgpool() for <class 'torch.nn.modules.pooling.AdaptiveAvgPool2d'>.
[INFO] Register count_linear() for <class 'torch.nn.modules.linear.Linear'>.
[INFO] Register count_normalization() for <class 'torch.nn.modules.batchnorm.BatchNorm1d'>.
[INFO] Register count_softmax() for <class 'torch.nn.modules.activation.Softmax'>.
FLOPs: 14.114287216 billion
Parameters: 0.346362 million
Latency: 49.44 ms
MACs: 7.057143608 billion
DEBUG OBJECTIVES: -11.185875775356058 14.114287216 -1216.7410888671875
Using downloaded and verified file: /home/nisha/.medmnist/breastmnist.npz
Using downloaded and verified file: /home/nisha/.medmnist/breastmnist.npz
Using downloaded and verified file: /home/nisha/.medmnist/breastmnist.npz
[INFO] Register count_convNd() for <class 'torch.nn.modules.conv.Conv2d'>.
[INFO] Register count_normalization() for <class 'torch.nn.modules.batchnorm.BatchNorm2d'>.
[INFO] Register zero_ops() for <class 'torch.nn.modules.container.Sequential'>.
[INFO] Register zero_ops() for <class 'torch.nn.modules.activation.ReLU'>.
[INFO] Register count_avgpool() for <class 'torch.nn.modules.pooling.AvgPool2d'>.
[INFO] Register count_upsample() for <class 'torch.nn.modules.upsampling.Upsample'>.
[INFO] Register count_softmax() for <class 'torch.nn.modules.activation.Softmax'>.
[INFO] Register count_linear() for <class 'torch.nn.modules.linear.Linear'>.
[INFO] Register count_normalization() for <class 'torch.nn.modules.batchnorm.BatchNorm1d'>.
[INFO] Register count_adap_avgpool() for <class 'torch.nn.modules.pooling.AdaptiveAvgPool2d'>.
FLOPs: 4.876829696 billion
Parameters: 0.177436 million
Latency: 16.64 ms
MACs: 2.438414848 billion
DEBUG OBJECTIVES: -6.765668182327894 4.876829696 -349.1217346191406
Using downloaded and verified file: /home/nisha/.medmnist/breastmnist.npz
Using downloaded and verified file: /home/nisha/.medmnist/breastmnist.npz
Using downloaded and verified file: /home/nisha/.medmnist/breastmnist.npz
[INFO] Register count_convNd() for <class 'torch.nn.modules.conv.Conv2d'>.
[INFO] Register count_normalization() for <class 'torch.nn.modules.batchnorm.BatchNorm2d'>.
[INFO] Register zero_ops() for <class 'torch.nn.modules.container.Sequential'>.
[INFO] Register zero_ops() for <class 'torch.nn.modules.activation.ReLU'>.
[INFO] Register count_softmax() for <class 'torch.nn.modules.activation.Softmax'>.
[INFO] Register count_linear() for <class 'torch.nn.modules.linear.Linear'>.
[INFO] Register count_adap_avgpool() for <class 'torch.nn.modules.pooling.AdaptiveAvgPool2d'>.
[INFO] Register zero_ops() for <class 'torch.nn.modules.pooling.MaxPool2d'>.
[INFO] Register count_avgpool() for <class 'torch.nn.modules.pooling.AvgPool2d'>.
[INFO] Register count_upsample() for <class 'torch.nn.modules.upsampling.Upsample'>.
[INFO] Register count_normalization() for <class 'torch.nn.modules.batchnorm.BatchNorm1d'>.
FLOPs: 9.530194016 billion
Parameters: 0.264034 million
Latency: 20.35 ms
MACs: 4.765097008 billion
DEBUG OBJECTIVES: -11.999780753820746 9.530194016 -884.3991088867188
Using downloaded and verified file: /home/nisha/.medmnist/breastmnist.npz
Using downloaded and verified file: /home/nisha/.medmnist/breastmnist.npz
Using downloaded and verified file: /home/nisha/.medmnist/breastmnist.npz
[INFO] Register count_convNd() for <class 'torch.nn.modules.conv.Conv2d'>.
[INFO] Register count_normalization() for <class 'torch.nn.modules.batchnorm.BatchNorm2d'>.
[INFO] Register zero_ops() for <class 'torch.nn.modules.container.Sequential'>.
[INFO] Register zero_ops() for <class 'torch.nn.modules.activation.ReLU'>.
[INFO] Register count_avgpool() for <class 'torch.nn.modules.pooling.AvgPool2d'>.
[INFO] Register count_adap_avgpool() for <class 'torch.nn.modules.pooling.AdaptiveAvgPool2d'>.
[INFO] Register count_linear() for <class 'torch.nn.modules.linear.Linear'>.
[INFO] Register count_normalization() for <class 'torch.nn.modules.batchnorm.BatchNorm1d'>.
FLOPs: 3.276217792 billion
Parameters: 0.082946 million
Latency: 15.16 ms
MACs: 1.638108896 billion
DEBUG OBJECTIVES: -8.181101082757795 3.276217792 -554.8152465820312
     7 |      140 |     19 |  0.0363096939 |         ideal
Using downloaded and verified file: /home/nisha/.medmnist/breastmnist.npz
Using downloaded and verified file: /home/nisha/.medmnist/breastmnist.npz
Using downloaded and verified file: /home/nisha/.medmnist/breastmnist.npz
[INFO] Register count_convNd() for <class 'torch.nn.modules.conv.Conv2d'>.
[INFO] Register count_normalization() for <class 'torch.nn.modules.batchnorm.BatchNorm2d'>.
[INFO] Register zero_ops() for <class 'torch.nn.modules.container.Sequential'>.
[INFO] Register zero_ops() for <class 'torch.nn.modules.activation.ReLU'>.
[INFO] Register count_softmax() for <class 'torch.nn.modules.activation.Softmax'>.
[INFO] Register count_linear() for <class 'torch.nn.modules.linear.Linear'>.
[INFO] Register count_adap_avgpool() for <class 'torch.nn.modules.pooling.AdaptiveAvgPool2d'>.
[INFO] Register count_avgpool() for <class 'torch.nn.modules.pooling.AvgPool2d'>.
[INFO] Register count_normalization() for <class 'torch.nn.modules.batchnorm.BatchNorm1d'>.
FLOPs: 5.461850288 billion
Parameters: 0.103283 million
Latency: 31.49 ms
MACs: 2.730925144 billion
DEBUG OBJECTIVES: -11.241650240391813 5.461850288 -781.949951171875
Using downloaded and verified file: /home/nisha/.medmnist/breastmnist.npz
Using downloaded and verified file: /home/nisha/.medmnist/breastmnist.npz
Using downloaded and verified file: /home/nisha/.medmnist/breastmnist.npz
[INFO] Register count_convNd() for <class 'torch.nn.modules.conv.Conv2d'>.
[INFO] Register count_normalization() for <class 'torch.nn.modules.batchnorm.BatchNorm2d'>.
[INFO] Register zero_ops() for <class 'torch.nn.modules.container.Sequential'>.
[INFO] Register zero_ops() for <class 'torch.nn.modules.activation.ReLU'>.
[INFO] Register count_avgpool() for <class 'torch.nn.modules.pooling.AvgPool2d'>.
[INFO] Register count_softmax() for <class 'torch.nn.modules.activation.Softmax'>.
[INFO] Register count_adap_avgpool() for <class 'torch.nn.modules.pooling.AdaptiveAvgPool2d'>.
[INFO] Register count_linear() for <class 'torch.nn.modules.linear.Linear'>.
[INFO] Register count_normalization() for <class 'torch.nn.modules.batchnorm.BatchNorm1d'>.
FLOPs: 3.066192736 billion
Parameters: 0.08828 million
Latency: 15.43 ms
MACs: 1.533096368 billion
DEBUG OBJECTIVES: -6.442310925371328 3.066192736 -629.9635009765625
Using downloaded and verified file: /home/nisha/.medmnist/breastmnist.npz
Using downloaded and verified file: /home/nisha/.medmnist/breastmnist.npz
Using downloaded and verified file: /home/nisha/.medmnist/breastmnist.npz
[INFO] Register count_convNd() for <class 'torch.nn.modules.conv.Conv2d'>.
[INFO] Register count_normalization() for <class 'torch.nn.modules.batchnorm.BatchNorm2d'>.
[INFO] Register zero_ops() for <class 'torch.nn.modules.container.Sequential'>.
[INFO] Register zero_ops() for <class 'torch.nn.modules.activation.ReLU'>.
[INFO] Register count_avgpool() for <class 'torch.nn.modules.pooling.AvgPool2d'>.
[INFO] Register count_upsample() for <class 'torch.nn.modules.upsampling.Upsample'>.
[INFO] Register zero_ops() for <class 'torch.nn.modules.pooling.MaxPool2d'>.
[INFO] Register count_adap_avgpool() for <class 'torch.nn.modules.pooling.AdaptiveAvgPool2d'>.
[INFO] Register count_linear() for <class 'torch.nn.modules.linear.Linear'>.
[INFO] Register count_normalization() for <class 'torch.nn.modules.batchnorm.BatchNorm1d'>.
[INFO] Register count_softmax() for <class 'torch.nn.modules.activation.Softmax'>.
FLOPs: 15.861391104 billion
Parameters: 0.408749 million
Latency: 56.65 ms
MACs: 7.930695552 billion
DEBUG OBJECTIVES: -11.121328079599445 15.861391104 -937.7027587890625
Using downloaded and verified file: /home/nisha/.medmnist/breastmnist.npz
Using downloaded and verified file: /home/nisha/.medmnist/breastmnist.npz
Using downloaded and verified file: /home/nisha/.medmnist/breastmnist.npz
[INFO] Register count_convNd() for <class 'torch.nn.modules.conv.Conv2d'>.
[INFO] Register count_normalization() for <class 'torch.nn.modules.batchnorm.BatchNorm2d'>.
[INFO] Register zero_ops() for <class 'torch.nn.modules.container.Sequential'>.
[INFO] Register zero_ops() for <class 'torch.nn.modules.activation.ReLU'>.
[INFO] Register count_avgpool() for <class 'torch.nn.modules.pooling.AvgPool2d'>.
[INFO] Register count_upsample() for <class 'torch.nn.modules.upsampling.Upsample'>.
[INFO] Register zero_ops() for <class 'torch.nn.modules.pooling.MaxPool2d'>.
[INFO] Register count_softmax() for <class 'torch.nn.modules.activation.Softmax'>.
[INFO] Register count_adap_avgpool() for <class 'torch.nn.modules.pooling.AdaptiveAvgPool2d'>.
[INFO] Register count_linear() for <class 'torch.nn.modules.linear.Linear'>.
FLOPs: 14.426831344 billion
Parameters: 0.512447 million
Latency: 29.01 ms
MACs: 7.213415672 billion
DEBUG OBJECTIVES: -12.42673685788355 14.426831344 -1305.05078125
Using downloaded and verified file: /home/nisha/.medmnist/breastmnist.npz
Using downloaded and verified file: /home/nisha/.medmnist/breastmnist.npz
Using downloaded and verified file: /home/nisha/.medmnist/breastmnist.npz
[INFO] Register count_convNd() for <class 'torch.nn.modules.conv.Conv2d'>.
[INFO] Register count_normalization() for <class 'torch.nn.modules.batchnorm.BatchNorm2d'>.
[INFO] Register zero_ops() for <class 'torch.nn.modules.container.Sequential'>.
[INFO] Register zero_ops() for <class 'torch.nn.modules.activation.ReLU'>.
[INFO] Register count_avgpool() for <class 'torch.nn.modules.pooling.AvgPool2d'>.
[INFO] Register count_upsample() for <class 'torch.nn.modules.upsampling.Upsample'>.
[INFO] Register count_adap_avgpool() for <class 'torch.nn.modules.pooling.AdaptiveAvgPool2d'>.
[INFO] Register count_linear() for <class 'torch.nn.modules.linear.Linear'>.
[INFO] Register count_normalization() for <class 'torch.nn.modules.batchnorm.BatchNorm1d'>.
[INFO] Register count_softmax() for <class 'torch.nn.modules.activation.Softmax'>.
FLOPs: 4.7536632 billion
Parameters: 0.172404 million
Latency: 22.43 ms
MACs: 2.3768316 billion
DEBUG OBJECTIVES: -6.168163191894911 4.7536632 -346.19146728515625
Using downloaded and verified file: /home/nisha/.medmnist/breastmnist.npz
Using downloaded and verified file: /home/nisha/.medmnist/breastmnist.npz
Using downloaded and verified file: /home/nisha/.medmnist/breastmnist.npz
[INFO] Register count_convNd() for <class 'torch.nn.modules.conv.Conv2d'>.
[INFO] Register count_normalization() for <class 'torch.nn.modules.batchnorm.BatchNorm2d'>.
[INFO] Register zero_ops() for <class 'torch.nn.modules.container.Sequential'>.
[INFO] Register zero_ops() for <class 'torch.nn.modules.activation.ReLU'>.
[INFO] Register count_avgpool() for <class 'torch.nn.modules.pooling.AvgPool2d'>.
[INFO] Register count_softmax() for <class 'torch.nn.modules.activation.Softmax'>.
[INFO] Register count_linear() for <class 'torch.nn.modules.linear.Linear'>.
[INFO] Register count_adap_avgpool() for <class 'torch.nn.modules.pooling.AdaptiveAvgPool2d'>.
[INFO] Register count_normalization() for <class 'torch.nn.modules.batchnorm.BatchNorm1d'>.
FLOPs: 8.57317928 billion
Parameters: 0.131726 million
Latency: 45.17 ms
MACs: 4.28658964 billion
DEBUG OBJECTIVES: -11.301634313412947 8.57317928 -884.7804565429688
Using downloaded and verified file: /home/nisha/.medmnist/breastmnist.npz
Using downloaded and verified file: /home/nisha/.medmnist/breastmnist.npz
Using downloaded and verified file: /home/nisha/.medmnist/breastmnist.npz
[INFO] Register count_convNd() for <class 'torch.nn.modules.conv.Conv2d'>.
[INFO] Register count_normalization() for <class 'torch.nn.modules.batchnorm.BatchNorm2d'>.
[INFO] Register zero_ops() for <class 'torch.nn.modules.container.Sequential'>.
[INFO] Register zero_ops() for <class 'torch.nn.modules.activation.ReLU'>.
[INFO] Register zero_ops() for <class 'torch.nn.modules.pooling.MaxPool2d'>.
[INFO] Register count_softmax() for <class 'torch.nn.modules.activation.Softmax'>.
[INFO] Register count_linear() for <class 'torch.nn.modules.linear.Linear'>.
[INFO] Register count_normalization() for <class 'torch.nn.modules.batchnorm.BatchNorm1d'>.
[INFO] Register count_adap_avgpool() for <class 'torch.nn.modules.pooling.AdaptiveAvgPool2d'>.
[INFO] Register count_avgpool() for <class 'torch.nn.modules.pooling.AvgPool2d'>.
FLOPs: 7.825572816 billion
Parameters: 0.220131 million
Latency: 51.42 ms
MACs: 3.912786408 billion
DEBUG OBJECTIVES: -13.841245012457945 7.825572816 -952.6390380859375
Using downloaded and verified file: /home/nisha/.medmnist/breastmnist.npz
Using downloaded and verified file: /home/nisha/.medmnist/breastmnist.npz
Using downloaded and verified file: /home/nisha/.medmnist/breastmnist.npz
[INFO] Register count_convNd() for <class 'torch.nn.modules.conv.Conv2d'>.
[INFO] Register count_normalization() for <class 'torch.nn.modules.batchnorm.BatchNorm2d'>.
[INFO] Register zero_ops() for <class 'torch.nn.modules.container.Sequential'>.
[INFO] Register zero_ops() for <class 'torch.nn.modules.activation.ReLU'>.
[INFO] Register zero_ops() for <class 'torch.nn.modules.pooling.MaxPool2d'>.
[INFO] Register count_softmax() for <class 'torch.nn.modules.activation.Softmax'>.
[INFO] Register count_linear() for <class 'torch.nn.modules.linear.Linear'>.
[INFO] Register count_normalization() for <class 'torch.nn.modules.batchnorm.BatchNorm1d'>.
[INFO] Register count_avgpool() for <class 'torch.nn.modules.pooling.AvgPool2d'>.
[INFO] Register count_upsample() for <class 'torch.nn.modules.upsampling.Upsample'>.
[INFO] Register count_adap_avgpool() for <class 'torch.nn.modules.pooling.AdaptiveAvgPool2d'>.
FLOPs: 18.150884848 billion
Parameters: 0.455566 million
Latency: 37.83 ms
MACs: 9.075442424 billion
DEBUG OBJECTIVES: -15.670558296583904 18.150884848 -1615.297119140625
Using downloaded and verified file: /home/nisha/.medmnist/breastmnist.npz
Using downloaded and verified file: /home/nisha/.medmnist/breastmnist.npz
Using downloaded and verified file: /home/nisha/.medmnist/breastmnist.npz
[INFO] Register count_convNd() for <class 'torch.nn.modules.conv.Conv2d'>.
[INFO] Register count_normalization() for <class 'torch.nn.modules.batchnorm.BatchNorm2d'>.
[INFO] Register zero_ops() for <class 'torch.nn.modules.container.Sequential'>.
[INFO] Register zero_ops() for <class 'torch.nn.modules.activation.ReLU'>.
[INFO] Register count_avgpool() for <class 'torch.nn.modules.pooling.AvgPool2d'>.
[INFO] Register count_softmax() for <class 'torch.nn.modules.activation.Softmax'>.
[INFO] Register count_adap_avgpool() for <class 'torch.nn.modules.pooling.AdaptiveAvgPool2d'>.
[INFO] Register count_linear() for <class 'torch.nn.modules.linear.Linear'>.
[INFO] Register count_normalization() for <class 'torch.nn.modules.batchnorm.BatchNorm1d'>.
FLOPs: 3.607313632 billion
Parameters: 0.09793 million
Latency: 14.87 ms
MACs: 1.803656816 billion
DEBUG OBJECTIVES: -8.195651652381754 3.607313632 -641.8951416015625
Using downloaded and verified file: /home/nisha/.medmnist/breastmnist.npz
Using downloaded and verified file: /home/nisha/.medmnist/breastmnist.npz
Using downloaded and verified file: /home/nisha/.medmnist/breastmnist.npz
[INFO] Register count_convNd() for <class 'torch.nn.modules.conv.Conv2d'>.
[INFO] Register count_normalization() for <class 'torch.nn.modules.batchnorm.BatchNorm2d'>.
[INFO] Register zero_ops() for <class 'torch.nn.modules.container.Sequential'>.
[INFO] Register zero_ops() for <class 'torch.nn.modules.activation.ReLU'>.
[INFO] Register count_avgpool() for <class 'torch.nn.modules.pooling.AvgPool2d'>.
[INFO] Register count_upsample() for <class 'torch.nn.modules.upsampling.Upsample'>.
[INFO] Register count_adap_avgpool() for <class 'torch.nn.modules.pooling.AdaptiveAvgPool2d'>.
[INFO] Register count_linear() for <class 'torch.nn.modules.linear.Linear'>.
[INFO] Register count_normalization() for <class 'torch.nn.modules.batchnorm.BatchNorm1d'>.
[INFO] Register count_softmax() for <class 'torch.nn.modules.activation.Softmax'>.
FLOPs: 4.749672032 billion
Parameters: 0.172102 million
Latency: 19.77 ms
MACs: 2.374836016 billion
DEBUG OBJECTIVES: -7.2516051164801345 4.749672032 -571.034423828125
Using downloaded and verified file: /home/nisha/.medmnist/breastmnist.npz
Using downloaded and verified file: /home/nisha/.medmnist/breastmnist.npz
Using downloaded and verified file: /home/nisha/.medmnist/breastmnist.npz
[INFO] Register count_convNd() for <class 'torch.nn.modules.conv.Conv2d'>.
[INFO] Register count_normalization() for <class 'torch.nn.modules.batchnorm.BatchNorm2d'>.
[INFO] Register zero_ops() for <class 'torch.nn.modules.container.Sequential'>.
[INFO] Register zero_ops() for <class 'torch.nn.modules.activation.ReLU'>.
[INFO] Register count_softmax() for <class 'torch.nn.modules.activation.Softmax'>.
[INFO] Register count_linear() for <class 'torch.nn.modules.linear.Linear'>.
[INFO] Register count_adap_avgpool() for <class 'torch.nn.modules.pooling.AdaptiveAvgPool2d'>.
[INFO] Register count_avgpool() for <class 'torch.nn.modules.pooling.AvgPool2d'>.
[INFO] Register count_upsample() for <class 'torch.nn.modules.upsampling.Upsample'>.
[INFO] Register count_normalization() for <class 'torch.nn.modules.batchnorm.BatchNorm1d'>.
FLOPs: 9.442254256 billion
Parameters: 0.261985 million
Latency: 22.14 ms
MACs: 4.721127128 billion
DEBUG OBJECTIVES: -7.840551033536471 9.442254256 -944.0112915039062
Using downloaded and verified file: /home/nisha/.medmnist/breastmnist.npz
Using downloaded and verified file: /home/nisha/.medmnist/breastmnist.npz
Using downloaded and verified file: /home/nisha/.medmnist/breastmnist.npz
[INFO] Register count_convNd() for <class 'torch.nn.modules.conv.Conv2d'>.
[INFO] Register count_normalization() for <class 'torch.nn.modules.batchnorm.BatchNorm2d'>.
[INFO] Register zero_ops() for <class 'torch.nn.modules.container.Sequential'>.
[INFO] Register zero_ops() for <class 'torch.nn.modules.activation.ReLU'>.
[INFO] Register count_avgpool() for <class 'torch.nn.modules.pooling.AvgPool2d'>.
[INFO] Register count_upsample() for <class 'torch.nn.modules.upsampling.Upsample'>.
[INFO] Register count_linear() for <class 'torch.nn.modules.linear.Linear'>.
[INFO] Register count_normalization() for <class 'torch.nn.modules.batchnorm.BatchNorm1d'>.
[INFO] Register count_softmax() for <class 'torch.nn.modules.activation.Softmax'>.
[INFO] Register count_adap_avgpool() for <class 'torch.nn.modules.pooling.AdaptiveAvgPool2d'>.
FLOPs: 5.048851904 billion
Parameters: 0.148158 million
Latency: 17.43 ms
MACs: 2.524425952 billion
DEBUG OBJECTIVES: -5.315027184425062 5.048851904 -736.3604736328125
Using downloaded and verified file: /home/nisha/.medmnist/breastmnist.npz
Using downloaded and verified file: /home/nisha/.medmnist/breastmnist.npz
Using downloaded and verified file: /home/nisha/.medmnist/breastmnist.npz
[INFO] Register count_convNd() for <class 'torch.nn.modules.conv.Conv2d'>.
[INFO] Register count_normalization() for <class 'torch.nn.modules.batchnorm.BatchNorm2d'>.
[INFO] Register zero_ops() for <class 'torch.nn.modules.container.Sequential'>.
[INFO] Register zero_ops() for <class 'torch.nn.modules.activation.ReLU'>.
[INFO] Register count_avgpool() for <class 'torch.nn.modules.pooling.AvgPool2d'>.
[INFO] Register count_softmax() for <class 'torch.nn.modules.activation.Softmax'>.
[INFO] Register count_adap_avgpool() for <class 'torch.nn.modules.pooling.AdaptiveAvgPool2d'>.
[INFO] Register count_linear() for <class 'torch.nn.modules.linear.Linear'>.
[INFO] Register count_normalization() for <class 'torch.nn.modules.batchnorm.BatchNorm1d'>.
FLOPs: 3.448989312 billion
Parameters: 0.101842 million
Latency: 13.44 ms
MACs: 1.724494656 billion
DEBUG OBJECTIVES: -7.386032731608142 3.448989312 -645.2678833007812
Using downloaded and verified file: /home/nisha/.medmnist/breastmnist.npz
Using downloaded and verified file: /home/nisha/.medmnist/breastmnist.npz
Using downloaded and verified file: /home/nisha/.medmnist/breastmnist.npz
[INFO] Register count_convNd() for <class 'torch.nn.modules.conv.Conv2d'>.
[INFO] Register count_normalization() for <class 'torch.nn.modules.batchnorm.BatchNorm2d'>.
[INFO] Register zero_ops() for <class 'torch.nn.modules.container.Sequential'>.
[INFO] Register zero_ops() for <class 'torch.nn.modules.activation.ReLU'>.
[INFO] Register count_avgpool() for <class 'torch.nn.modules.pooling.AvgPool2d'>.
[INFO] Register count_softmax() for <class 'torch.nn.modules.activation.Softmax'>.
[INFO] Register count_adap_avgpool() for <class 'torch.nn.modules.pooling.AdaptiveAvgPool2d'>.
[INFO] Register count_linear() for <class 'torch.nn.modules.linear.Linear'>.
[INFO] Register count_normalization() for <class 'torch.nn.modules.batchnorm.BatchNorm1d'>.
FLOPs: 3.871934208 billion
Parameters: 0.121056 million
Latency: 21.95 ms
MACs: 1.935967104 billion
DEBUG OBJECTIVES: -7.030036288415693 3.871934208 -730.0477294921875
Using downloaded and verified file: /home/nisha/.medmnist/breastmnist.npz
Using downloaded and verified file: /home/nisha/.medmnist/breastmnist.npz
Using downloaded and verified file: /home/nisha/.medmnist/breastmnist.npz
[INFO] Register count_convNd() for <class 'torch.nn.modules.conv.Conv2d'>.
[INFO] Register count_normalization() for <class 'torch.nn.modules.batchnorm.BatchNorm2d'>.
[INFO] Register zero_ops() for <class 'torch.nn.modules.container.Sequential'>.
[INFO] Register zero_ops() for <class 'torch.nn.modules.activation.ReLU'>.
[INFO] Register count_avgpool() for <class 'torch.nn.modules.pooling.AvgPool2d'>.
[INFO] Register count_upsample() for <class 'torch.nn.modules.upsampling.Upsample'>.
[INFO] Register count_linear() for <class 'torch.nn.modules.linear.Linear'>.
[INFO] Register count_normalization() for <class 'torch.nn.modules.batchnorm.BatchNorm1d'>.
[INFO] Register count_softmax() for <class 'torch.nn.modules.activation.Softmax'>.
[INFO] Register count_adap_avgpool() for <class 'torch.nn.modules.pooling.AdaptiveAvgPool2d'>.
FLOPs: 4.990620192 billion
Parameters: 0.146216 million
Latency: 17.97 ms
MACs: 2.495310096 billion
DEBUG OBJECTIVES: -5.569730244314792 4.990620192 -706.2390747070312
Using downloaded and verified file: /home/nisha/.medmnist/breastmnist.npz
Using downloaded and verified file: /home/nisha/.medmnist/breastmnist.npz
Using downloaded and verified file: /home/nisha/.medmnist/breastmnist.npz
[INFO] Register count_convNd() for <class 'torch.nn.modules.conv.Conv2d'>.
[INFO] Register count_normalization() for <class 'torch.nn.modules.batchnorm.BatchNorm2d'>.
[INFO] Register zero_ops() for <class 'torch.nn.modules.container.Sequential'>.
[INFO] Register zero_ops() for <class 'torch.nn.modules.activation.ReLU'>.
[INFO] Register count_avgpool() for <class 'torch.nn.modules.pooling.AvgPool2d'>.
[INFO] Register count_upsample() for <class 'torch.nn.modules.upsampling.Upsample'>.
[INFO] Register zero_ops() for <class 'torch.nn.modules.pooling.MaxPool2d'>.
[INFO] Register count_adap_avgpool() for <class 'torch.nn.modules.pooling.AdaptiveAvgPool2d'>.
[INFO] Register count_linear() for <class 'torch.nn.modules.linear.Linear'>.
[INFO] Register count_normalization() for <class 'torch.nn.modules.batchnorm.BatchNorm1d'>.
[INFO] Register count_softmax() for <class 'torch.nn.modules.activation.Softmax'>.
FLOPs: 10.739497088 billion
Parameters: 0.36944 million
Latency: 42.84 ms
MACs: 5.369748544 billion
DEBUG OBJECTIVES: -15.918812322341246 10.739497088 -1348.4681396484375
Using downloaded and verified file: /home/nisha/.medmnist/breastmnist.npz
Using downloaded and verified file: /home/nisha/.medmnist/breastmnist.npz
Using downloaded and verified file: /home/nisha/.medmnist/breastmnist.npz
[INFO] Register count_convNd() for <class 'torch.nn.modules.conv.Conv2d'>.
[INFO] Register count_normalization() for <class 'torch.nn.modules.batchnorm.BatchNorm2d'>.
[INFO] Register zero_ops() for <class 'torch.nn.modules.container.Sequential'>.
[INFO] Register zero_ops() for <class 'torch.nn.modules.activation.ReLU'>.
[INFO] Register count_avgpool() for <class 'torch.nn.modules.pooling.AvgPool2d'>.
[INFO] Register count_upsample() for <class 'torch.nn.modules.upsampling.Upsample'>.
[INFO] Register zero_ops() for <class 'torch.nn.modules.pooling.MaxPool2d'>.
[INFO] Register count_softmax() for <class 'torch.nn.modules.activation.Softmax'>.
[INFO] Register count_adap_avgpool() for <class 'torch.nn.modules.pooling.AdaptiveAvgPool2d'>.
[INFO] Register count_linear() for <class 'torch.nn.modules.linear.Linear'>.
[INFO] Register count_normalization() for <class 'torch.nn.modules.batchnorm.BatchNorm1d'>.
FLOPs: 12.88484728 billion
Parameters: 0.428545 million
Latency: 31.50 ms
MACs: 6.44242364 billion
DEBUG OBJECTIVES: -14.207560481356929 12.88484728 -1506.6400146484375
Using downloaded and verified file: /home/nisha/.medmnist/breastmnist.npz
Using downloaded and verified file: /home/nisha/.medmnist/breastmnist.npz
Using downloaded and verified file: /home/nisha/.medmnist/breastmnist.npz
[INFO] Register count_convNd() for <class 'torch.nn.modules.conv.Conv2d'>.
[INFO] Register count_normalization() for <class 'torch.nn.modules.batchnorm.BatchNorm2d'>.
[INFO] Register zero_ops() for <class 'torch.nn.modules.container.Sequential'>.
[INFO] Register zero_ops() for <class 'torch.nn.modules.activation.ReLU'>.
[INFO] Register zero_ops() for <class 'torch.nn.modules.pooling.MaxPool2d'>.
[INFO] Register count_avgpool() for <class 'torch.nn.modules.pooling.AvgPool2d'>.
[INFO] Register count_upsample() for <class 'torch.nn.modules.upsampling.Upsample'>.
[INFO] Register count_softmax() for <class 'torch.nn.modules.activation.Softmax'>.
[INFO] Register count_adap_avgpool() for <class 'torch.nn.modules.pooling.AdaptiveAvgPool2d'>.
[INFO] Register count_linear() for <class 'torch.nn.modules.linear.Linear'>.
[INFO] Register count_normalization() for <class 'torch.nn.modules.batchnorm.BatchNorm1d'>.
FLOPs: 7.259042016 billion
Parameters: 0.248984 million
Latency: 14.50 ms
MACs: 3.629521008 billion
DEBUG OBJECTIVES: -6.8561025390970025 7.259042016 -618.1016235351562
Using downloaded and verified file: /home/nisha/.medmnist/breastmnist.npz
Using downloaded and verified file: /home/nisha/.medmnist/breastmnist.npz
Using downloaded and verified file: /home/nisha/.medmnist/breastmnist.npz
[INFO] Register count_convNd() for <class 'torch.nn.modules.conv.Conv2d'>.
[INFO] Register count_normalization() for <class 'torch.nn.modules.batchnorm.BatchNorm2d'>.
[INFO] Register zero_ops() for <class 'torch.nn.modules.container.Sequential'>.
[INFO] Register zero_ops() for <class 'torch.nn.modules.activation.ReLU'>.
[INFO] Register count_avgpool() for <class 'torch.nn.modules.pooling.AvgPool2d'>.
[INFO] Register count_upsample() for <class 'torch.nn.modules.upsampling.Upsample'>.
[INFO] Register zero_ops() for <class 'torch.nn.modules.pooling.MaxPool2d'>.
[INFO] Register count_softmax() for <class 'torch.nn.modules.activation.Softmax'>.
[INFO] Register count_adap_avgpool() for <class 'torch.nn.modules.pooling.AdaptiveAvgPool2d'>.
[INFO] Register count_linear() for <class 'torch.nn.modules.linear.Linear'>.
FLOPs: 4.974917056 billion
Parameters: 0.184272 million
Latency: 9.44 ms
MACs: 2.487458528 billion
DEBUG OBJECTIVES: -4.97027495392741 4.974917056 -401.10595703125
Using downloaded and verified file: /home/nisha/.medmnist/breastmnist.npz
Using downloaded and verified file: /home/nisha/.medmnist/breastmnist.npz
Using downloaded and verified file: /home/nisha/.medmnist/breastmnist.npz
[INFO] Register count_convNd() for <class 'torch.nn.modules.conv.Conv2d'>.
[INFO] Register count_normalization() for <class 'torch.nn.modules.batchnorm.BatchNorm2d'>.
[INFO] Register zero_ops() for <class 'torch.nn.modules.container.Sequential'>.
[INFO] Register zero_ops() for <class 'torch.nn.modules.activation.ReLU'>.
[INFO] Register count_avgpool() for <class 'torch.nn.modules.pooling.AvgPool2d'>.
[INFO] Register count_upsample() for <class 'torch.nn.modules.upsampling.Upsample'>.
[INFO] Register zero_ops() for <class 'torch.nn.modules.pooling.MaxPool2d'>.
[INFO] Register count_adap_avgpool() for <class 'torch.nn.modules.pooling.AdaptiveAvgPool2d'>.
[INFO] Register count_linear() for <class 'torch.nn.modules.linear.Linear'>.
[INFO] Register count_normalization() for <class 'torch.nn.modules.batchnorm.BatchNorm1d'>.
[INFO] Register count_softmax() for <class 'torch.nn.modules.activation.Softmax'>.
FLOPs: 18.322733936 billion
Parameters: 0.564544 million
Latency: 69.61 ms
MACs: 9.161366968 billion
DEBUG OBJECTIVES: -10.540193050452388 18.322733936 -769.4856567382812
     8 |      160 |     20 |  0.1051807305 |         nadir
Using downloaded and verified file: /home/nisha/.medmnist/breastmnist.npz
Using downloaded and verified file: /home/nisha/.medmnist/breastmnist.npz
Using downloaded and verified file: /home/nisha/.medmnist/breastmnist.npz
[INFO] Register count_convNd() for <class 'torch.nn.modules.conv.Conv2d'>.
[INFO] Register count_normalization() for <class 'torch.nn.modules.batchnorm.BatchNorm2d'>.
[INFO] Register zero_ops() for <class 'torch.nn.modules.container.Sequential'>.
[INFO] Register zero_ops() for <class 'torch.nn.modules.activation.ReLU'>.
[INFO] Register count_avgpool() for <class 'torch.nn.modules.pooling.AvgPool2d'>.
[INFO] Register count_upsample() for <class 'torch.nn.modules.upsampling.Upsample'>.
[INFO] Register zero_ops() for <class 'torch.nn.modules.pooling.MaxPool2d'>.
[INFO] Register count_softmax() for <class 'torch.nn.modules.activation.Softmax'>.
[INFO] Register count_adap_avgpool() for <class 'torch.nn.modules.pooling.AdaptiveAvgPool2d'>.
[INFO] Register count_linear() for <class 'torch.nn.modules.linear.Linear'>.
FLOPs: 13.998594768 billion
Parameters: 0.507671 million
Latency: 28.97 ms
MACs: 6.999297384 billion
DEBUG OBJECTIVES: -15.169623057152151 13.998594768 -1250.69287109375
Using downloaded and verified file: /home/nisha/.medmnist/breastmnist.npz
Using downloaded and verified file: /home/nisha/.medmnist/breastmnist.npz
Using downloaded and verified file: /home/nisha/.medmnist/breastmnist.npz
[INFO] Register count_convNd() for <class 'torch.nn.modules.conv.Conv2d'>.
[INFO] Register count_normalization() for <class 'torch.nn.modules.batchnorm.BatchNorm2d'>.
[INFO] Register zero_ops() for <class 'torch.nn.modules.container.Sequential'>.
[INFO] Register zero_ops() for <class 'torch.nn.modules.activation.ReLU'>.
[INFO] Register count_avgpool() for <class 'torch.nn.modules.pooling.AvgPool2d'>.
[INFO] Register count_softmax() for <class 'torch.nn.modules.activation.Softmax'>.
[INFO] Register count_linear() for <class 'torch.nn.modules.linear.Linear'>.
[INFO] Register count_adap_avgpool() for <class 'torch.nn.modules.pooling.AdaptiveAvgPool2d'>.
[INFO] Register zero_ops() for <class 'torch.nn.modules.pooling.MaxPool2d'>.
FLOPs: 6.077706976 billion
Parameters: 0.123762 million
Latency: 20.90 ms
MACs: 3.038853488 billion
DEBUG OBJECTIVES: -9.895116056673963 6.077706976 -929.7485961914062
Using downloaded and verified file: /home/nisha/.medmnist/breastmnist.npz
Using downloaded and verified file: /home/nisha/.medmnist/breastmnist.npz
Using downloaded and verified file: /home/nisha/.medmnist/breastmnist.npz
[INFO] Register count_convNd() for <class 'torch.nn.modules.conv.Conv2d'>.
[INFO] Register count_normalization() for <class 'torch.nn.modules.batchnorm.BatchNorm2d'>.
[INFO] Register zero_ops() for <class 'torch.nn.modules.container.Sequential'>.
[INFO] Register zero_ops() for <class 'torch.nn.modules.activation.ReLU'>.
[INFO] Register count_avgpool() for <class 'torch.nn.modules.pooling.AvgPool2d'>.
[INFO] Register count_upsample() for <class 'torch.nn.modules.upsampling.Upsample'>.
[INFO] Register zero_ops() for <class 'torch.nn.modules.pooling.MaxPool2d'>.
[INFO] Register count_adap_avgpool() for <class 'torch.nn.modules.pooling.AdaptiveAvgPool2d'>.
[INFO] Register count_linear() for <class 'torch.nn.modules.linear.Linear'>.
[INFO] Register count_normalization() for <class 'torch.nn.modules.batchnorm.BatchNorm1d'>.
[INFO] Register count_softmax() for <class 'torch.nn.modules.activation.Softmax'>.
FLOPs: 21.474915376 billion
Parameters: 0.574486 million
Latency: 26.83 ms
MACs: 10.737457688 billion
DEBUG OBJECTIVES: -12.996392609363603 21.474915376 -1211.7822265625
Using downloaded and verified file: /home/nisha/.medmnist/breastmnist.npz
Using downloaded and verified file: /home/nisha/.medmnist/breastmnist.npz
Using downloaded and verified file: /home/nisha/.medmnist/breastmnist.npz
[INFO] Register count_convNd() for <class 'torch.nn.modules.conv.Conv2d'>.
[INFO] Register count_normalization() for <class 'torch.nn.modules.batchnorm.BatchNorm2d'>.
[INFO] Register zero_ops() for <class 'torch.nn.modules.container.Sequential'>.
[INFO] Register zero_ops() for <class 'torch.nn.modules.activation.ReLU'>.
[INFO] Register zero_ops() for <class 'torch.nn.modules.pooling.MaxPool2d'>.
[INFO] Register count_avgpool() for <class 'torch.nn.modules.pooling.AvgPool2d'>.
[INFO] Register count_softmax() for <class 'torch.nn.modules.activation.Softmax'>.
[INFO] Register count_adap_avgpool() for <class 'torch.nn.modules.pooling.AdaptiveAvgPool2d'>.
[INFO] Register count_linear() for <class 'torch.nn.modules.linear.Linear'>.
[INFO] Register count_normalization() for <class 'torch.nn.modules.batchnorm.BatchNorm1d'>.
FLOPs: 3.476620704 billion
Parameters: 0.102714 million
Latency: 13.46 ms
MACs: 1.738310352 billion
DEBUG OBJECTIVES: -7.239730745558969 3.476620704 -604.0090942382812
Using downloaded and verified file: /home/nisha/.medmnist/breastmnist.npz
Using downloaded and verified file: /home/nisha/.medmnist/breastmnist.npz
Using downloaded and verified file: /home/nisha/.medmnist/breastmnist.npz
[INFO] Register count_convNd() for <class 'torch.nn.modules.conv.Conv2d'>.
[INFO] Register count_normalization() for <class 'torch.nn.modules.batchnorm.BatchNorm2d'>.
[INFO] Register zero_ops() for <class 'torch.nn.modules.container.Sequential'>.
[INFO] Register zero_ops() for <class 'torch.nn.modules.activation.ReLU'>.
[INFO] Register zero_ops() for <class 'torch.nn.modules.pooling.MaxPool2d'>.
[INFO] Register count_avgpool() for <class 'torch.nn.modules.pooling.AvgPool2d'>.
[INFO] Register count_upsample() for <class 'torch.nn.modules.upsampling.Upsample'>.
[INFO] Register count_softmax() for <class 'torch.nn.modules.activation.Softmax'>.
[INFO] Register count_linear() for <class 'torch.nn.modules.linear.Linear'>.
[INFO] Register count_normalization() for <class 'torch.nn.modules.batchnorm.BatchNorm1d'>.
[INFO] Register count_adap_avgpool() for <class 'torch.nn.modules.pooling.AdaptiveAvgPool2d'>.
FLOPs: 18.170116976 billion
Parameters: 0.544717 million
Latency: 85.19 ms
MACs: 9.085058488 billion
DEBUG OBJECTIVES: -14.231821200938079 18.170116976 -1567.28515625
Using downloaded and verified file: /home/nisha/.medmnist/breastmnist.npz
Using downloaded and verified file: /home/nisha/.medmnist/breastmnist.npz
Using downloaded and verified file: /home/nisha/.medmnist/breastmnist.npz
[INFO] Register count_convNd() for <class 'torch.nn.modules.conv.Conv2d'>.
[INFO] Register count_normalization() for <class 'torch.nn.modules.batchnorm.BatchNorm2d'>.
[INFO] Register zero_ops() for <class 'torch.nn.modules.container.Sequential'>.
[INFO] Register zero_ops() for <class 'torch.nn.modules.activation.ReLU'>.
[INFO] Register zero_ops() for <class 'torch.nn.modules.pooling.MaxPool2d'>.
[INFO] Register count_softmax() for <class 'torch.nn.modules.activation.Softmax'>.
[INFO] Register count_linear() for <class 'torch.nn.modules.linear.Linear'>.
[INFO] Register count_normalization() for <class 'torch.nn.modules.batchnorm.BatchNorm1d'>.
[INFO] Register count_adap_avgpool() for <class 'torch.nn.modules.pooling.AdaptiveAvgPool2d'>.
[INFO] Register count_avgpool() for <class 'torch.nn.modules.pooling.AvgPool2d'>.
FLOPs: 8.042537424 billion
Parameters: 0.225941 million
Latency: 50.80 ms
MACs: 4.021268712 billion
DEBUG OBJECTIVES: -14.41621568227578 8.042537424 -1499.95703125
Using downloaded and verified file: /home/nisha/.medmnist/breastmnist.npz
Using downloaded and verified file: /home/nisha/.medmnist/breastmnist.npz
Using downloaded and verified file: /home/nisha/.medmnist/breastmnist.npz
[INFO] Register count_convNd() for <class 'torch.nn.modules.conv.Conv2d'>.
[INFO] Register count_normalization() for <class 'torch.nn.modules.batchnorm.BatchNorm2d'>.
[INFO] Register zero_ops() for <class 'torch.nn.modules.container.Sequential'>.
[INFO] Register zero_ops() for <class 'torch.nn.modules.activation.ReLU'>.
[INFO] Register count_softmax() for <class 'torch.nn.modules.activation.Softmax'>.
[INFO] Register count_linear() for <class 'torch.nn.modules.linear.Linear'>.
[INFO] Register count_adap_avgpool() for <class 'torch.nn.modules.pooling.AdaptiveAvgPool2d'>.
[INFO] Register count_avgpool() for <class 'torch.nn.modules.pooling.AvgPool2d'>.
[INFO] Register count_normalization() for <class 'torch.nn.modules.batchnorm.BatchNorm1d'>.
FLOPs: 4.96221624 billion
Parameters: 0.086755 million
Latency: 33.56 ms
MACs: 2.48110812 billion
DEBUG OBJECTIVES: -9.977527875261629 4.96221624 -799.3250122070312
Using downloaded and verified file: /home/nisha/.medmnist/breastmnist.npz
Using downloaded and verified file: /home/nisha/.medmnist/breastmnist.npz
Using downloaded and verified file: /home/nisha/.medmnist/breastmnist.npz
[INFO] Register count_convNd() for <class 'torch.nn.modules.conv.Conv2d'>.
[INFO] Register count_normalization() for <class 'torch.nn.modules.batchnorm.BatchNorm2d'>.
[INFO] Register zero_ops() for <class 'torch.nn.modules.container.Sequential'>.
[INFO] Register zero_ops() for <class 'torch.nn.modules.activation.ReLU'>.
[INFO] Register count_softmax() for <class 'torch.nn.modules.activation.Softmax'>.
[INFO] Register count_linear() for <class 'torch.nn.modules.linear.Linear'>.
[INFO] Register count_adap_avgpool() for <class 'torch.nn.modules.pooling.AdaptiveAvgPool2d'>.
[INFO] Register count_avgpool() for <class 'torch.nn.modules.pooling.AvgPool2d'>.
[INFO] Register count_upsample() for <class 'torch.nn.modules.upsampling.Upsample'>.
[INFO] Register zero_ops() for <class 'torch.nn.modules.pooling.MaxPool2d'>.
FLOPs: 10.853097728 billion
Parameters: 0.352293 million
Latency: 18.11 ms
MACs: 5.426548864 billion
DEBUG OBJECTIVES: -10.116744616628958 10.853097728 -709.6939697265625
Using downloaded and verified file: /home/nisha/.medmnist/breastmnist.npz
Using downloaded and verified file: /home/nisha/.medmnist/breastmnist.npz
Using downloaded and verified file: /home/nisha/.medmnist/breastmnist.npz
[INFO] Register count_convNd() for <class 'torch.nn.modules.conv.Conv2d'>.
[INFO] Register count_normalization() for <class 'torch.nn.modules.batchnorm.BatchNorm2d'>.
[INFO] Register zero_ops() for <class 'torch.nn.modules.container.Sequential'>.
[INFO] Register zero_ops() for <class 'torch.nn.modules.activation.ReLU'>.
[INFO] Register zero_ops() for <class 'torch.nn.modules.pooling.MaxPool2d'>.
[INFO] Register count_softmax() for <class 'torch.nn.modules.activation.Softmax'>.
[INFO] Register count_linear() for <class 'torch.nn.modules.linear.Linear'>.
[INFO] Register count_normalization() for <class 'torch.nn.modules.batchnorm.BatchNorm1d'>.
[INFO] Register count_adap_avgpool() for <class 'torch.nn.modules.pooling.AdaptiveAvgPool2d'>.
[INFO] Register count_avgpool() for <class 'torch.nn.modules.pooling.AvgPool2d'>.
FLOPs: 8.350147312 billion
Parameters: 0.228747 million
Latency: 52.64 ms
MACs: 4.175073656 billion
DEBUG OBJECTIVES: -15.38664936667054 8.350147312 -936.426513671875
Using downloaded and verified file: /home/nisha/.medmnist/breastmnist.npz
Using downloaded and verified file: /home/nisha/.medmnist/breastmnist.npz
Using downloaded and verified file: /home/nisha/.medmnist/breastmnist.npz
[INFO] Register count_convNd() for <class 'torch.nn.modules.conv.Conv2d'>.
[INFO] Register count_normalization() for <class 'torch.nn.modules.batchnorm.BatchNorm2d'>.
[INFO] Register zero_ops() for <class 'torch.nn.modules.container.Sequential'>.
[INFO] Register zero_ops() for <class 'torch.nn.modules.activation.ReLU'>.
[INFO] Register count_avgpool() for <class 'torch.nn.modules.pooling.AvgPool2d'>.
[INFO] Register count_upsample() for <class 'torch.nn.modules.upsampling.Upsample'>.
[INFO] Register count_adap_avgpool() for <class 'torch.nn.modules.pooling.AdaptiveAvgPool2d'>.
[INFO] Register count_linear() for <class 'torch.nn.modules.linear.Linear'>.
[INFO] Register count_normalization() for <class 'torch.nn.modules.batchnorm.BatchNorm1d'>.
[INFO] Register count_softmax() for <class 'torch.nn.modules.activation.Softmax'>.
FLOPs: 4.7536632 billion
Parameters: 0.172404 million
Latency: 22.09 ms
MACs: 2.3768316 billion
DEBUG OBJECTIVES: -7.486908820399926 4.7536632 -596.1025390625
Using downloaded and verified file: /home/nisha/.medmnist/breastmnist.npz
Using downloaded and verified file: /home/nisha/.medmnist/breastmnist.npz
Using downloaded and verified file: /home/nisha/.medmnist/breastmnist.npz
[INFO] Register count_convNd() for <class 'torch.nn.modules.conv.Conv2d'>.
[INFO] Register count_normalization() for <class 'torch.nn.modules.batchnorm.BatchNorm2d'>.
[INFO] Register zero_ops() for <class 'torch.nn.modules.container.Sequential'>.
[INFO] Register zero_ops() for <class 'torch.nn.modules.activation.ReLU'>.
[INFO] Register zero_ops() for <class 'torch.nn.modules.pooling.MaxPool2d'>.
[INFO] Register count_avgpool() for <class 'torch.nn.modules.pooling.AvgPool2d'>.
[INFO] Register count_upsample() for <class 'torch.nn.modules.upsampling.Upsample'>.
[INFO] Register count_softmax() for <class 'torch.nn.modules.activation.Softmax'>.
[INFO] Register count_adap_avgpool() for <class 'torch.nn.modules.pooling.AdaptiveAvgPool2d'>.
[INFO] Register count_linear() for <class 'torch.nn.modules.linear.Linear'>.
[INFO] Register count_normalization() for <class 'torch.nn.modules.batchnorm.BatchNorm1d'>.
FLOPs: 7.259042016 billion
Parameters: 0.248984 million
Latency: 14.59 ms
MACs: 3.629521008 billion
DEBUG OBJECTIVES: -8.602191611646266 7.259042016 -617.5762939453125
Using downloaded and verified file: /home/nisha/.medmnist/breastmnist.npz
Using downloaded and verified file: /home/nisha/.medmnist/breastmnist.npz
Using downloaded and verified file: /home/nisha/.medmnist/breastmnist.npz
[INFO] Register count_convNd() for <class 'torch.nn.modules.conv.Conv2d'>.
[INFO] Register count_normalization() for <class 'torch.nn.modules.batchnorm.BatchNorm2d'>.
[INFO] Register zero_ops() for <class 'torch.nn.modules.container.Sequential'>.
[INFO] Register zero_ops() for <class 'torch.nn.modules.activation.ReLU'>.
[INFO] Register count_softmax() for <class 'torch.nn.modules.activation.Softmax'>.
[INFO] Register count_linear() for <class 'torch.nn.modules.linear.Linear'>.
[INFO] Register count_adap_avgpool() for <class 'torch.nn.modules.pooling.AdaptiveAvgPool2d'>.
[INFO] Register count_avgpool() for <class 'torch.nn.modules.pooling.AvgPool2d'>.
[INFO] Register count_normalization() for <class 'torch.nn.modules.batchnorm.BatchNorm1d'>.
FLOPs: 6.166051568 billion
Parameters: 0.109782 million
Latency: 42.49 ms
MACs: 3.083025784 billion
DEBUG OBJECTIVES: -7.768273213224132 6.166051568 -857.4102783203125
Using downloaded and verified file: /home/nisha/.medmnist/breastmnist.npz
Using downloaded and verified file: /home/nisha/.medmnist/breastmnist.npz
Using downloaded and verified file: /home/nisha/.medmnist/breastmnist.npz
[INFO] Register count_convNd() for <class 'torch.nn.modules.conv.Conv2d'>.
[INFO] Register count_normalization() for <class 'torch.nn.modules.batchnorm.BatchNorm2d'>.
[INFO] Register zero_ops() for <class 'torch.nn.modules.container.Sequential'>.
[INFO] Register zero_ops() for <class 'torch.nn.modules.activation.ReLU'>.
[INFO] Register count_avgpool() for <class 'torch.nn.modules.pooling.AvgPool2d'>.
[INFO] Register count_softmax() for <class 'torch.nn.modules.activation.Softmax'>.
[INFO] Register count_adap_avgpool() for <class 'torch.nn.modules.pooling.AdaptiveAvgPool2d'>.
[INFO] Register count_linear() for <class 'torch.nn.modules.linear.Linear'>.
[INFO] Register count_normalization() for <class 'torch.nn.modules.batchnorm.BatchNorm1d'>.
FLOPs: 5.337447264 billion
Parameters: 0.161546 million
Latency: 16.79 ms
MACs: 2.668723632 billion
DEBUG OBJECTIVES: -5.885089170939682 5.337447264 -607.742919921875
Using downloaded and verified file: /home/nisha/.medmnist/breastmnist.npz
Using downloaded and verified file: /home/nisha/.medmnist/breastmnist.npz
Using downloaded and verified file: /home/nisha/.medmnist/breastmnist.npz
[INFO] Register count_convNd() for <class 'torch.nn.modules.conv.Conv2d'>.
[INFO] Register count_normalization() for <class 'torch.nn.modules.batchnorm.BatchNorm2d'>.
[INFO] Register zero_ops() for <class 'torch.nn.modules.container.Sequential'>.
[INFO] Register zero_ops() for <class 'torch.nn.modules.activation.ReLU'>.
[INFO] Register zero_ops() for <class 'torch.nn.modules.pooling.MaxPool2d'>.
[INFO] Register count_softmax() for <class 'torch.nn.modules.activation.Softmax'>.
[INFO] Register count_linear() for <class 'torch.nn.modules.linear.Linear'>.
[INFO] Register count_normalization() for <class 'torch.nn.modules.batchnorm.BatchNorm1d'>.
[INFO] Register count_adap_avgpool() for <class 'torch.nn.modules.pooling.AdaptiveAvgPool2d'>.
[INFO] Register count_avgpool() for <class 'torch.nn.modules.pooling.AvgPool2d'>.
FLOPs: 7.821561872 billion
Parameters: 0.219299 million
Latency: 51.81 ms
MACs: 3.910780936 billion
DEBUG OBJECTIVES: -14.894676911960161 7.821561872 -1556.61279296875
Using downloaded and verified file: /home/nisha/.medmnist/breastmnist.npz
Using downloaded and verified file: /home/nisha/.medmnist/breastmnist.npz
Using downloaded and verified file: /home/nisha/.medmnist/breastmnist.npz
[INFO] Register count_convNd() for <class 'torch.nn.modules.conv.Conv2d'>.
[INFO] Register count_normalization() for <class 'torch.nn.modules.batchnorm.BatchNorm2d'>.
[INFO] Register zero_ops() for <class 'torch.nn.modules.container.Sequential'>.
[INFO] Register zero_ops() for <class 'torch.nn.modules.activation.ReLU'>.
[INFO] Register count_avgpool() for <class 'torch.nn.modules.pooling.AvgPool2d'>.
[INFO] Register count_upsample() for <class 'torch.nn.modules.upsampling.Upsample'>.
[INFO] Register zero_ops() for <class 'torch.nn.modules.pooling.MaxPool2d'>.
[INFO] Register count_softmax() for <class 'torch.nn.modules.activation.Softmax'>.
[INFO] Register count_adap_avgpool() for <class 'torch.nn.modules.pooling.AdaptiveAvgPool2d'>.
[INFO] Register count_linear() for <class 'torch.nn.modules.linear.Linear'>.
FLOPs: 9.358434944 billion
Parameters: 0.282035 million
Latency: 43.78 ms
MACs: 4.679217472 billion
DEBUG OBJECTIVES: -15.307948461651103 9.358434944 -1467.00146484375
Using downloaded and verified file: /home/nisha/.medmnist/breastmnist.npz
Using downloaded and verified file: /home/nisha/.medmnist/breastmnist.npz
Using downloaded and verified file: /home/nisha/.medmnist/breastmnist.npz
[INFO] Register count_convNd() for <class 'torch.nn.modules.conv.Conv2d'>.
[INFO] Register count_normalization() for <class 'torch.nn.modules.batchnorm.BatchNorm2d'>.
[INFO] Register zero_ops() for <class 'torch.nn.modules.container.Sequential'>.
[INFO] Register zero_ops() for <class 'torch.nn.modules.activation.ReLU'>.
[INFO] Register count_avgpool() for <class 'torch.nn.modules.pooling.AvgPool2d'>.
[INFO] Register count_upsample() for <class 'torch.nn.modules.upsampling.Upsample'>.
[INFO] Register zero_ops() for <class 'torch.nn.modules.pooling.MaxPool2d'>.
[INFO] Register count_softmax() for <class 'torch.nn.modules.activation.Softmax'>.
[INFO] Register count_adap_avgpool() for <class 'torch.nn.modules.pooling.AdaptiveAvgPool2d'>.
[INFO] Register count_linear() for <class 'torch.nn.modules.linear.Linear'>.
FLOPs: 8.354332352 billion
Parameters: 0.3412 million
Latency: 11.04 ms
MACs: 4.177166176 billion
DEBUG OBJECTIVES: -4.756822449873181 8.354332352 -504.8514099121094
Using downloaded and verified file: /home/nisha/.medmnist/breastmnist.npz
Using downloaded and verified file: /home/nisha/.medmnist/breastmnist.npz
Using downloaded and verified file: /home/nisha/.medmnist/breastmnist.npz
[INFO] Register count_convNd() for <class 'torch.nn.modules.conv.Conv2d'>.
[INFO] Register count_normalization() for <class 'torch.nn.modules.batchnorm.BatchNorm2d'>.
[INFO] Register zero_ops() for <class 'torch.nn.modules.container.Sequential'>.
[INFO] Register zero_ops() for <class 'torch.nn.modules.activation.ReLU'>.
[INFO] Register count_softmax() for <class 'torch.nn.modules.activation.Softmax'>.
[INFO] Register count_linear() for <class 'torch.nn.modules.linear.Linear'>.
[INFO] Register count_adap_avgpool() for <class 'torch.nn.modules.pooling.AdaptiveAvgPool2d'>.
[INFO] Register count_avgpool() for <class 'torch.nn.modules.pooling.AvgPool2d'>.
[INFO] Register count_normalization() for <class 'torch.nn.modules.batchnorm.BatchNorm1d'>.
FLOPs: 8.510362544 billion
Parameters: 0.237663 million
Latency: 48.77 ms
MACs: 4.255181272 billion
DEBUG OBJECTIVES: -11.587624760166154 8.510362544 -1657.8380126953125
Using downloaded and verified file: /home/nisha/.medmnist/breastmnist.npz
Using downloaded and verified file: /home/nisha/.medmnist/breastmnist.npz
Using downloaded and verified file: /home/nisha/.medmnist/breastmnist.npz
[INFO] Register count_convNd() for <class 'torch.nn.modules.conv.Conv2d'>.
[INFO] Register count_normalization() for <class 'torch.nn.modules.batchnorm.BatchNorm2d'>.
[INFO] Register zero_ops() for <class 'torch.nn.modules.container.Sequential'>.
[INFO] Register zero_ops() for <class 'torch.nn.modules.activation.ReLU'>.
[INFO] Register count_avgpool() for <class 'torch.nn.modules.pooling.AvgPool2d'>.
[INFO] Register count_upsample() for <class 'torch.nn.modules.upsampling.Upsample'>.
[INFO] Register count_adap_avgpool() for <class 'torch.nn.modules.pooling.AdaptiveAvgPool2d'>.
[INFO] Register count_linear() for <class 'torch.nn.modules.linear.Linear'>.
[INFO] Register count_normalization() for <class 'torch.nn.modules.batchnorm.BatchNorm1d'>.
[INFO] Register count_softmax() for <class 'torch.nn.modules.activation.Softmax'>.
FLOPs: 5.914310464 billion
Parameters: 0.22504 million
Latency: 19.23 ms
MACs: 2.957155232 billion
DEBUG OBJECTIVES: -7.526795975888158 5.914310464 -664.7346801757812
Using downloaded and verified file: /home/nisha/.medmnist/breastmnist.npz
Using downloaded and verified file: /home/nisha/.medmnist/breastmnist.npz
Using downloaded and verified file: /home/nisha/.medmnist/breastmnist.npz
[INFO] Register count_convNd() for <class 'torch.nn.modules.conv.Conv2d'>.
[INFO] Register count_normalization() for <class 'torch.nn.modules.batchnorm.BatchNorm2d'>.
[INFO] Register zero_ops() for <class 'torch.nn.modules.container.Sequential'>.
[INFO] Register zero_ops() for <class 'torch.nn.modules.activation.ReLU'>.
[INFO] Register count_softmax() for <class 'torch.nn.modules.activation.Softmax'>.
[INFO] Register count_linear() for <class 'torch.nn.modules.linear.Linear'>.
[INFO] Register count_adap_avgpool() for <class 'torch.nn.modules.pooling.AdaptiveAvgPool2d'>.
[INFO] Register count_avgpool() for <class 'torch.nn.modules.pooling.AvgPool2d'>.
[INFO] Register count_normalization() for <class 'torch.nn.modules.batchnorm.BatchNorm1d'>.
FLOPs: 13.440004112 billion
Parameters: 0.338519 million
Latency: 50.44 ms
MACs: 6.720002056 billion
DEBUG OBJECTIVES: -15.761826469708684 13.440004112 -1569.3021240234375
Using downloaded and verified file: /home/nisha/.medmnist/breastmnist.npz
Using downloaded and verified file: /home/nisha/.medmnist/breastmnist.npz
Using downloaded and verified file: /home/nisha/.medmnist/breastmnist.npz
[INFO] Register count_convNd() for <class 'torch.nn.modules.conv.Conv2d'>.
[INFO] Register count_normalization() for <class 'torch.nn.modules.batchnorm.BatchNorm2d'>.
[INFO] Register zero_ops() for <class 'torch.nn.modules.container.Sequential'>.
[INFO] Register zero_ops() for <class 'torch.nn.modules.activation.ReLU'>.
[INFO] Register zero_ops() for <class 'torch.nn.modules.pooling.MaxPool2d'>.
[INFO] Register count_softmax() for <class 'torch.nn.modules.activation.Softmax'>.
[INFO] Register count_linear() for <class 'torch.nn.modules.linear.Linear'>.
[INFO] Register count_normalization() for <class 'torch.nn.modules.batchnorm.BatchNorm1d'>.
[INFO] Register count_adap_avgpool() for <class 'torch.nn.modules.pooling.AdaptiveAvgPool2d'>.
[INFO] Register count_avgpool() for <class 'torch.nn.modules.pooling.AvgPool2d'>.
FLOPs: 5.297442544 billion
Parameters: 0.097823 million
Latency: 35.93 ms
MACs: 2.648721272 billion
DEBUG OBJECTIVES: -9.621327873845322 5.297442544 -811.7687377929688
     9 |      180 |     20 |  0.0236733226 |             f
Using downloaded and verified file: /home/nisha/.medmnist/breastmnist.npz
Using downloaded and verified file: /home/nisha/.medmnist/breastmnist.npz
Using downloaded and verified file: /home/nisha/.medmnist/breastmnist.npz
[INFO] Register count_convNd() for <class 'torch.nn.modules.conv.Conv2d'>.
[INFO] Register count_normalization() for <class 'torch.nn.modules.batchnorm.BatchNorm2d'>.
[INFO] Register zero_ops() for <class 'torch.nn.modules.container.Sequential'>.
[INFO] Register zero_ops() for <class 'torch.nn.modules.activation.ReLU'>.
[INFO] Register count_avgpool() for <class 'torch.nn.modules.pooling.AvgPool2d'>.
[INFO] Register count_upsample() for <class 'torch.nn.modules.upsampling.Upsample'>.
[INFO] Register count_adap_avgpool() for <class 'torch.nn.modules.pooling.AdaptiveAvgPool2d'>.
[INFO] Register count_linear() for <class 'torch.nn.modules.linear.Linear'>.
[INFO] Register count_normalization() for <class 'torch.nn.modules.batchnorm.BatchNorm1d'>.
[INFO] Register count_softmax() for <class 'torch.nn.modules.activation.Softmax'>.
FLOPs: 4.778573408 billion
Parameters: 0.173446 million
Latency: 19.76 ms
MACs: 2.389286704 billion
DEBUG OBJECTIVES: -9.663332080178293 4.778573408 -693.5634765625
Using downloaded and verified file: /home/nisha/.medmnist/breastmnist.npz
Using downloaded and verified file: /home/nisha/.medmnist/breastmnist.npz
Using downloaded and verified file: /home/nisha/.medmnist/breastmnist.npz
[INFO] Register count_convNd() for <class 'torch.nn.modules.conv.Conv2d'>.
[INFO] Register count_normalization() for <class 'torch.nn.modules.batchnorm.BatchNorm2d'>.
[INFO] Register zero_ops() for <class 'torch.nn.modules.container.Sequential'>.
[INFO] Register zero_ops() for <class 'torch.nn.modules.activation.ReLU'>.
[INFO] Register count_softmax() for <class 'torch.nn.modules.activation.Softmax'>.
[INFO] Register count_linear() for <class 'torch.nn.modules.linear.Linear'>.
[INFO] Register count_adap_avgpool() for <class 'torch.nn.modules.pooling.AdaptiveAvgPool2d'>.
[INFO] Register count_avgpool() for <class 'torch.nn.modules.pooling.AvgPool2d'>.
FLOPs: 5.852602096 billion
Parameters: 0.109073 million
Latency: 33.24 ms
MACs: 2.926301048 billion
DEBUG OBJECTIVES: -9.0586827059186 5.852602096 -869.8807983398438
Using downloaded and verified file: /home/nisha/.medmnist/breastmnist.npz
Using downloaded and verified file: /home/nisha/.medmnist/breastmnist.npz
Using downloaded and verified file: /home/nisha/.medmnist/breastmnist.npz
[INFO] Register count_convNd() for <class 'torch.nn.modules.conv.Conv2d'>.
[INFO] Register count_normalization() for <class 'torch.nn.modules.batchnorm.BatchNorm2d'>.
[INFO] Register zero_ops() for <class 'torch.nn.modules.container.Sequential'>.
[INFO] Register zero_ops() for <class 'torch.nn.modules.activation.ReLU'>.
[INFO] Register zero_ops() for <class 'torch.nn.modules.pooling.MaxPool2d'>.
[INFO] Register count_softmax() for <class 'torch.nn.modules.activation.Softmax'>.
[INFO] Register count_linear() for <class 'torch.nn.modules.linear.Linear'>.
[INFO] Register count_normalization() for <class 'torch.nn.modules.batchnorm.BatchNorm1d'>.
[INFO] Register count_adap_avgpool() for <class 'torch.nn.modules.pooling.AdaptiveAvgPool2d'>.
[INFO] Register count_avgpool() for <class 'torch.nn.modules.pooling.AvgPool2d'>.
FLOPs: 8.483881936 billion
Parameters: 0.234691 million
Latency: 52.62 ms
MACs: 4.241940968 billion
DEBUG OBJECTIVES: -12.678355647358238 8.483881936 -1621.132568359375
Using downloaded and verified file: /home/nisha/.medmnist/breastmnist.npz
Using downloaded and verified file: /home/nisha/.medmnist/breastmnist.npz
Using downloaded and verified file: /home/nisha/.medmnist/breastmnist.npz
[INFO] Register count_convNd() for <class 'torch.nn.modules.conv.Conv2d'>.
[INFO] Register count_normalization() for <class 'torch.nn.modules.batchnorm.BatchNorm2d'>.
[INFO] Register zero_ops() for <class 'torch.nn.modules.container.Sequential'>.
[INFO] Register zero_ops() for <class 'torch.nn.modules.activation.ReLU'>.
[INFO] Register count_avgpool() for <class 'torch.nn.modules.pooling.AvgPool2d'>.
[INFO] Register count_softmax() for <class 'torch.nn.modules.activation.Softmax'>.
[INFO] Register count_adap_avgpool() for <class 'torch.nn.modules.pooling.AdaptiveAvgPool2d'>.
[INFO] Register count_linear() for <class 'torch.nn.modules.linear.Linear'>.
[INFO] Register count_normalization() for <class 'torch.nn.modules.batchnorm.BatchNorm1d'>.
FLOPs: 2.81000112 billion
Parameters: 0.077194 million
Latency: 15.30 ms
MACs: 1.40500056 billion
DEBUG OBJECTIVES: -9.140889993130184 2.81000112 -612.1395263671875
Using downloaded and verified file: /home/nisha/.medmnist/breastmnist.npz
Using downloaded and verified file: /home/nisha/.medmnist/breastmnist.npz
Using downloaded and verified file: /home/nisha/.medmnist/breastmnist.npz
[INFO] Register count_convNd() for <class 'torch.nn.modules.conv.Conv2d'>.
[INFO] Register count_normalization() for <class 'torch.nn.modules.batchnorm.BatchNorm2d'>.
[INFO] Register zero_ops() for <class 'torch.nn.modules.container.Sequential'>.
[INFO] Register zero_ops() for <class 'torch.nn.modules.activation.ReLU'>.
[INFO] Register count_avgpool() for <class 'torch.nn.modules.pooling.AvgPool2d'>.
[INFO] Register count_upsample() for <class 'torch.nn.modules.upsampling.Upsample'>.
[INFO] Register zero_ops() for <class 'torch.nn.modules.pooling.MaxPool2d'>.
[INFO] Register count_adap_avgpool() for <class 'torch.nn.modules.pooling.AdaptiveAvgPool2d'>.
[INFO] Register count_linear() for <class 'torch.nn.modules.linear.Linear'>.
[INFO] Register count_normalization() for <class 'torch.nn.modules.batchnorm.BatchNorm1d'>.
[INFO] Register count_softmax() for <class 'torch.nn.modules.activation.Softmax'>.
FLOPs: 18.529125888 billion
Parameters: 0.579278 million
Latency: 23.41 ms
MACs: 9.264562944 billion
DEBUG OBJECTIVES: -11.281854970279756 18.529125888 -1058.4346923828125
Using downloaded and verified file: /home/nisha/.medmnist/breastmnist.npz
Using downloaded and verified file: /home/nisha/.medmnist/breastmnist.npz
Using downloaded and verified file: /home/nisha/.medmnist/breastmnist.npz
[INFO] Register count_convNd() for <class 'torch.nn.modules.conv.Conv2d'>.
[INFO] Register count_normalization() for <class 'torch.nn.modules.batchnorm.BatchNorm2d'>.
[INFO] Register zero_ops() for <class 'torch.nn.modules.container.Sequential'>.
[INFO] Register zero_ops() for <class 'torch.nn.modules.activation.ReLU'>.
[INFO] Register count_avgpool() for <class 'torch.nn.modules.pooling.AvgPool2d'>.
[INFO] Register count_upsample() for <class 'torch.nn.modules.upsampling.Upsample'>.
[INFO] Register count_softmax() for <class 'torch.nn.modules.activation.Softmax'>.
[INFO] Register count_linear() for <class 'torch.nn.modules.linear.Linear'>.
[INFO] Register count_adap_avgpool() for <class 'torch.nn.modules.pooling.AdaptiveAvgPool2d'>.
[INFO] Register count_normalization() for <class 'torch.nn.modules.batchnorm.BatchNorm1d'>.
FLOPs: 11.200139888 billion
Parameters: 0.210068 million
Latency: 47.26 ms
MACs: 5.600069944 billion
DEBUG OBJECTIVES: -9.610733186634622 11.200139888 -882.98681640625
Using downloaded and verified file: /home/nisha/.medmnist/breastmnist.npz
Using downloaded and verified file: /home/nisha/.medmnist/breastmnist.npz
Using downloaded and verified file: /home/nisha/.medmnist/breastmnist.npz
[INFO] Register count_convNd() for <class 'torch.nn.modules.conv.Conv2d'>.
[INFO] Register count_normalization() for <class 'torch.nn.modules.batchnorm.BatchNorm2d'>.
[INFO] Register zero_ops() for <class 'torch.nn.modules.container.Sequential'>.
[INFO] Register zero_ops() for <class 'torch.nn.modules.activation.ReLU'>.
[INFO] Register count_softmax() for <class 'torch.nn.modules.activation.Softmax'>.
[INFO] Register count_linear() for <class 'torch.nn.modules.linear.Linear'>.
[INFO] Register count_adap_avgpool() for <class 'torch.nn.modules.pooling.AdaptiveAvgPool2d'>.
[INFO] Register count_avgpool() for <class 'torch.nn.modules.pooling.AvgPool2d'>.
[INFO] Register count_normalization() for <class 'torch.nn.modules.batchnorm.BatchNorm1d'>.
FLOPs: 13.436012944 billion
Parameters: 0.338217 million
Latency: 48.96 ms
MACs: 6.718006472 billion
DEBUG OBJECTIVES: -13.99424710944862 13.436012944 -1650.591552734375
Using downloaded and verified file: /home/nisha/.medmnist/breastmnist.npz
Using downloaded and verified file: /home/nisha/.medmnist/breastmnist.npz
Using downloaded and verified file: /home/nisha/.medmnist/breastmnist.npz
[INFO] Register count_convNd() for <class 'torch.nn.modules.conv.Conv2d'>.
[INFO] Register count_normalization() for <class 'torch.nn.modules.batchnorm.BatchNorm2d'>.
[INFO] Register zero_ops() for <class 'torch.nn.modules.container.Sequential'>.
[INFO] Register zero_ops() for <class 'torch.nn.modules.activation.ReLU'>.
[INFO] Register count_softmax() for <class 'torch.nn.modules.activation.Softmax'>.
[INFO] Register count_linear() for <class 'torch.nn.modules.linear.Linear'>.
[INFO] Register count_adap_avgpool() for <class 'torch.nn.modules.pooling.AdaptiveAvgPool2d'>.
[INFO] Register count_avgpool() for <class 'torch.nn.modules.pooling.AvgPool2d'>.
[INFO] Register count_normalization() for <class 'torch.nn.modules.batchnorm.BatchNorm1d'>.
FLOPs: 5.799033008 billion
Parameters: 0.103283 million
Latency: 31.94 ms
MACs: 2.899516504 billion
DEBUG OBJECTIVES: -8.661402617321599 5.799033008 -808.697021484375
Using downloaded and verified file: /home/nisha/.medmnist/breastmnist.npz
Using downloaded and verified file: /home/nisha/.medmnist/breastmnist.npz
Using downloaded and verified file: /home/nisha/.medmnist/breastmnist.npz
[INFO] Register count_convNd() for <class 'torch.nn.modules.conv.Conv2d'>.
[INFO] Register count_normalization() for <class 'torch.nn.modules.batchnorm.BatchNorm2d'>.
[INFO] Register zero_ops() for <class 'torch.nn.modules.container.Sequential'>.
[INFO] Register zero_ops() for <class 'torch.nn.modules.activation.ReLU'>.
[INFO] Register count_avgpool() for <class 'torch.nn.modules.pooling.AvgPool2d'>.
[INFO] Register count_softmax() for <class 'torch.nn.modules.activation.Softmax'>.
[INFO] Register count_adap_avgpool() for <class 'torch.nn.modules.pooling.AdaptiveAvgPool2d'>.
[INFO] Register count_linear() for <class 'torch.nn.modules.linear.Linear'>.
[INFO] Register count_normalization() for <class 'torch.nn.modules.batchnorm.BatchNorm1d'>.
FLOPs: 3.37447408 billion
Parameters: 0.086936 million
Latency: 16.12 ms
MACs: 1.68723704 billion
DEBUG OBJECTIVES: -6.363919628350092 3.37447408 -535.1497802734375
Using downloaded and verified file: /home/nisha/.medmnist/breastmnist.npz
Using downloaded and verified file: /home/nisha/.medmnist/breastmnist.npz
Using downloaded and verified file: /home/nisha/.medmnist/breastmnist.npz
[INFO] Register count_convNd() for <class 'torch.nn.modules.conv.Conv2d'>.
[INFO] Register count_normalization() for <class 'torch.nn.modules.batchnorm.BatchNorm2d'>.
[INFO] Register zero_ops() for <class 'torch.nn.modules.container.Sequential'>.
[INFO] Register zero_ops() for <class 'torch.nn.modules.activation.ReLU'>.
[INFO] Register count_softmax() for <class 'torch.nn.modules.activation.Softmax'>.
[INFO] Register count_linear() for <class 'torch.nn.modules.linear.Linear'>.
[INFO] Register count_adap_avgpool() for <class 'torch.nn.modules.pooling.AdaptiveAvgPool2d'>.
[INFO] Register count_avgpool() for <class 'torch.nn.modules.pooling.AvgPool2d'>.
[INFO] Register count_normalization() for <class 'torch.nn.modules.batchnorm.BatchNorm1d'>.
FLOPs: 5.799033008 billion
Parameters: 0.103283 million
Latency: 31.87 ms
MACs: 2.899516504 billion
DEBUG OBJECTIVES: -8.560657109275109 5.799033008 -829.8065185546875
Using downloaded and verified file: /home/nisha/.medmnist/breastmnist.npz
Using downloaded and verified file: /home/nisha/.medmnist/breastmnist.npz
Using downloaded and verified file: /home/nisha/.medmnist/breastmnist.npz
[INFO] Register count_convNd() for <class 'torch.nn.modules.conv.Conv2d'>.
[INFO] Register count_normalization() for <class 'torch.nn.modules.batchnorm.BatchNorm2d'>.
[INFO] Register zero_ops() for <class 'torch.nn.modules.container.Sequential'>.
[INFO] Register zero_ops() for <class 'torch.nn.modules.activation.ReLU'>.
[INFO] Register count_avgpool() for <class 'torch.nn.modules.pooling.AvgPool2d'>.
[INFO] Register count_softmax() for <class 'torch.nn.modules.activation.Softmax'>.
[INFO] Register count_adap_avgpool() for <class 'torch.nn.modules.pooling.AdaptiveAvgPool2d'>.
[INFO] Register count_linear() for <class 'torch.nn.modules.linear.Linear'>.
[INFO] Register count_normalization() for <class 'torch.nn.modules.batchnorm.BatchNorm1d'>.
FLOPs: 2.783172544 billion
Parameters: 0.075618 million
Latency: 15.24 ms
MACs: 1.391586272 billion
DEBUG OBJECTIVES: -6.236189983154592 2.783172544 -570.4921875
Using downloaded and verified file: /home/nisha/.medmnist/breastmnist.npz
Using downloaded and verified file: /home/nisha/.medmnist/breastmnist.npz
Using downloaded and verified file: /home/nisha/.medmnist/breastmnist.npz
[INFO] Register count_convNd() for <class 'torch.nn.modules.conv.Conv2d'>.
[INFO] Register count_normalization() for <class 'torch.nn.modules.batchnorm.BatchNorm2d'>.
[INFO] Register zero_ops() for <class 'torch.nn.modules.container.Sequential'>.
[INFO] Register zero_ops() for <class 'torch.nn.modules.activation.ReLU'>.
[INFO] Register zero_ops() for <class 'torch.nn.modules.pooling.MaxPool2d'>.
[INFO] Register count_softmax() for <class 'torch.nn.modules.activation.Softmax'>.
[INFO] Register count_linear() for <class 'torch.nn.modules.linear.Linear'>.
[INFO] Register count_normalization() for <class 'torch.nn.modules.batchnorm.BatchNorm1d'>.
[INFO] Register count_adap_avgpool() for <class 'torch.nn.modules.pooling.AdaptiveAvgPool2d'>.
FLOPs: 11.084387472 billion
Parameters: 0.321283 million
Latency: 54.27 ms
MACs: 5.542193736 billion
DEBUG OBJECTIVES: -17.1249863837572 11.084387472 -1581.0135498046875
Using downloaded and verified file: /home/nisha/.medmnist/breastmnist.npz
Using downloaded and verified file: /home/nisha/.medmnist/breastmnist.npz
Using downloaded and verified file: /home/nisha/.medmnist/breastmnist.npz
[INFO] Register count_convNd() for <class 'torch.nn.modules.conv.Conv2d'>.
[INFO] Register count_normalization() for <class 'torch.nn.modules.batchnorm.BatchNorm2d'>.
[INFO] Register zero_ops() for <class 'torch.nn.modules.container.Sequential'>.
[INFO] Register zero_ops() for <class 'torch.nn.modules.activation.ReLU'>.
[INFO] Register count_avgpool() for <class 'torch.nn.modules.pooling.AvgPool2d'>.
[INFO] Register count_upsample() for <class 'torch.nn.modules.upsampling.Upsample'>.
[INFO] Register zero_ops() for <class 'torch.nn.modules.pooling.MaxPool2d'>.
[INFO] Register count_softmax() for <class 'torch.nn.modules.activation.Softmax'>.
[INFO] Register count_adap_avgpool() for <class 'torch.nn.modules.pooling.AdaptiveAvgPool2d'>.
[INFO] Register count_linear() for <class 'torch.nn.modules.linear.Linear'>.
[INFO] Register count_normalization() for <class 'torch.nn.modules.batchnorm.BatchNorm1d'>.
FLOPs: 13.54145768 billion
Parameters: 0.437594 million
Latency: 35.29 ms
MACs: 6.77072884 billion
DEBUG OBJECTIVES: -16.8141566544472 13.54145768 -1492.4710693359375
Using downloaded and verified file: /home/nisha/.medmnist/breastmnist.npz
Using downloaded and verified file: /home/nisha/.medmnist/breastmnist.npz
Using downloaded and verified file: /home/nisha/.medmnist/breastmnist.npz
[INFO] Register count_convNd() for <class 'torch.nn.modules.conv.Conv2d'>.
[INFO] Register count_normalization() for <class 'torch.nn.modules.batchnorm.BatchNorm2d'>.
[INFO] Register zero_ops() for <class 'torch.nn.modules.container.Sequential'>.
[INFO] Register zero_ops() for <class 'torch.nn.modules.activation.ReLU'>.
[INFO] Register count_avgpool() for <class 'torch.nn.modules.pooling.AvgPool2d'>.
[INFO] Register count_softmax() for <class 'torch.nn.modules.activation.Softmax'>.
[INFO] Register count_adap_avgpool() for <class 'torch.nn.modules.pooling.AdaptiveAvgPool2d'>.
[INFO] Register count_linear() for <class 'torch.nn.modules.linear.Linear'>.
[INFO] Register count_normalization() for <class 'torch.nn.modules.batchnorm.BatchNorm1d'>.
FLOPs: 5.312537056 billion
Parameters: 0.160504 million
Latency: 17.72 ms
MACs: 2.656268528 billion
DEBUG OBJECTIVES: -10.585716300178431 5.312537056 -684.2503662109375
Using downloaded and verified file: /home/nisha/.medmnist/breastmnist.npz
Using downloaded and verified file: /home/nisha/.medmnist/breastmnist.npz
Using downloaded and verified file: /home/nisha/.medmnist/breastmnist.npz
[INFO] Register count_convNd() for <class 'torch.nn.modules.conv.Conv2d'>.
[INFO] Register count_normalization() for <class 'torch.nn.modules.batchnorm.BatchNorm2d'>.
[INFO] Register zero_ops() for <class 'torch.nn.modules.container.Sequential'>.
[INFO] Register zero_ops() for <class 'torch.nn.modules.activation.ReLU'>.
[INFO] Register count_avgpool() for <class 'torch.nn.modules.pooling.AvgPool2d'>.
[INFO] Register count_softmax() for <class 'torch.nn.modules.activation.Softmax'>.
[INFO] Register count_adap_avgpool() for <class 'torch.nn.modules.pooling.AdaptiveAvgPool2d'>.
[INFO] Register count_linear() for <class 'torch.nn.modules.linear.Linear'>.
[INFO] Register count_normalization() for <class 'torch.nn.modules.batchnorm.BatchNorm1d'>.
FLOPs: 5.337447264 billion
Parameters: 0.161546 million
Latency: 16.66 ms
MACs: 2.668723632 billion
DEBUG OBJECTIVES: -7.06771535264677 5.337447264 -657.4385986328125
Using downloaded and verified file: /home/nisha/.medmnist/breastmnist.npz
Using downloaded and verified file: /home/nisha/.medmnist/breastmnist.npz
Using downloaded and verified file: /home/nisha/.medmnist/breastmnist.npz
[INFO] Register count_convNd() for <class 'torch.nn.modules.conv.Conv2d'>.
[INFO] Register count_normalization() for <class 'torch.nn.modules.batchnorm.BatchNorm2d'>.
[INFO] Register zero_ops() for <class 'torch.nn.modules.container.Sequential'>.
[INFO] Register zero_ops() for <class 'torch.nn.modules.activation.ReLU'>.
[INFO] Register count_softmax() for <class 'torch.nn.modules.activation.Softmax'>.
[INFO] Register count_linear() for <class 'torch.nn.modules.linear.Linear'>.
[INFO] Register count_adap_avgpool() for <class 'torch.nn.modules.pooling.AdaptiveAvgPool2d'>.
[INFO] Register zero_ops() for <class 'torch.nn.modules.pooling.MaxPool2d'>.
[INFO] Register count_avgpool() for <class 'torch.nn.modules.pooling.AvgPool2d'>.
FLOPs: 6.280217232 billion
Parameters: 0.124665 million
Latency: 21.11 ms
MACs: 3.140108616 billion
DEBUG OBJECTIVES: -8.489749750951294 6.280217232 -919.0300903320312
Using downloaded and verified file: /home/nisha/.medmnist/breastmnist.npz
Using downloaded and verified file: /home/nisha/.medmnist/breastmnist.npz
Using downloaded and verified file: /home/nisha/.medmnist/breastmnist.npz
[INFO] Register count_convNd() for <class 'torch.nn.modules.conv.Conv2d'>.
[INFO] Register count_normalization() for <class 'torch.nn.modules.batchnorm.BatchNorm2d'>.
[INFO] Register zero_ops() for <class 'torch.nn.modules.container.Sequential'>.
[INFO] Register zero_ops() for <class 'torch.nn.modules.activation.ReLU'>.
[INFO] Register count_softmax() for <class 'torch.nn.modules.activation.Softmax'>.
[INFO] Register count_linear() for <class 'torch.nn.modules.linear.Linear'>.
[INFO] Register count_adap_avgpool() for <class 'torch.nn.modules.pooling.AdaptiveAvgPool2d'>.
[INFO] Register count_avgpool() for <class 'torch.nn.modules.pooling.AvgPool2d'>.
[INFO] Register count_normalization() for <class 'torch.nn.modules.batchnorm.BatchNorm1d'>.
FLOPs: 7.521308336 billion
Parameters: 0.172792 million
Latency: 43.01 ms
MACs: 3.760654168 billion
DEBUG OBJECTIVES: -11.373657777529536 7.521308336 -930.7285766601562
Using downloaded and verified file: /home/nisha/.medmnist/breastmnist.npz
Using downloaded and verified file: /home/nisha/.medmnist/breastmnist.npz
Using downloaded and verified file: /home/nisha/.medmnist/breastmnist.npz
[INFO] Register count_convNd() for <class 'torch.nn.modules.conv.Conv2d'>.
[INFO] Register count_normalization() for <class 'torch.nn.modules.batchnorm.BatchNorm2d'>.
[INFO] Register zero_ops() for <class 'torch.nn.modules.container.Sequential'>.
[INFO] Register zero_ops() for <class 'torch.nn.modules.activation.ReLU'>.
[INFO] Register zero_ops() for <class 'torch.nn.modules.pooling.MaxPool2d'>.
[INFO] Register count_softmax() for <class 'torch.nn.modules.activation.Softmax'>.
[INFO] Register count_linear() for <class 'torch.nn.modules.linear.Linear'>.
[INFO] Register count_normalization() for <class 'torch.nn.modules.batchnorm.BatchNorm1d'>.
[INFO] Register count_adap_avgpool() for <class 'torch.nn.modules.pooling.AdaptiveAvgPool2d'>.
[INFO] Register count_avgpool() for <class 'torch.nn.modules.pooling.AvgPool2d'>.
[INFO] Register count_upsample() for <class 'torch.nn.modules.upsampling.Upsample'>.
FLOPs: 13.766559248 billion
Parameters: 0.489923 million
Latency: 34.97 ms
MACs: 6.883279624 billion
DEBUG OBJECTIVES: -11.228465647078734 13.766559248 -1549.9326171875
Using downloaded and verified file: /home/nisha/.medmnist/breastmnist.npz
Using downloaded and verified file: /home/nisha/.medmnist/breastmnist.npz
Using downloaded and verified file: /home/nisha/.medmnist/breastmnist.npz
[INFO] Register count_convNd() for <class 'torch.nn.modules.conv.Conv2d'>.
[INFO] Register count_normalization() for <class 'torch.nn.modules.batchnorm.BatchNorm2d'>.
[INFO] Register zero_ops() for <class 'torch.nn.modules.container.Sequential'>.
[INFO] Register zero_ops() for <class 'torch.nn.modules.activation.ReLU'>.
[INFO] Register count_avgpool() for <class 'torch.nn.modules.pooling.AvgPool2d'>.
[INFO] Register count_softmax() for <class 'torch.nn.modules.activation.Softmax'>.
[INFO] Register count_adap_avgpool() for <class 'torch.nn.modules.pooling.AdaptiveAvgPool2d'>.
[INFO] Register count_linear() for <class 'torch.nn.modules.linear.Linear'>.
[INFO] Register count_normalization() for <class 'torch.nn.modules.batchnorm.BatchNorm1d'>.
FLOPs: 3.066192736 billion
Parameters: 0.08828 million
Latency: 15.14 ms
MACs: 1.533096368 billion
DEBUG OBJECTIVES: -7.68656380242803 3.066192736 -596.1175537109375
Using downloaded and verified file: /home/nisha/.medmnist/breastmnist.npz
Using downloaded and verified file: /home/nisha/.medmnist/breastmnist.npz
Using downloaded and verified file: /home/nisha/.medmnist/breastmnist.npz
[INFO] Register count_convNd() for <class 'torch.nn.modules.conv.Conv2d'>.
[INFO] Register count_normalization() for <class 'torch.nn.modules.batchnorm.BatchNorm2d'>.
[INFO] Register zero_ops() for <class 'torch.nn.modules.container.Sequential'>.
[INFO] Register zero_ops() for <class 'torch.nn.modules.activation.ReLU'>.
[INFO] Register count_avgpool() for <class 'torch.nn.modules.pooling.AvgPool2d'>.
[INFO] Register count_upsample() for <class 'torch.nn.modules.upsampling.Upsample'>.
[INFO] Register zero_ops() for <class 'torch.nn.modules.pooling.MaxPool2d'>.
[INFO] Register count_softmax() for <class 'torch.nn.modules.activation.Softmax'>.
[INFO] Register count_adap_avgpool() for <class 'torch.nn.modules.pooling.AdaptiveAvgPool2d'>.
[INFO] Register count_linear() for <class 'torch.nn.modules.linear.Linear'>.
[INFO] Register count_normalization() for <class 'torch.nn.modules.batchnorm.BatchNorm1d'>.
FLOPs: 11.247623152 billion
Parameters: 0.336561 million
Latency: 44.80 ms
MACs: 5.623811576 billion
DEBUG OBJECTIVES: -13.414415103110473 11.247623152 -1417.1094970703125
    10 |      200 |     20 |  0.0186548920 |         ideal

NSGA-II Pareto objective values:
[[  -18.19173747    17.74059088 -1193.21887207]
 [   -6.23618998     2.78317254  -570.4921875 ]
 [  -14.24744744    10.49101314 -1749.89587402]
 [  -17.59494909    14.52316926 -1248.30944824]
 [  -14.89467691     7.82156187 -1556.61279297]
 [  -17.41799349    10.49101314 -1705.56408691]
 [  -13.41970992     7.55823758  -952.23675537]
 [  -11.58762476     8.51036254 -1657.8380127 ]
 [  -16.34131859     7.86367902 -1588.11047363]
 [   -7.03003629     3.87193421  -730.04772949]
 [  -12.67835565     8.48388194 -1621.13256836]
 [   -7.55701095     6.28021723  -943.67926025]
 [   -8.696932       4.7536632   -665.37988281]
 [  -11.24165024     5.46185029  -781.94995117]
 [   -6.44231093     3.06619274  -629.96350098]
 [   -9.89511606     6.07770698  -929.74859619]
 [  -10.65384729     6.18978482  -872.11364746]
 [   -9.14088999     2.81000112  -612.13952637]
 [   -9.51419083     5.28299189  -883.70007324]
 [  -11.37365778     7.52130834  -930.72857666]]

================ TOPSIS SELECTED ARCHITECTURES ================
Weights: SynFlow/log_proxy_score = 0.4, ZiCO = 0.4, FLOPs = 0.2

SELECTED ARCHITECTURE #1
TOPSIS score: 0.781747
Distance to ideal best: 0.030568
Distance to ideal worst: 0.109490
SynFlow: 2.1944141195723976e+16
log10(SynFlow): 16.341318588997062
ZiCO: 1588.1104736328125
FLOPs: 7.863679 B
Params: 0.222029 M
MACs: 3.931840 B
Latency: 51.7833 ms
individual: [0.31209235506441924, 0, 5, 0.5720786431316901, 0, 2, 0.05636014402698404, 1, 3, 0.8181429276530479, 1, 5, 0.5709883756372198, 0, 1, 0.5120949225161185, 0, 0, 0.9416818476353025, 0, 5, 0.3675808236662639, 0, 5, 0.9274996974960027, 0, 5, 0.9110044491626038, 0, 1, 0.08660738745805496, 0, 1, 0.31123284995290995, 1, 1, 0.08065922522848938, 1, 2, 0.6640809028797113, 0, 2, 0.37828172451120207, 3, 2, 0.3974647876348452, 3, 1, 5]
decoded_cell: Genotype(normal=[('sep_conv_5x5', 0, 'DoubleAttention'), ('inv_res_5x5', 0, 'BAM'), ('max_pool_3x3', 1, 'CBAM'), ('mbconv_k7_t1', 1, 'DoubleAttention'), ('inv_res_5x5', 0, 'SE'), ('inv_res_3x3', 0, 'Identity'), ('mbconv_k3_t1', 0, 'DoubleAttention'), ('dil_conv_3x3', 0, 'DoubleAttention')], normal_concat=[2, 3, 4, 5], reduce=[('mbconv_k5_t1', 0, 'DoubleAttention'), ('mbconv_k5_t1', 0, 'SE'), ('avg_pool_3x3', 0, 'SE'), ('sep_conv_5x5', 1, 'SE'), ('avg_pool_3x3', 1, 'BAM'), ('blur_pool_3x3', 0, 'BAM'), ('dil_conv_5x5', 3, 'BAM'), ('dil_conv_5x5', 3, 'SE')], reduce_concat=[2, 3, 4, 5], normal_bottleneck='', reduce_bottleneck='')

Saved TOPSIS-selected architecture to: nsga2_selected_architecture.json
Saved 3D NSGA-II front surface plot to: nsga2_ranked_fronts.png

================================================================================
Training NSGA-II selected architecture #1
================================================================================
Selected architecture search metrics:
SynFlow: 2.1944141195723976e+16
log10(SynFlow): 16.341318588997062
ZiCO: 1588.1104736328125
FLOPs_B: 7.863679024
Params_M: 0.222029
Balanced distance: None
Balanced score: None
Compose(
    RandomApply(
    p=0.5
    RandomRotation(degrees=[-30.0, 30.0], interpolation=nearest, expand=False, fill=0)
)
    RandomApply(
    p=0.5
    RandomAffine(degrees=[0.0, 0.0], translate=(0.2, 0.2))
)
)
==> Preparing data...
Using downloaded and verified file: /home/nisha/.medmnist/breastmnist.npz
Using downloaded and verified file: /home/nisha/.medmnist/breastmnist.npz
Using downloaded and verified file: /home/nisha/.medmnist/breastmnist.npz
==> Building and training model...
train  auc: 0.36846  acc: 0.26923
  f1: 0.11422
val  auc: 0.44194  acc: 0.26923
 f1: 0.11422
test  auc: 0.39327  acc: 0.26923
 f1: 0.11422

cur_best_auc: 0.49039264828738516
cur_best_epoch 0
cur_best_auc: 0.5221386800334169
cur_best_epoch 1
cur_best_auc: 0.6791979949874687
cur_best_epoch 3
cur_best_auc: 0.7251461988304093
cur_best_epoch 25
breastmnist
train  auc: 0.73701  acc: 0.76007
   f1: 0.72930
val  auc: 0.71679  acc: 0.73077
   f1: 0.72930
test  auc: 0.74165  acc: 0.75641
   f1: 0.72930

cuda:0
[INFO] Register count_convNd() for <class 'torch.nn.modules.conv.Conv2d'>.
[INFO] Register count_normalization() for <class 'torch.nn.modules.batchnorm.BatchNorm2d'>.
[INFO] Register zero_ops() for <class 'torch.nn.modules.container.Sequential'>.
[INFO] Register zero_ops() for <class 'torch.nn.modules.activation.ReLU'>.
[INFO] Register zero_ops() for <class 'torch.nn.modules.pooling.MaxPool2d'>.
[INFO] Register count_softmax() for <class 'torch.nn.modules.activation.Softmax'>.
[INFO] Register count_linear() for <class 'torch.nn.modules.linear.Linear'>.
[INFO] Register count_normalization() for <class 'torch.nn.modules.batchnorm.BatchNorm1d'>.
[INFO] Register count_adap_avgpool() for <class 'torch.nn.modules.pooling.AdaptiveAvgPool2d'>.
[INFO] Register count_avgpool() for <class 'torch.nn.modules.pooling.AvgPool2d'>.
[GPU after DA candidate] allocated=0.02 GB, reserved=0.06 GB
Compose(
    RandomApply(
    p=0.5
    RandomAffine(degrees=[0.0, 0.0], translate=(0.2, 0.2))
)
    RandomApply(
    p=0.5
    RandomVerticalFlip(p=0.5)
)
)
==> Preparing data...
Using downloaded and verified file: /home/nisha/.medmnist/breastmnist.npz
Using downloaded and verified file: /home/nisha/.medmnist/breastmnist.npz
Using downloaded and verified file: /home/nisha/.medmnist/breastmnist.npz
==> Building and training model...
train  auc: 0.70025  acc: 0.74908
  f1: 0.71690
val  auc: 0.71679  acc: 0.73077
 f1: 0.72866
test  auc: 0.74165  acc: 0.75641
 f1: 0.75450

cur_best_auc: 0.6006683375104428
cur_best_epoch 0
