The ``converters`` are currently experimental. It may not support operations including (but not limited to) Functions in ``torch.nn.functional`` that involved data dimension
Using downloaded and verified file: /home/nisha/.medmnist/breastmnist.npz
Using downloaded and verified file: /home/nisha/.medmnist/breastmnist.npz
Using downloaded and verified file: /home/nisha/.medmnist/breastmnist.npz
Using downloaded and verified file: /home/nisha/.medmnist/breastmnist.npz

Compiled modules for significant speedup can not be used!
https://pymoo.org/installation.html#installation

To disable this warning:
from pymoo.config import Config
Config.warnings['not_compiled'] = False

Using downloaded and verified file: /home/nisha/.medmnist/breastmnist.npz
Using downloaded and verified file: /home/nisha/.medmnist/breastmnist.npz
Using downloaded and verified file: /home/nisha/.medmnist/breastmnist.npz
[INFO] Register count_convNd() for <class 'torch.nn.modules.conv.Conv2d'>.
[INFO] Register count_normalization() for <class 'torch.nn.modules.batchnorm.BatchNorm2d'>.
[INFO] Register zero_ops() for <class 'torch.nn.modules.container.Sequential'>.
[INFO] Register zero_ops() for <class 'torch.nn.modules.activation.ReLU'>.
[INFO] Register zero_ops() for <class 'torch.nn.modules.pooling.MaxPool2d'>.
[INFO] Register count_adap_avgpool() for <class 'torch.nn.modules.pooling.AdaptiveAvgPool2d'>.
[INFO] Register count_linear() for <class 'torch.nn.modules.linear.Linear'>.
[INFO] Register count_normalization() for <class 'torch.nn.modules.batchnorm.BatchNorm1d'>.
[INFO] Register count_softmax() for <class 'torch.nn.modules.activation.Softmax'>.
[INFO] Register count_avgpool() for <class 'torch.nn.modules.pooling.AvgPool2d'>.
[INFO] Register count_upsample() for <class 'torch.nn.modules.upsampling.Upsample'>.
FLOPs: 0.10317568 billion
Parameters: 0.178598 million
Latency: 23.03 ms
MACs: 0.05158784 billion
DEBUG OBJECTIVES: -8.546662834653375 0.10317568 -867.7094116210938
Using downloaded and verified file: /home/nisha/.medmnist/breastmnist.npz
Using downloaded and verified file: /home/nisha/.medmnist/breastmnist.npz
Using downloaded and verified file: /home/nisha/.medmnist/breastmnist.npz
[INFO] Register count_convNd() for <class 'torch.nn.modules.conv.Conv2d'>.
[INFO] Register count_normalization() for <class 'torch.nn.modules.batchnorm.BatchNorm2d'>.
[INFO] Register zero_ops() for <class 'torch.nn.modules.container.Sequential'>.
[INFO] Register zero_ops() for <class 'torch.nn.modules.activation.ReLU'>.
[INFO] Register zero_ops() for <class 'torch.nn.modules.pooling.MaxPool2d'>.
[INFO] Register count_avgpool() for <class 'torch.nn.modules.pooling.AvgPool2d'>.
[INFO] Register count_adap_avgpool() for <class 'torch.nn.modules.pooling.AdaptiveAvgPool2d'>.
[INFO] Register count_linear() for <class 'torch.nn.modules.linear.Linear'>.
[INFO] Register count_normalization() for <class 'torch.nn.modules.batchnorm.BatchNorm1d'>.
[INFO] Register count_upsample() for <class 'torch.nn.modules.upsampling.Upsample'>.
FLOPs: 0.144289088 billion
Parameters: 0.250932 million
Latency: 18.76 ms
MACs: 0.072144544 billion
DEBUG OBJECTIVES: -9.464620504069229 0.144289088 -724.91748046875
Using downloaded and verified file: /home/nisha/.medmnist/breastmnist.npz
Using downloaded and verified file: /home/nisha/.medmnist/breastmnist.npz
Using downloaded and verified file: /home/nisha/.medmnist/breastmnist.npz
[INFO] Register count_convNd() for <class 'torch.nn.modules.conv.Conv2d'>.
[INFO] Register count_normalization() for <class 'torch.nn.modules.batchnorm.BatchNorm2d'>.
[INFO] Register zero_ops() for <class 'torch.nn.modules.container.Sequential'>.
[INFO] Register zero_ops() for <class 'torch.nn.modules.activation.ReLU'>.
[INFO] Register count_avgpool() for <class 'torch.nn.modules.pooling.AvgPool2d'>.
[INFO] Register count_upsample() for <class 'torch.nn.modules.upsampling.Upsample'>.
[INFO] Register zero_ops() for <class 'torch.nn.modules.pooling.MaxPool2d'>.
[INFO] Register count_softmax() for <class 'torch.nn.modules.activation.Softmax'>.
[INFO] Register count_adap_avgpool() for <class 'torch.nn.modules.pooling.AdaptiveAvgPool2d'>.
[INFO] Register count_linear() for <class 'torch.nn.modules.linear.Linear'>.
FLOPs: 0.16261088 billion
Parameters: 0.3412 million
Latency: 11.58 ms
MACs: 0.08130544 billion
DEBUG OBJECTIVES: -8.579413635288644 0.16261088 -550.8796997070312
Using downloaded and verified file: /home/nisha/.medmnist/breastmnist.npz
Using downloaded and verified file: /home/nisha/.medmnist/breastmnist.npz
Using downloaded and verified file: /home/nisha/.medmnist/breastmnist.npz
[INFO] Register count_convNd() for <class 'torch.nn.modules.conv.Conv2d'>.
[INFO] Register count_normalization() for <class 'torch.nn.modules.batchnorm.BatchNorm2d'>.
[INFO] Register zero_ops() for <class 'torch.nn.modules.container.Sequential'>.
[INFO] Register zero_ops() for <class 'torch.nn.modules.activation.ReLU'>.
[INFO] Register count_avgpool() for <class 'torch.nn.modules.pooling.AvgPool2d'>.
[INFO] Register count_linear() for <class 'torch.nn.modules.linear.Linear'>.
[INFO] Register count_normalization() for <class 'torch.nn.modules.batchnorm.BatchNorm1d'>.
[INFO] Register count_softmax() for <class 'torch.nn.modules.activation.Softmax'>.
[INFO] Register count_adap_avgpool() for <class 'torch.nn.modules.pooling.AdaptiveAvgPool2d'>.
FLOPs: 0.082807744 billion
Parameters: 0.128752 million
Latency: 18.60 ms
MACs: 0.041403872 billion
DEBUG OBJECTIVES: -7.086714313859532 0.082807744 -828.4961547851562
Using downloaded and verified file: /home/nisha/.medmnist/breastmnist.npz
Using downloaded and verified file: /home/nisha/.medmnist/breastmnist.npz
Using downloaded and verified file: /home/nisha/.medmnist/breastmnist.npz
[INFO] Register count_convNd() for <class 'torch.nn.modules.conv.Conv2d'>.
[INFO] Register count_normalization() for <class 'torch.nn.modules.batchnorm.BatchNorm2d'>.
[INFO] Register zero_ops() for <class 'torch.nn.modules.container.Sequential'>.
[INFO] Register zero_ops() for <class 'torch.nn.modules.activation.ReLU'>.
[INFO] Register count_avgpool() for <class 'torch.nn.modules.pooling.AvgPool2d'>.
[INFO] Register count_upsample() for <class 'torch.nn.modules.upsampling.Upsample'>.
[INFO] Register zero_ops() for <class 'torch.nn.modules.pooling.MaxPool2d'>.
[INFO] Register count_softmax() for <class 'torch.nn.modules.activation.Softmax'>.
[INFO] Register count_adap_avgpool() for <class 'torch.nn.modules.pooling.AdaptiveAvgPool2d'>.
[INFO] Register count_linear() for <class 'torch.nn.modules.linear.Linear'>.
[INFO] Register count_normalization() for <class 'torch.nn.modules.batchnorm.BatchNorm1d'>.
FLOPs: 0.221686832 billion
Parameters: 0.374401 million
Latency: 36.49 ms
MACs: 0.110843416 billion
DEBUG OBJECTIVES: -15.467977723716169 0.221686832 -1597.029541015625
Using downloaded and verified file: /home/nisha/.medmnist/breastmnist.npz
Using downloaded and verified file: /home/nisha/.medmnist/breastmnist.npz
Using downloaded and verified file: /home/nisha/.medmnist/breastmnist.npz
[INFO] Register count_convNd() for <class 'torch.nn.modules.conv.Conv2d'>.
[INFO] Register count_normalization() for <class 'torch.nn.modules.batchnorm.BatchNorm2d'>.
[INFO] Register zero_ops() for <class 'torch.nn.modules.container.Sequential'>.
[INFO] Register zero_ops() for <class 'torch.nn.modules.activation.ReLU'>.
[INFO] Register count_avgpool() for <class 'torch.nn.modules.pooling.AvgPool2d'>.
[INFO] Register count_upsample() for <class 'torch.nn.modules.upsampling.Upsample'>.
[INFO] Register zero_ops() for <class 'torch.nn.modules.pooling.MaxPool2d'>.
[INFO] Register count_softmax() for <class 'torch.nn.modules.activation.Softmax'>.
[INFO] Register count_adap_avgpool() for <class 'torch.nn.modules.pooling.AdaptiveAvgPool2d'>.
[INFO] Register count_linear() for <class 'torch.nn.modules.linear.Linear'>.
[INFO] Register count_normalization() for <class 'torch.nn.modules.batchnorm.BatchNorm1d'>.
FLOPs: 0.281432144 billion
Parameters: 0.545857 million
Latency: 39.14 ms
MACs: 0.140716072 billion
DEBUG OBJECTIVES: -13.55587907424765 0.281432144 -1719.9105224609375
Using downloaded and verified file: /home/nisha/.medmnist/breastmnist.npz
Using downloaded and verified file: /home/nisha/.medmnist/breastmnist.npz
Using downloaded and verified file: /home/nisha/.medmnist/breastmnist.npz
[INFO] Register count_convNd() for <class 'torch.nn.modules.conv.Conv2d'>.
[INFO] Register count_normalization() for <class 'torch.nn.modules.batchnorm.BatchNorm2d'>.
[INFO] Register zero_ops() for <class 'torch.nn.modules.container.Sequential'>.
[INFO] Register zero_ops() for <class 'torch.nn.modules.activation.ReLU'>.
[INFO] Register count_avgpool() for <class 'torch.nn.modules.pooling.AvgPool2d'>.
[INFO] Register count_upsample() for <class 'torch.nn.modules.upsampling.Upsample'>.
[INFO] Register count_linear() for <class 'torch.nn.modules.linear.Linear'>.
[INFO] Register count_normalization() for <class 'torch.nn.modules.batchnorm.BatchNorm1d'>.
[INFO] Register count_adap_avgpool() for <class 'torch.nn.modules.pooling.AdaptiveAvgPool2d'>.
[INFO] Register count_softmax() for <class 'torch.nn.modules.activation.Softmax'>.
FLOPs: 0.12929856 billion
Parameters: 0.233042 million
Latency: 15.28 ms
MACs: 0.06464928 billion
DEBUG OBJECTIVES: -5.939504825251674 0.12929856 -806.72705078125
Using downloaded and verified file: /home/nisha/.medmnist/breastmnist.npz
Using downloaded and verified file: /home/nisha/.medmnist/breastmnist.npz
Using downloaded and verified file: /home/nisha/.medmnist/breastmnist.npz
[INFO] Register count_convNd() for <class 'torch.nn.modules.conv.Conv2d'>.
[INFO] Register count_normalization() for <class 'torch.nn.modules.batchnorm.BatchNorm2d'>.
[INFO] Register zero_ops() for <class 'torch.nn.modules.container.Sequential'>.
[INFO] Register zero_ops() for <class 'torch.nn.modules.activation.ReLU'>.
[INFO] Register count_avgpool() for <class 'torch.nn.modules.pooling.AvgPool2d'>.
[INFO] Register count_upsample() for <class 'torch.nn.modules.upsampling.Upsample'>.
[INFO] Register count_softmax() for <class 'torch.nn.modules.activation.Softmax'>.
[INFO] Register count_linear() for <class 'torch.nn.modules.linear.Linear'>.
[INFO] Register count_adap_avgpool() for <class 'torch.nn.modules.pooling.AdaptiveAvgPool2d'>.
[INFO] Register count_normalization() for <class 'torch.nn.modules.batchnorm.BatchNorm1d'>.
FLOPs: 0.173943088 billion
Parameters: 0.208135 million
Latency: 24.36 ms
MACs: 0.086971544 billion
DEBUG OBJECTIVES: -8.960189537342666 0.173943088 -951.8737182617188
Using downloaded and verified file: /home/nisha/.medmnist/breastmnist.npz
Using downloaded and verified file: /home/nisha/.medmnist/breastmnist.npz
Using downloaded and verified file: /home/nisha/.medmnist/breastmnist.npz
[INFO] Register count_convNd() for <class 'torch.nn.modules.conv.Conv2d'>.
[INFO] Register count_normalization() for <class 'torch.nn.modules.batchnorm.BatchNorm2d'>.
[INFO] Register zero_ops() for <class 'torch.nn.modules.container.Sequential'>.
[INFO] Register zero_ops() for <class 'torch.nn.modules.activation.ReLU'>.
[INFO] Register count_avgpool() for <class 'torch.nn.modules.pooling.AvgPool2d'>.
[INFO] Register count_upsample() for <class 'torch.nn.modules.upsampling.Upsample'>.
[INFO] Register zero_ops() for <class 'torch.nn.modules.pooling.MaxPool2d'>.
[INFO] Register count_adap_avgpool() for <class 'torch.nn.modules.pooling.AdaptiveAvgPool2d'>.
[INFO] Register count_linear() for <class 'torch.nn.modules.linear.Linear'>.
[INFO] Register count_normalization() for <class 'torch.nn.modules.batchnorm.BatchNorm1d'>.
[INFO] Register count_softmax() for <class 'torch.nn.modules.activation.Softmax'>.
FLOPs: 0.237956896 billion
Parameters: 0.497795 million
Latency: 28.63 ms
MACs: 0.118978448 billion
DEBUG OBJECTIVES: -11.438322268624084 0.237956896 -1333.326416015625
Using downloaded and verified file: /home/nisha/.medmnist/breastmnist.npz
Using downloaded and verified file: /home/nisha/.medmnist/breastmnist.npz
Using downloaded and verified file: /home/nisha/.medmnist/breastmnist.npz
[INFO] Register count_convNd() for <class 'torch.nn.modules.conv.Conv2d'>.
[INFO] Register count_normalization() for <class 'torch.nn.modules.batchnorm.BatchNorm2d'>.
[INFO] Register zero_ops() for <class 'torch.nn.modules.container.Sequential'>.
[INFO] Register zero_ops() for <class 'torch.nn.modules.activation.ReLU'>.
[INFO] Register count_avgpool() for <class 'torch.nn.modules.pooling.AvgPool2d'>.
[INFO] Register count_upsample() for <class 'torch.nn.modules.upsampling.Upsample'>.
[INFO] Register count_linear() for <class 'torch.nn.modules.linear.Linear'>.
[INFO] Register count_normalization() for <class 'torch.nn.modules.batchnorm.BatchNorm1d'>.
[INFO] Register count_softmax() for <class 'torch.nn.modules.activation.Softmax'>.
[INFO] Register count_adap_avgpool() for <class 'torch.nn.modules.pooling.AdaptiveAvgPool2d'>.
FLOPs: 0.235146496 billion
Parameters: 0.470562 million
Latency: 24.91 ms
MACs: 0.117573248 billion
DEBUG OBJECTIVES: -12.890289263117438 0.235146496 -1157.8006591796875
Using downloaded and verified file: /home/nisha/.medmnist/breastmnist.npz
Using downloaded and verified file: /home/nisha/.medmnist/breastmnist.npz
Using downloaded and verified file: /home/nisha/.medmnist/breastmnist.npz
[INFO] Register count_convNd() for <class 'torch.nn.modules.conv.Conv2d'>.
[INFO] Register count_normalization() for <class 'torch.nn.modules.batchnorm.BatchNorm2d'>.
[INFO] Register zero_ops() for <class 'torch.nn.modules.container.Sequential'>.
[INFO] Register zero_ops() for <class 'torch.nn.modules.activation.ReLU'>.
[INFO] Register count_avgpool() for <class 'torch.nn.modules.pooling.AvgPool2d'>.
[INFO] Register count_upsample() for <class 'torch.nn.modules.upsampling.Upsample'>.
[INFO] Register count_softmax() for <class 'torch.nn.modules.activation.Softmax'>.
[INFO] Register count_adap_avgpool() for <class 'torch.nn.modules.pooling.AdaptiveAvgPool2d'>.
[INFO] Register count_linear() for <class 'torch.nn.modules.linear.Linear'>.
[INFO] Register count_normalization() for <class 'torch.nn.modules.batchnorm.BatchNorm1d'>.
FLOPs: 0.140160224 billion
Parameters: 0.260234 million
Latency: 14.81 ms
MACs: 0.070080112 billion
DEBUG OBJECTIVES: -8.376614334611252 0.140160224 -683.8509521484375
Using downloaded and verified file: /home/nisha/.medmnist/breastmnist.npz
Using downloaded and verified file: /home/nisha/.medmnist/breastmnist.npz
Using downloaded and verified file: /home/nisha/.medmnist/breastmnist.npz
[INFO] Register count_convNd() for <class 'torch.nn.modules.conv.Conv2d'>.
[INFO] Register count_normalization() for <class 'torch.nn.modules.batchnorm.BatchNorm2d'>.
[INFO] Register zero_ops() for <class 'torch.nn.modules.container.Sequential'>.
[INFO] Register zero_ops() for <class 'torch.nn.modules.activation.ReLU'>.
[INFO] Register zero_ops() for <class 'torch.nn.modules.pooling.MaxPool2d'>.
[INFO] Register count_linear() for <class 'torch.nn.modules.linear.Linear'>.
[INFO] Register count_normalization() for <class 'torch.nn.modules.batchnorm.BatchNorm1d'>.
[INFO] Register count_avgpool() for <class 'torch.nn.modules.pooling.AvgPool2d'>.
[INFO] Register count_upsample() for <class 'torch.nn.modules.upsampling.Upsample'>.
[INFO] Register count_adap_avgpool() for <class 'torch.nn.modules.pooling.AdaptiveAvgPool2d'>.
FLOPs: 0.296836128 billion
Parameters: 0.623449 million
Latency: 27.34 ms
MACs: 0.148418064 billion
DEBUG OBJECTIVES: -11.50837692605117 0.296836128 -1121.1292724609375
Using downloaded and verified file: /home/nisha/.medmnist/breastmnist.npz
Using downloaded and verified file: /home/nisha/.medmnist/breastmnist.npz
Using downloaded and verified file: /home/nisha/.medmnist/breastmnist.npz
[INFO] Register count_convNd() for <class 'torch.nn.modules.conv.Conv2d'>.
[INFO] Register count_normalization() for <class 'torch.nn.modules.batchnorm.BatchNorm2d'>.
[INFO] Register zero_ops() for <class 'torch.nn.modules.container.Sequential'>.
[INFO] Register zero_ops() for <class 'torch.nn.modules.activation.ReLU'>.
[INFO] Register count_avgpool() for <class 'torch.nn.modules.pooling.AvgPool2d'>.
[INFO] Register count_upsample() for <class 'torch.nn.modules.upsampling.Upsample'>.
[INFO] Register count_linear() for <class 'torch.nn.modules.linear.Linear'>.
[INFO] Register count_normalization() for <class 'torch.nn.modules.batchnorm.BatchNorm1d'>.
[INFO] Register count_adap_avgpool() for <class 'torch.nn.modules.pooling.AdaptiveAvgPool2d'>.
[INFO] Register zero_ops() for <class 'torch.nn.modules.pooling.MaxPool2d'>.
[INFO] Register count_softmax() for <class 'torch.nn.modules.activation.Softmax'>.
FLOPs: 0.364463312 billion
Parameters: 0.720443 million
Latency: 37.61 ms
MACs: 0.182231656 billion
DEBUG OBJECTIVES: -12.982125668097956 0.364463312 -1612.999755859375
Using downloaded and verified file: /home/nisha/.medmnist/breastmnist.npz
Using downloaded and verified file: /home/nisha/.medmnist/breastmnist.npz
Using downloaded and verified file: /home/nisha/.medmnist/breastmnist.npz
[INFO] Register count_convNd() for <class 'torch.nn.modules.conv.Conv2d'>.
[INFO] Register count_normalization() for <class 'torch.nn.modules.batchnorm.BatchNorm2d'>.
[INFO] Register zero_ops() for <class 'torch.nn.modules.container.Sequential'>.
[INFO] Register zero_ops() for <class 'torch.nn.modules.activation.ReLU'>.
[INFO] Register count_avgpool() for <class 'torch.nn.modules.pooling.AvgPool2d'>.
[INFO] Register count_upsample() for <class 'torch.nn.modules.upsampling.Upsample'>.
[INFO] Register count_adap_avgpool() for <class 'torch.nn.modules.pooling.AdaptiveAvgPool2d'>.
[INFO] Register count_linear() for <class 'torch.nn.modules.linear.Linear'>.
[INFO] Register count_normalization() for <class 'torch.nn.modules.batchnorm.BatchNorm1d'>.
[INFO] Register count_softmax() for <class 'torch.nn.modules.activation.Softmax'>.
FLOPs: 0.245377968 billion
Parameters: 0.45337 million
Latency: 22.77 ms
MACs: 0.122688984 billion
DEBUG OBJECTIVES: -11.04595000672087 0.245377968 -1097.060546875
Using downloaded and verified file: /home/nisha/.medmnist/breastmnist.npz
Using downloaded and verified file: /home/nisha/.medmnist/breastmnist.npz
Using downloaded and verified file: /home/nisha/.medmnist/breastmnist.npz
[INFO] Register count_convNd() for <class 'torch.nn.modules.conv.Conv2d'>.
[INFO] Register count_normalization() for <class 'torch.nn.modules.batchnorm.BatchNorm2d'>.
[INFO] Register zero_ops() for <class 'torch.nn.modules.container.Sequential'>.
[INFO] Register zero_ops() for <class 'torch.nn.modules.activation.ReLU'>.
[INFO] Register zero_ops() for <class 'torch.nn.modules.pooling.MaxPool2d'>.
[INFO] Register count_avgpool() for <class 'torch.nn.modules.pooling.AvgPool2d'>.
[INFO] Register count_adap_avgpool() for <class 'torch.nn.modules.pooling.AdaptiveAvgPool2d'>.
[INFO] Register count_linear() for <class 'torch.nn.modules.linear.Linear'>.
[INFO] Register count_softmax() for <class 'torch.nn.modules.activation.Softmax'>.
FLOPs: 0.069140512 billion
Parameters: 0.112602 million
Latency: 11.92 ms
MACs: 0.034570256 billion
DEBUG OBJECTIVES: -8.467152307943023 0.069140512 -645.0218505859375
Using downloaded and verified file: /home/nisha/.medmnist/breastmnist.npz
Using downloaded and verified file: /home/nisha/.medmnist/breastmnist.npz
Using downloaded and verified file: /home/nisha/.medmnist/breastmnist.npz
[INFO] Register count_convNd() for <class 'torch.nn.modules.conv.Conv2d'>.
[INFO] Register count_normalization() for <class 'torch.nn.modules.batchnorm.BatchNorm2d'>.
[INFO] Register zero_ops() for <class 'torch.nn.modules.container.Sequential'>.
[INFO] Register zero_ops() for <class 'torch.nn.modules.activation.ReLU'>.
[INFO] Register count_avgpool() for <class 'torch.nn.modules.pooling.AvgPool2d'>.
[INFO] Register count_upsample() for <class 'torch.nn.modules.upsampling.Upsample'>.
[INFO] Register count_softmax() for <class 'torch.nn.modules.activation.Softmax'>.
[INFO] Register count_linear() for <class 'torch.nn.modules.linear.Linear'>.
[INFO] Register count_normalization() for <class 'torch.nn.modules.batchnorm.BatchNorm1d'>.
[INFO] Register count_adap_avgpool() for <class 'torch.nn.modules.pooling.AdaptiveAvgPool2d'>.
[INFO] Register zero_ops() for <class 'torch.nn.modules.pooling.MaxPool2d'>.
FLOPs: 0.246948144 billion
Parameters: 0.464554 million
Latency: 26.87 ms
MACs: 0.123474072 billion
DEBUG OBJECTIVES: -15.567250750418854 0.246948144 -1306.49755859375
Using downloaded and verified file: /home/nisha/.medmnist/breastmnist.npz
Using downloaded and verified file: /home/nisha/.medmnist/breastmnist.npz
Using downloaded and verified file: /home/nisha/.medmnist/breastmnist.npz
[INFO] Register count_convNd() for <class 'torch.nn.modules.conv.Conv2d'>.
[INFO] Register count_normalization() for <class 'torch.nn.modules.batchnorm.BatchNorm2d'>.
[INFO] Register zero_ops() for <class 'torch.nn.modules.container.Sequential'>.
[INFO] Register zero_ops() for <class 'torch.nn.modules.activation.ReLU'>.
[INFO] Register count_linear() for <class 'torch.nn.modules.linear.Linear'>.
[INFO] Register count_normalization() for <class 'torch.nn.modules.batchnorm.BatchNorm1d'>.
[INFO] Register count_softmax() for <class 'torch.nn.modules.activation.Softmax'>.
[INFO] Register count_avgpool() for <class 'torch.nn.modules.pooling.AvgPool2d'>.
[INFO] Register count_adap_avgpool() for <class 'torch.nn.modules.pooling.AdaptiveAvgPool2d'>.
FLOPs: 0.110053216 billion
Parameters: 0.205318 million
Latency: 17.47 ms
MACs: 0.055026608 billion
DEBUG OBJECTIVES: -5.696699480101676 0.110053216 -850.6524658203125
Using downloaded and verified file: /home/nisha/.medmnist/breastmnist.npz
Using downloaded and verified file: /home/nisha/.medmnist/breastmnist.npz
Using downloaded and verified file: /home/nisha/.medmnist/breastmnist.npz
[INFO] Register count_convNd() for <class 'torch.nn.modules.conv.Conv2d'>.
[INFO] Register count_normalization() for <class 'torch.nn.modules.batchnorm.BatchNorm2d'>.
[INFO] Register zero_ops() for <class 'torch.nn.modules.container.Sequential'>.
[INFO] Register zero_ops() for <class 'torch.nn.modules.activation.ReLU'>.
[INFO] Register count_avgpool() for <class 'torch.nn.modules.pooling.AvgPool2d'>.
[INFO] Register count_upsample() for <class 'torch.nn.modules.upsampling.Upsample'>.
[INFO] Register count_adap_avgpool() for <class 'torch.nn.modules.pooling.AdaptiveAvgPool2d'>.
[INFO] Register count_linear() for <class 'torch.nn.modules.linear.Linear'>.
[INFO] Register count_normalization() for <class 'torch.nn.modules.batchnorm.BatchNorm1d'>.
[INFO] Register count_softmax() for <class 'torch.nn.modules.activation.Softmax'>.
FLOPs: 0.180464912 billion
Parameters: 0.354068 million
Latency: 29.08 ms
MACs: 0.090232456 billion
DEBUG OBJECTIVES: -9.125904884615963 0.180464912 -1225.510009765625
Using downloaded and verified file: /home/nisha/.medmnist/breastmnist.npz
Using downloaded and verified file: /home/nisha/.medmnist/breastmnist.npz
Using downloaded and verified file: /home/nisha/.medmnist/breastmnist.npz
[INFO] Register count_convNd() for <class 'torch.nn.modules.conv.Conv2d'>.
[INFO] Register count_normalization() for <class 'torch.nn.modules.batchnorm.BatchNorm2d'>.
[INFO] Register zero_ops() for <class 'torch.nn.modules.container.Sequential'>.
[INFO] Register zero_ops() for <class 'torch.nn.modules.activation.ReLU'>.
[INFO] Register count_avgpool() for <class 'torch.nn.modules.pooling.AvgPool2d'>.
[INFO] Register count_upsample() for <class 'torch.nn.modules.upsampling.Upsample'>.
[INFO] Register count_adap_avgpool() for <class 'torch.nn.modules.pooling.AdaptiveAvgPool2d'>.
[INFO] Register count_linear() for <class 'torch.nn.modules.linear.Linear'>.
[INFO] Register count_normalization() for <class 'torch.nn.modules.batchnorm.BatchNorm1d'>.
FLOPs: 0.132398528 billion
Parameters: 0.244994 million
Latency: 19.24 ms
MACs: 0.066199264 billion
DEBUG OBJECTIVES: -8.185201454769862 0.132398528 -778.9535522460938
Using downloaded and verified file: /home/nisha/.medmnist/breastmnist.npz
Using downloaded and verified file: /home/nisha/.medmnist/breastmnist.npz
Using downloaded and verified file: /home/nisha/.medmnist/breastmnist.npz
[INFO] Register count_convNd() for <class 'torch.nn.modules.conv.Conv2d'>.
[INFO] Register count_normalization() for <class 'torch.nn.modules.batchnorm.BatchNorm2d'>.
[INFO] Register zero_ops() for <class 'torch.nn.modules.container.Sequential'>.
[INFO] Register zero_ops() for <class 'torch.nn.modules.activation.ReLU'>.
[INFO] Register count_avgpool() for <class 'torch.nn.modules.pooling.AvgPool2d'>.
[INFO] Register count_upsample() for <class 'torch.nn.modules.upsampling.Upsample'>.
[INFO] Register count_softmax() for <class 'torch.nn.modules.activation.Softmax'>.
[INFO] Register count_linear() for <class 'torch.nn.modules.linear.Linear'>.
[INFO] Register count_normalization() for <class 'torch.nn.modules.batchnorm.BatchNorm1d'>.
[INFO] Register zero_ops() for <class 'torch.nn.modules.pooling.MaxPool2d'>.
[INFO] Register count_adap_avgpool() for <class 'torch.nn.modules.pooling.AdaptiveAvgPool2d'>.
FLOPs: 0.284234784 billion
Parameters: 0.554229 million
Latency: 28.21 ms
MACs: 0.142117392 billion
DEBUG OBJECTIVES: -12.299379754715508 0.284234784 -1232.0548095703125
==========================================================
n_gen  |  n_eval  | n_nds  |      eps      |   indicator  
==========================================================
     1 |       20 |      9 |             - |             -
Using downloaded and verified file: /home/nisha/.medmnist/breastmnist.npz
Using downloaded and verified file: /home/nisha/.medmnist/breastmnist.npz
Using downloaded and verified file: /home/nisha/.medmnist/breastmnist.npz
[INFO] Register count_convNd() for <class 'torch.nn.modules.conv.Conv2d'>.
[INFO] Register count_normalization() for <class 'torch.nn.modules.batchnorm.BatchNorm2d'>.
[INFO] Register zero_ops() for <class 'torch.nn.modules.container.Sequential'>.
[INFO] Register zero_ops() for <class 'torch.nn.modules.activation.ReLU'>.
[INFO] Register zero_ops() for <class 'torch.nn.modules.pooling.MaxPool2d'>.
[INFO] Register count_linear() for <class 'torch.nn.modules.linear.Linear'>.
[INFO] Register count_normalization() for <class 'torch.nn.modules.batchnorm.BatchNorm1d'>.
[INFO] Register count_avgpool() for <class 'torch.nn.modules.pooling.AvgPool2d'>.
[INFO] Register count_upsample() for <class 'torch.nn.modules.upsampling.Upsample'>.
[INFO] Register count_adap_avgpool() for <class 'torch.nn.modules.pooling.AdaptiveAvgPool2d'>.
FLOPs: 0.28134096 billion
Parameters: 0.598009 million
Latency: 29.25 ms
MACs: 0.14067048 billion
DEBUG OBJECTIVES: -13.204568098029826 0.28134096 -1211.2811279296875
Using downloaded and verified file: /home/nisha/.medmnist/breastmnist.npz
Using downloaded and verified file: /home/nisha/.medmnist/breastmnist.npz
Using downloaded and verified file: /home/nisha/.medmnist/breastmnist.npz
[INFO] Register count_convNd() for <class 'torch.nn.modules.conv.Conv2d'>.
[INFO] Register count_normalization() for <class 'torch.nn.modules.batchnorm.BatchNorm2d'>.
[INFO] Register zero_ops() for <class 'torch.nn.modules.container.Sequential'>.
[INFO] Register zero_ops() for <class 'torch.nn.modules.activation.ReLU'>.
[INFO] Register count_avgpool() for <class 'torch.nn.modules.pooling.AvgPool2d'>.
[INFO] Register count_linear() for <class 'torch.nn.modules.linear.Linear'>.
[INFO] Register count_normalization() for <class 'torch.nn.modules.batchnorm.BatchNorm1d'>.
[INFO] Register count_softmax() for <class 'torch.nn.modules.activation.Softmax'>.
[INFO] Register count_adap_avgpool() for <class 'torch.nn.modules.pooling.AdaptiveAvgPool2d'>.
FLOPs: 0.096570304 billion
Parameters: 0.128752 million
Latency: 17.75 ms
MACs: 0.048285152 billion
DEBUG OBJECTIVES: -7.009819718428449 0.096570304 -810.1729736328125
Using downloaded and verified file: /home/nisha/.medmnist/breastmnist.npz
Using downloaded and verified file: /home/nisha/.medmnist/breastmnist.npz
Using downloaded and verified file: /home/nisha/.medmnist/breastmnist.npz
[INFO] Register count_convNd() for <class 'torch.nn.modules.conv.Conv2d'>.
[INFO] Register count_normalization() for <class 'torch.nn.modules.batchnorm.BatchNorm2d'>.
[INFO] Register zero_ops() for <class 'torch.nn.modules.container.Sequential'>.
[INFO] Register zero_ops() for <class 'torch.nn.modules.activation.ReLU'>.
[INFO] Register count_avgpool() for <class 'torch.nn.modules.pooling.AvgPool2d'>.
[INFO] Register count_upsample() for <class 'torch.nn.modules.upsampling.Upsample'>.
[INFO] Register zero_ops() for <class 'torch.nn.modules.pooling.MaxPool2d'>.
[INFO] Register count_softmax() for <class 'torch.nn.modules.activation.Softmax'>.
[INFO] Register count_adap_avgpool() for <class 'torch.nn.modules.pooling.AdaptiveAvgPool2d'>.
[INFO] Register count_linear() for <class 'torch.nn.modules.linear.Linear'>.
[INFO] Register count_normalization() for <class 'torch.nn.modules.batchnorm.BatchNorm1d'>.
FLOPs: 0.334197936 billion
Parameters: 0.686695 million
Latency: 39.17 ms
MACs: 0.167098968 billion
DEBUG OBJECTIVES: -13.49807688125675 0.334197936 -1664.247802734375
Using downloaded and verified file: /home/nisha/.medmnist/breastmnist.npz
Using downloaded and verified file: /home/nisha/.medmnist/breastmnist.npz
Using downloaded and verified file: /home/nisha/.medmnist/breastmnist.npz
[INFO] Register count_convNd() for <class 'torch.nn.modules.conv.Conv2d'>.
[INFO] Register count_normalization() for <class 'torch.nn.modules.batchnorm.BatchNorm2d'>.
[INFO] Register zero_ops() for <class 'torch.nn.modules.container.Sequential'>.
[INFO] Register zero_ops() for <class 'torch.nn.modules.activation.ReLU'>.
[INFO] Register count_avgpool() for <class 'torch.nn.modules.pooling.AvgPool2d'>.
[INFO] Register count_upsample() for <class 'torch.nn.modules.upsampling.Upsample'>.
[INFO] Register count_linear() for <class 'torch.nn.modules.linear.Linear'>.
[INFO] Register count_normalization() for <class 'torch.nn.modules.batchnorm.BatchNorm1d'>.
[INFO] Register count_softmax() for <class 'torch.nn.modules.activation.Softmax'>.
[INFO] Register count_adap_avgpool() for <class 'torch.nn.modules.pooling.AdaptiveAvgPool2d'>.
FLOPs: 0.207149888 billion
Parameters: 0.387602 million
Latency: 31.76 ms
MACs: 0.103574944 billion
DEBUG OBJECTIVES: -13.182411111964523 0.207149888 -843.271728515625
Using downloaded and verified file: /home/nisha/.medmnist/breastmnist.npz
Using downloaded and verified file: /home/nisha/.medmnist/breastmnist.npz
Using downloaded and verified file: /home/nisha/.medmnist/breastmnist.npz
[INFO] Register count_convNd() for <class 'torch.nn.modules.conv.Conv2d'>.
[INFO] Register count_normalization() for <class 'torch.nn.modules.batchnorm.BatchNorm2d'>.
[INFO] Register zero_ops() for <class 'torch.nn.modules.container.Sequential'>.
[INFO] Register zero_ops() for <class 'torch.nn.modules.activation.ReLU'>.
[INFO] Register zero_ops() for <class 'torch.nn.modules.pooling.MaxPool2d'>.
[INFO] Register count_avgpool() for <class 'torch.nn.modules.pooling.AvgPool2d'>.
[INFO] Register count_adap_avgpool() for <class 'torch.nn.modules.pooling.AdaptiveAvgPool2d'>.
[INFO] Register count_linear() for <class 'torch.nn.modules.linear.Linear'>.
[INFO] Register count_normalization() for <class 'torch.nn.modules.batchnorm.BatchNorm1d'>.
[INFO] Register count_upsample() for <class 'torch.nn.modules.upsampling.Upsample'>.
FLOPs: 0.146582848 billion
Parameters: 0.256244 million
Latency: 20.12 ms
MACs: 0.073291424 billion
DEBUG OBJECTIVES: -8.780452356655251 0.146582848 -765.3546142578125
Using downloaded and verified file: /home/nisha/.medmnist/breastmnist.npz
Using downloaded and verified file: /home/nisha/.medmnist/breastmnist.npz
Using downloaded and verified file: /home/nisha/.medmnist/breastmnist.npz
[INFO] Register count_convNd() for <class 'torch.nn.modules.conv.Conv2d'>.
[INFO] Register count_normalization() for <class 'torch.nn.modules.batchnorm.BatchNorm2d'>.
[INFO] Register zero_ops() for <class 'torch.nn.modules.container.Sequential'>.
[INFO] Register zero_ops() for <class 'torch.nn.modules.activation.ReLU'>.
[INFO] Register zero_ops() for <class 'torch.nn.modules.pooling.MaxPool2d'>.
[INFO] Register count_avgpool() for <class 'torch.nn.modules.pooling.AvgPool2d'>.
[INFO] Register count_upsample() for <class 'torch.nn.modules.upsampling.Upsample'>.
[INFO] Register count_adap_avgpool() for <class 'torch.nn.modules.pooling.AdaptiveAvgPool2d'>.
[INFO] Register count_linear() for <class 'torch.nn.modules.linear.Linear'>.
[INFO] Register count_softmax() for <class 'torch.nn.modules.activation.Softmax'>.
FLOPs: 0.140011104 billion
Parameters: 0.179567 million
Latency: 16.68 ms
MACs: 0.070005552 billion
DEBUG OBJECTIVES: -11.065847221662237 0.140011104 -877.8751831054688
Using downloaded and verified file: /home/nisha/.medmnist/breastmnist.npz
Using downloaded and verified file: /home/nisha/.medmnist/breastmnist.npz
Using downloaded and verified file: /home/nisha/.medmnist/breastmnist.npz
[INFO] Register count_convNd() for <class 'torch.nn.modules.conv.Conv2d'>.
[INFO] Register count_normalization() for <class 'torch.nn.modules.batchnorm.BatchNorm2d'>.
[INFO] Register zero_ops() for <class 'torch.nn.modules.container.Sequential'>.
[INFO] Register zero_ops() for <class 'torch.nn.modules.activation.ReLU'>.
[INFO] Register count_avgpool() for <class 'torch.nn.modules.pooling.AvgPool2d'>.
[INFO] Register count_upsample() for <class 'torch.nn.modules.upsampling.Upsample'>.
[INFO] Register count_adap_avgpool() for <class 'torch.nn.modules.pooling.AdaptiveAvgPool2d'>.
[INFO] Register count_linear() for <class 'torch.nn.modules.linear.Linear'>.
[INFO] Register count_normalization() for <class 'torch.nn.modules.batchnorm.BatchNorm1d'>.
[INFO] Register zero_ops() for <class 'torch.nn.modules.pooling.MaxPool2d'>.
[INFO] Register count_softmax() for <class 'torch.nn.modules.activation.Softmax'>.
FLOPs: 0.275049872 billion
Parameters: 0.59413 million
Latency: 25.34 ms
MACs: 0.137524936 billion
DEBUG OBJECTIVES: -10.113212182521975 0.275049872 -1138.463623046875
Using downloaded and verified file: /home/nisha/.medmnist/breastmnist.npz
Using downloaded and verified file: /home/nisha/.medmnist/breastmnist.npz
Using downloaded and verified file: /home/nisha/.medmnist/breastmnist.npz
[INFO] Register count_convNd() for <class 'torch.nn.modules.conv.Conv2d'>.
[INFO] Register count_normalization() for <class 'torch.nn.modules.batchnorm.BatchNorm2d'>.
[INFO] Register zero_ops() for <class 'torch.nn.modules.container.Sequential'>.
[INFO] Register zero_ops() for <class 'torch.nn.modules.activation.ReLU'>.
[INFO] Register count_avgpool() for <class 'torch.nn.modules.pooling.AvgPool2d'>.
[INFO] Register count_upsample() for <class 'torch.nn.modules.upsampling.Upsample'>.
[INFO] Register count_linear() for <class 'torch.nn.modules.linear.Linear'>.
[INFO] Register count_normalization() for <class 'torch.nn.modules.batchnorm.BatchNorm1d'>.
[INFO] Register count_adap_avgpool() for <class 'torch.nn.modules.pooling.AdaptiveAvgPool2d'>.
[INFO] Register count_softmax() for <class 'torch.nn.modules.activation.Softmax'>.
FLOPs: 0.2543108 billion
Parameters: 0.476245 million
Latency: 28.62 ms
MACs: 0.1271554 billion
DEBUG OBJECTIVES: -11.73105399588106 0.2543108 -1315.6795654296875
Using downloaded and verified file: /home/nisha/.medmnist/breastmnist.npz
Using downloaded and verified file: /home/nisha/.medmnist/breastmnist.npz
Using downloaded and verified file: /home/nisha/.medmnist/breastmnist.npz
[INFO] Register count_convNd() for <class 'torch.nn.modules.conv.Conv2d'>.
[INFO] Register count_normalization() for <class 'torch.nn.modules.batchnorm.BatchNorm2d'>.
[INFO] Register zero_ops() for <class 'torch.nn.modules.container.Sequential'>.
[INFO] Register zero_ops() for <class 'torch.nn.modules.activation.ReLU'>.
[INFO] Register count_avgpool() for <class 'torch.nn.modules.pooling.AvgPool2d'>.
[INFO] Register count_upsample() for <class 'torch.nn.modules.upsampling.Upsample'>.
[INFO] Register zero_ops() for <class 'torch.nn.modules.pooling.MaxPool2d'>.
[INFO] Register count_softmax() for <class 'torch.nn.modules.activation.Softmax'>.
[INFO] Register count_adap_avgpool() for <class 'torch.nn.modules.pooling.AdaptiveAvgPool2d'>.
[INFO] Register count_linear() for <class 'torch.nn.modules.linear.Linear'>.
[INFO] Register count_normalization() for <class 'torch.nn.modules.batchnorm.BatchNorm1d'>.
FLOPs: 0.281432144 billion
Parameters: 0.545857 million
Latency: 38.33 ms
MACs: 0.140716072 billion
DEBUG OBJECTIVES: -12.319347137927188 0.281432144 -1711.6781005859375
Using downloaded and verified file: /home/nisha/.medmnist/breastmnist.npz
Using downloaded and verified file: /home/nisha/.medmnist/breastmnist.npz
Using downloaded and verified file: /home/nisha/.medmnist/breastmnist.npz
[INFO] Register count_convNd() for <class 'torch.nn.modules.conv.Conv2d'>.
[INFO] Register count_normalization() for <class 'torch.nn.modules.batchnorm.BatchNorm2d'>.
[INFO] Register zero_ops() for <class 'torch.nn.modules.container.Sequential'>.
[INFO] Register zero_ops() for <class 'torch.nn.modules.activation.ReLU'>.
[INFO] Register zero_ops() for <class 'torch.nn.modules.pooling.MaxPool2d'>.
[INFO] Register count_linear() for <class 'torch.nn.modules.linear.Linear'>.
[INFO] Register count_softmax() for <class 'torch.nn.modules.activation.Softmax'>.
[INFO] Register count_normalization() for <class 'torch.nn.modules.batchnorm.BatchNorm1d'>.
[INFO] Register count_avgpool() for <class 'torch.nn.modules.pooling.AvgPool2d'>.
[INFO] Register count_adap_avgpool() for <class 'torch.nn.modules.pooling.AdaptiveAvgPool2d'>.
FLOPs: 0.10426752 billion
Parameters: 0.177216 million
Latency: 12.75 ms
MACs: 0.05213376 billion
DEBUG OBJECTIVES: -10.177941865949343 0.10426752 -622.8783569335938
Using downloaded and verified file: /home/nisha/.medmnist/breastmnist.npz
Using downloaded and verified file: /home/nisha/.medmnist/breastmnist.npz
Using downloaded and verified file: /home/nisha/.medmnist/breastmnist.npz
[INFO] Register count_convNd() for <class 'torch.nn.modules.conv.Conv2d'>.
[INFO] Register count_normalization() for <class 'torch.nn.modules.batchnorm.BatchNorm2d'>.
[INFO] Register zero_ops() for <class 'torch.nn.modules.container.Sequential'>.
[INFO] Register zero_ops() for <class 'torch.nn.modules.activation.ReLU'>.
[INFO] Register count_avgpool() for <class 'torch.nn.modules.pooling.AvgPool2d'>.
[INFO] Register count_upsample() for <class 'torch.nn.modules.upsampling.Upsample'>.
[INFO] Register count_softmax() for <class 'torch.nn.modules.activation.Softmax'>.
[INFO] Register count_linear() for <class 'torch.nn.modules.linear.Linear'>.
[INFO] Register count_normalization() for <class 'torch.nn.modules.batchnorm.BatchNorm1d'>.
[INFO] Register zero_ops() for <class 'torch.nn.modules.pooling.MaxPool2d'>.
[INFO] Register count_adap_avgpool() for <class 'torch.nn.modules.pooling.AdaptiveAvgPool2d'>.
FLOPs: 0.28509904 billion
Parameters: 0.579669 million
Latency: 27.05 ms
MACs: 0.14254952 billion
DEBUG OBJECTIVES: -11.79137715607792 0.28509904 -1183.584716796875
Using downloaded and verified file: /home/nisha/.medmnist/breastmnist.npz
Using downloaded and verified file: /home/nisha/.medmnist/breastmnist.npz
Using downloaded and verified file: /home/nisha/.medmnist/breastmnist.npz
[INFO] Register count_convNd() for <class 'torch.nn.modules.conv.Conv2d'>.
[INFO] Register count_normalization() for <class 'torch.nn.modules.batchnorm.BatchNorm2d'>.
[INFO] Register zero_ops() for <class 'torch.nn.modules.container.Sequential'>.
[INFO] Register zero_ops() for <class 'torch.nn.modules.activation.ReLU'>.
[INFO] Register count_avgpool() for <class 'torch.nn.modules.pooling.AvgPool2d'>.
[INFO] Register count_upsample() for <class 'torch.nn.modules.upsampling.Upsample'>.
[INFO] Register zero_ops() for <class 'torch.nn.modules.pooling.MaxPool2d'>.
[INFO] Register count_softmax() for <class 'torch.nn.modules.activation.Softmax'>.
[INFO] Register count_adap_avgpool() for <class 'torch.nn.modules.pooling.AdaptiveAvgPool2d'>.
[INFO] Register count_linear() for <class 'torch.nn.modules.linear.Linear'>.
FLOPs: 0.16261088 billion
Parameters: 0.3412 million
Latency: 12.59 ms
MACs: 0.08130544 billion
DEBUG OBJECTIVES: -7.63199660880407 0.16261088 -534.18505859375
Using downloaded and verified file: /home/nisha/.medmnist/breastmnist.npz
Using downloaded and verified file: /home/nisha/.medmnist/breastmnist.npz
Using downloaded and verified file: /home/nisha/.medmnist/breastmnist.npz
[INFO] Register count_convNd() for <class 'torch.nn.modules.conv.Conv2d'>.
[INFO] Register count_normalization() for <class 'torch.nn.modules.batchnorm.BatchNorm2d'>.
[INFO] Register zero_ops() for <class 'torch.nn.modules.container.Sequential'>.
[INFO] Register zero_ops() for <class 'torch.nn.modules.activation.ReLU'>.
[INFO] Register count_avgpool() for <class 'torch.nn.modules.pooling.AvgPool2d'>.
[INFO] Register count_upsample() for <class 'torch.nn.modules.upsampling.Upsample'>.
[INFO] Register count_linear() for <class 'torch.nn.modules.linear.Linear'>.
[INFO] Register count_normalization() for <class 'torch.nn.modules.batchnorm.BatchNorm1d'>.
[INFO] Register count_adap_avgpool() for <class 'torch.nn.modules.pooling.AdaptiveAvgPool2d'>.
[INFO] Register zero_ops() for <class 'torch.nn.modules.pooling.MaxPool2d'>.
FLOPs: 0.31169752 billion
Parameters: 0.579605 million
Latency: 37.89 ms
MACs: 0.15584876 billion
DEBUG OBJECTIVES: -11.550950527626403 0.31169752 -1574.226318359375
Using downloaded and verified file: /home/nisha/.medmnist/breastmnist.npz
Using downloaded and verified file: /home/nisha/.medmnist/breastmnist.npz
Using downloaded and verified file: /home/nisha/.medmnist/breastmnist.npz
[INFO] Register count_convNd() for <class 'torch.nn.modules.conv.Conv2d'>.
[INFO] Register count_normalization() for <class 'torch.nn.modules.batchnorm.BatchNorm2d'>.
[INFO] Register zero_ops() for <class 'torch.nn.modules.container.Sequential'>.
[INFO] Register zero_ops() for <class 'torch.nn.modules.activation.ReLU'>.
[INFO] Register zero_ops() for <class 'torch.nn.modules.pooling.MaxPool2d'>.
[INFO] Register count_adap_avgpool() for <class 'torch.nn.modules.pooling.AdaptiveAvgPool2d'>.
[INFO] Register count_linear() for <class 'torch.nn.modules.linear.Linear'>.
[INFO] Register count_normalization() for <class 'torch.nn.modules.batchnorm.BatchNorm1d'>.
[INFO] Register count_softmax() for <class 'torch.nn.modules.activation.Softmax'>.
[INFO] Register count_avgpool() for <class 'torch.nn.modules.pooling.AvgPool2d'>.
[INFO] Register count_upsample() for <class 'torch.nn.modules.upsampling.Upsample'>.
FLOPs: 0.131172288 billion
Parameters: 0.261558 million
Latency: 18.79 ms
MACs: 0.065586144 billion
DEBUG OBJECTIVES: -9.391922154348935 0.131172288 -848.553466796875
Using downloaded and verified file: /home/nisha/.medmnist/breastmnist.npz
Using downloaded and verified file: /home/nisha/.medmnist/breastmnist.npz
Using downloaded and verified file: /home/nisha/.medmnist/breastmnist.npz
[INFO] Register count_convNd() for <class 'torch.nn.modules.conv.Conv2d'>.
[INFO] Register count_normalization() for <class 'torch.nn.modules.batchnorm.BatchNorm2d'>.
[INFO] Register zero_ops() for <class 'torch.nn.modules.container.Sequential'>.
[INFO] Register zero_ops() for <class 'torch.nn.modules.activation.ReLU'>.
[INFO] Register count_avgpool() for <class 'torch.nn.modules.pooling.AvgPool2d'>.
[INFO] Register count_upsample() for <class 'torch.nn.modules.upsampling.Upsample'>.
[INFO] Register count_softmax() for <class 'torch.nn.modules.activation.Softmax'>.
[INFO] Register count_linear() for <class 'torch.nn.modules.linear.Linear'>.
[INFO] Register count_normalization() for <class 'torch.nn.modules.batchnorm.BatchNorm1d'>.
[INFO] Register count_adap_avgpool() for <class 'torch.nn.modules.pooling.AdaptiveAvgPool2d'>.
[INFO] Register zero_ops() for <class 'torch.nn.modules.pooling.MaxPool2d'>.
FLOPs: 0.246948144 billion
Parameters: 0.464554 million
Latency: 26.91 ms
MACs: 0.123474072 billion
DEBUG OBJECTIVES: -14.617200989459068 0.246948144 -1299.144775390625
Using downloaded and verified file: /home/nisha/.medmnist/breastmnist.npz
Using downloaded and verified file: /home/nisha/.medmnist/breastmnist.npz
Using downloaded and verified file: /home/nisha/.medmnist/breastmnist.npz
[INFO] Register count_convNd() for <class 'torch.nn.modules.conv.Conv2d'>.
[INFO] Register count_normalization() for <class 'torch.nn.modules.batchnorm.BatchNorm2d'>.
[INFO] Register zero_ops() for <class 'torch.nn.modules.container.Sequential'>.
[INFO] Register zero_ops() for <class 'torch.nn.modules.activation.ReLU'>.
[INFO] Register zero_ops() for <class 'torch.nn.modules.pooling.MaxPool2d'>.
[INFO] Register count_avgpool() for <class 'torch.nn.modules.pooling.AvgPool2d'>.
[INFO] Register count_upsample() for <class 'torch.nn.modules.upsampling.Upsample'>.
[INFO] Register count_linear() for <class 'torch.nn.modules.linear.Linear'>.
[INFO] Register count_normalization() for <class 'torch.nn.modules.batchnorm.BatchNorm1d'>.
[INFO] Register count_adap_avgpool() for <class 'torch.nn.modules.pooling.AdaptiveAvgPool2d'>.
FLOPs: 0.099993696 billion
Parameters: 0.206804 million
Latency: 13.88 ms
MACs: 0.049996848 billion
DEBUG OBJECTIVES: -7.549749512362658 0.099993696 -509.576171875
Using downloaded and verified file: /home/nisha/.medmnist/breastmnist.npz
Using downloaded and verified file: /home/nisha/.medmnist/breastmnist.npz
Using downloaded and verified file: /home/nisha/.medmnist/breastmnist.npz
[INFO] Register count_convNd() for <class 'torch.nn.modules.conv.Conv2d'>.
[INFO] Register count_normalization() for <class 'torch.nn.modules.batchnorm.BatchNorm2d'>.
[INFO] Register zero_ops() for <class 'torch.nn.modules.container.Sequential'>.
[INFO] Register zero_ops() for <class 'torch.nn.modules.activation.ReLU'>.
[INFO] Register count_avgpool() for <class 'torch.nn.modules.pooling.AvgPool2d'>.
[INFO] Register count_upsample() for <class 'torch.nn.modules.upsampling.Upsample'>.
[INFO] Register count_linear() for <class 'torch.nn.modules.linear.Linear'>.
[INFO] Register count_normalization() for <class 'torch.nn.modules.batchnorm.BatchNorm1d'>.
[INFO] Register count_adap_avgpool() for <class 'torch.nn.modules.pooling.AdaptiveAvgPool2d'>.
[INFO] Register count_softmax() for <class 'torch.nn.modules.activation.Softmax'>.
FLOPs: 0.33484056 billion
Parameters: 0.579683 million
Latency: 33.91 ms
MACs: 0.16742028 billion
DEBUG OBJECTIVES: -10.480412975392763 0.33484056 -1536.0146484375
Using downloaded and verified file: /home/nisha/.medmnist/breastmnist.npz
Using downloaded and verified file: /home/nisha/.medmnist/breastmnist.npz
Using downloaded and verified file: /home/nisha/.medmnist/breastmnist.npz
[INFO] Register count_convNd() for <class 'torch.nn.modules.conv.Conv2d'>.
[INFO] Register count_normalization() for <class 'torch.nn.modules.batchnorm.BatchNorm2d'>.
[INFO] Register zero_ops() for <class 'torch.nn.modules.container.Sequential'>.
[INFO] Register zero_ops() for <class 'torch.nn.modules.activation.ReLU'>.
[INFO] Register count_avgpool() for <class 'torch.nn.modules.pooling.AvgPool2d'>.
[INFO] Register count_upsample() for <class 'torch.nn.modules.upsampling.Upsample'>.
[INFO] Register count_linear() for <class 'torch.nn.modules.linear.Linear'>.
[INFO] Register count_softmax() for <class 'torch.nn.modules.activation.Softmax'>.
[INFO] Register count_normalization() for <class 'torch.nn.modules.batchnorm.BatchNorm1d'>.
[INFO] Register count_adap_avgpool() for <class 'torch.nn.modules.pooling.AdaptiveAvgPool2d'>.
FLOPs: 0.104912384 billion
Parameters: 0.218848 million
Latency: 13.13 ms
MACs: 0.052456192 billion
DEBUG OBJECTIVES: -6.56396961240888 0.104912384 -610.0179443359375
Using downloaded and verified file: /home/nisha/.medmnist/breastmnist.npz
Using downloaded and verified file: /home/nisha/.medmnist/breastmnist.npz
Using downloaded and verified file: /home/nisha/.medmnist/breastmnist.npz
[INFO] Register count_convNd() for <class 'torch.nn.modules.conv.Conv2d'>.
[INFO] Register count_normalization() for <class 'torch.nn.modules.batchnorm.BatchNorm2d'>.
[INFO] Register zero_ops() for <class 'torch.nn.modules.container.Sequential'>.
[INFO] Register zero_ops() for <class 'torch.nn.modules.activation.ReLU'>.
[INFO] Register count_linear() for <class 'torch.nn.modules.linear.Linear'>.
[INFO] Register count_normalization() for <class 'torch.nn.modules.batchnorm.BatchNorm1d'>.
[INFO] Register count_softmax() for <class 'torch.nn.modules.activation.Softmax'>.
[INFO] Register count_avgpool() for <class 'torch.nn.modules.pooling.AvgPool2d'>.
[INFO] Register count_adap_avgpool() for <class 'torch.nn.modules.pooling.AdaptiveAvgPool2d'>.
FLOPs: 0.095373152 billion
Parameters: 0.205318 million
Latency: 17.33 ms
MACs: 0.047686576 billion
DEBUG OBJECTIVES: -8.050198372908223 0.095373152 -839.1166381835938
Using downloaded and verified file: /home/nisha/.medmnist/breastmnist.npz
Using downloaded and verified file: /home/nisha/.medmnist/breastmnist.npz
Using downloaded and verified file: /home/nisha/.medmnist/breastmnist.npz
[INFO] Register count_convNd() for <class 'torch.nn.modules.conv.Conv2d'>.
[INFO] Register count_normalization() for <class 'torch.nn.modules.batchnorm.BatchNorm2d'>.
[INFO] Register zero_ops() for <class 'torch.nn.modules.container.Sequential'>.
[INFO] Register zero_ops() for <class 'torch.nn.modules.activation.ReLU'>.
[INFO] Register count_avgpool() for <class 'torch.nn.modules.pooling.AvgPool2d'>.
[INFO] Register count_softmax() for <class 'torch.nn.modules.activation.Softmax'>.
[INFO] Register count_adap_avgpool() for <class 'torch.nn.modules.pooling.AdaptiveAvgPool2d'>.
[INFO] Register count_linear() for <class 'torch.nn.modules.linear.Linear'>.
[INFO] Register count_normalization() for <class 'torch.nn.modules.batchnorm.BatchNorm1d'>.
FLOPs: 0.153170832 billion
Parameters: 0.277761 million
Latency: 31.46 ms
MACs: 0.076585416 billion
DEBUG OBJECTIVES: -12.273465306396247 0.153170832 -1523.7177734375
     2 |       40 |     12 |  0.0201849083 |         nadir
Using downloaded and verified file: /home/nisha/.medmnist/breastmnist.npz
Using downloaded and verified file: /home/nisha/.medmnist/breastmnist.npz
Using downloaded and verified file: /home/nisha/.medmnist/breastmnist.npz
[INFO] Register count_convNd() for <class 'torch.nn.modules.conv.Conv2d'>.
[INFO] Register count_normalization() for <class 'torch.nn.modules.batchnorm.BatchNorm2d'>.
[INFO] Register zero_ops() for <class 'torch.nn.modules.container.Sequential'>.
[INFO] Register zero_ops() for <class 'torch.nn.modules.activation.ReLU'>.
[INFO] Register count_avgpool() for <class 'torch.nn.modules.pooling.AvgPool2d'>.
[INFO] Register count_softmax() for <class 'torch.nn.modules.activation.Softmax'>.
[INFO] Register count_adap_avgpool() for <class 'torch.nn.modules.pooling.AdaptiveAvgPool2d'>.
[INFO] Register count_linear() for <class 'torch.nn.modules.linear.Linear'>.
[INFO] Register count_upsample() for <class 'torch.nn.modules.upsampling.Upsample'>.
[INFO] Register count_normalization() for <class 'torch.nn.modules.batchnorm.BatchNorm1d'>.
FLOPs: 0.237413632 billion
Parameters: 0.523339 million
Latency: 30.43 ms
MACs: 0.118706816 billion
DEBUG OBJECTIVES: -10.536053018913403 0.237413632 -1425.8197021484375
Using downloaded and verified file: /home/nisha/.medmnist/breastmnist.npz
Using downloaded and verified file: /home/nisha/.medmnist/breastmnist.npz
Using downloaded and verified file: /home/nisha/.medmnist/breastmnist.npz
[INFO] Register count_convNd() for <class 'torch.nn.modules.conv.Conv2d'>.
[INFO] Register count_normalization() for <class 'torch.nn.modules.batchnorm.BatchNorm2d'>.
[INFO] Register zero_ops() for <class 'torch.nn.modules.container.Sequential'>.
[INFO] Register zero_ops() for <class 'torch.nn.modules.activation.ReLU'>.
[INFO] Register count_avgpool() for <class 'torch.nn.modules.pooling.AvgPool2d'>.
[INFO] Register count_upsample() for <class 'torch.nn.modules.upsampling.Upsample'>.
[INFO] Register zero_ops() for <class 'torch.nn.modules.pooling.MaxPool2d'>.
[INFO] Register count_softmax() for <class 'torch.nn.modules.activation.Softmax'>.
[INFO] Register count_adap_avgpool() for <class 'torch.nn.modules.pooling.AdaptiveAvgPool2d'>.
[INFO] Register count_linear() for <class 'torch.nn.modules.linear.Linear'>.
[INFO] Register count_normalization() for <class 'torch.nn.modules.batchnorm.BatchNorm1d'>.
FLOPs: 0.213097904 billion
Parameters: 0.323627 million
Latency: 39.73 ms
MACs: 0.106548952 billion
DEBUG OBJECTIVES: -14.395360896815712 0.213097904 -976.3966674804688
Using downloaded and verified file: /home/nisha/.medmnist/breastmnist.npz
Using downloaded and verified file: /home/nisha/.medmnist/breastmnist.npz
Using downloaded and verified file: /home/nisha/.medmnist/breastmnist.npz
[INFO] Register count_convNd() for <class 'torch.nn.modules.conv.Conv2d'>.
[INFO] Register count_normalization() for <class 'torch.nn.modules.batchnorm.BatchNorm2d'>.
[INFO] Register zero_ops() for <class 'torch.nn.modules.container.Sequential'>.
[INFO] Register zero_ops() for <class 'torch.nn.modules.activation.ReLU'>.
[INFO] Register count_linear() for <class 'torch.nn.modules.linear.Linear'>.
[INFO] Register count_normalization() for <class 'torch.nn.modules.batchnorm.BatchNorm1d'>.
[INFO] Register count_avgpool() for <class 'torch.nn.modules.pooling.AvgPool2d'>.
[INFO] Register count_adap_avgpool() for <class 'torch.nn.modules.pooling.AdaptiveAvgPool2d'>.
FLOPs: 0.085477472 billion
Parameters: 0.169684 million
Latency: 14.71 ms
MACs: 0.042738736 billion
DEBUG OBJECTIVES: -7.777853315314711 0.085477472 -634.662109375
Using downloaded and verified file: /home/nisha/.medmnist/breastmnist.npz
Using downloaded and verified file: /home/nisha/.medmnist/breastmnist.npz
Using downloaded and verified file: /home/nisha/.medmnist/breastmnist.npz
[INFO] Register count_convNd() for <class 'torch.nn.modules.conv.Conv2d'>.
[INFO] Register count_normalization() for <class 'torch.nn.modules.batchnorm.BatchNorm2d'>.
[INFO] Register zero_ops() for <class 'torch.nn.modules.container.Sequential'>.
[INFO] Register zero_ops() for <class 'torch.nn.modules.activation.ReLU'>.
[INFO] Register count_linear() for <class 'torch.nn.modules.linear.Linear'>.
[INFO] Register count_normalization() for <class 'torch.nn.modules.batchnorm.BatchNorm1d'>.
[INFO] Register count_softmax() for <class 'torch.nn.modules.activation.Softmax'>.
[INFO] Register count_avgpool() for <class 'torch.nn.modules.pooling.AvgPool2d'>.
[INFO] Register count_adap_avgpool() for <class 'torch.nn.modules.pooling.AdaptiveAvgPool2d'>.
FLOPs: 0.110053216 billion
Parameters: 0.205318 million
Latency: 17.08 ms
MACs: 0.055026608 billion
DEBUG OBJECTIVES: -9.120449412653011 0.110053216 -868.0162963867188
Using downloaded and verified file: /home/nisha/.medmnist/breastmnist.npz
Using downloaded and verified file: /home/nisha/.medmnist/breastmnist.npz
Using downloaded and verified file: /home/nisha/.medmnist/breastmnist.npz
[INFO] Register count_convNd() for <class 'torch.nn.modules.conv.Conv2d'>.
[INFO] Register count_normalization() for <class 'torch.nn.modules.batchnorm.BatchNorm2d'>.
[INFO] Register zero_ops() for <class 'torch.nn.modules.container.Sequential'>.
[INFO] Register zero_ops() for <class 'torch.nn.modules.activation.ReLU'>.
[INFO] Register count_avgpool() for <class 'torch.nn.modules.pooling.AvgPool2d'>.
[INFO] Register count_upsample() for <class 'torch.nn.modules.upsampling.Upsample'>.
[INFO] Register zero_ops() for <class 'torch.nn.modules.pooling.MaxPool2d'>.
[INFO] Register count_softmax() for <class 'torch.nn.modules.activation.Softmax'>.
[INFO] Register count_adap_avgpool() for <class 'torch.nn.modules.pooling.AdaptiveAvgPool2d'>.
[INFO] Register count_linear() for <class 'torch.nn.modules.linear.Linear'>.
[INFO] Register count_normalization() for <class 'torch.nn.modules.batchnorm.BatchNorm1d'>.
FLOPs: 0.163443104 billion
Parameters: 0.247817 million
Latency: 36.22 ms
MACs: 0.081721552 billion
DEBUG OBJECTIVES: -15.22875367641905 0.163443104 -1516.1815185546875
Using downloaded and verified file: /home/nisha/.medmnist/breastmnist.npz
Using downloaded and verified file: /home/nisha/.medmnist/breastmnist.npz
Using downloaded and verified file: /home/nisha/.medmnist/breastmnist.npz
[INFO] Register count_convNd() for <class 'torch.nn.modules.conv.Conv2d'>.
[INFO] Register count_normalization() for <class 'torch.nn.modules.batchnorm.BatchNorm2d'>.
[INFO] Register zero_ops() for <class 'torch.nn.modules.container.Sequential'>.
[INFO] Register zero_ops() for <class 'torch.nn.modules.activation.ReLU'>.
[INFO] Register count_avgpool() for <class 'torch.nn.modules.pooling.AvgPool2d'>.
[INFO] Register count_softmax() for <class 'torch.nn.modules.activation.Softmax'>.
[INFO] Register count_adap_avgpool() for <class 'torch.nn.modules.pooling.AdaptiveAvgPool2d'>.
[INFO] Register count_linear() for <class 'torch.nn.modules.linear.Linear'>.
[INFO] Register count_normalization() for <class 'torch.nn.modules.batchnorm.BatchNorm1d'>.
FLOPs: 0.126079072 billion
Parameters: 0.170781 million
Latency: 24.89 ms
MACs: 0.063039536 billion
DEBUG OBJECTIVES: -7.361547201137348 0.126079072 -1052.7083740234375
Using downloaded and verified file: /home/nisha/.medmnist/breastmnist.npz
Using downloaded and verified file: /home/nisha/.medmnist/breastmnist.npz
Using downloaded and verified file: /home/nisha/.medmnist/breastmnist.npz
[INFO] Register count_convNd() for <class 'torch.nn.modules.conv.Conv2d'>.
[INFO] Register count_normalization() for <class 'torch.nn.modules.batchnorm.BatchNorm2d'>.
[INFO] Register zero_ops() for <class 'torch.nn.modules.container.Sequential'>.
[INFO] Register zero_ops() for <class 'torch.nn.modules.activation.ReLU'>.
[INFO] Register count_avgpool() for <class 'torch.nn.modules.pooling.AvgPool2d'>.
[INFO] Register zero_ops() for <class 'torch.nn.modules.pooling.MaxPool2d'>.
[INFO] Register count_softmax() for <class 'torch.nn.modules.activation.Softmax'>.
[INFO] Register count_adap_avgpool() for <class 'torch.nn.modules.pooling.AdaptiveAvgPool2d'>.
[INFO] Register count_linear() for <class 'torch.nn.modules.linear.Linear'>.
[INFO] Register count_upsample() for <class 'torch.nn.modules.upsampling.Upsample'>.
[INFO] Register count_normalization() for <class 'torch.nn.modules.batchnorm.BatchNorm1d'>.
FLOPs: 0.269226656 billion
Parameters: 0.520102 million
Latency: 36.00 ms
MACs: 0.134613328 billion
DEBUG OBJECTIVES: -16.11902670724231 0.269226656 -1713.163818359375
Using downloaded and verified file: /home/nisha/.medmnist/breastmnist.npz
Using downloaded and verified file: /home/nisha/.medmnist/breastmnist.npz
Using downloaded and verified file: /home/nisha/.medmnist/breastmnist.npz
[INFO] Register count_convNd() for <class 'torch.nn.modules.conv.Conv2d'>.
[INFO] Register count_normalization() for <class 'torch.nn.modules.batchnorm.BatchNorm2d'>.
[INFO] Register zero_ops() for <class 'torch.nn.modules.container.Sequential'>.
[INFO] Register zero_ops() for <class 'torch.nn.modules.activation.ReLU'>.
[INFO] Register count_linear() for <class 'torch.nn.modules.linear.Linear'>.
[INFO] Register count_normalization() for <class 'torch.nn.modules.batchnorm.BatchNorm1d'>.
[INFO] Register count_softmax() for <class 'torch.nn.modules.activation.Softmax'>.
[INFO] Register count_avgpool() for <class 'torch.nn.modules.pooling.AvgPool2d'>.
[INFO] Register count_adap_avgpool() for <class 'torch.nn.modules.pooling.AdaptiveAvgPool2d'>.
FLOPs: 0.095373152 billion
Parameters: 0.205318 million
Latency: 17.30 ms
MACs: 0.047686576 billion
DEBUG OBJECTIVES: -6.570431487059774 0.095373152 -849.8317260742188
Using downloaded and verified file: /home/nisha/.medmnist/breastmnist.npz
Using downloaded and verified file: /home/nisha/.medmnist/breastmnist.npz
Using downloaded and verified file: /home/nisha/.medmnist/breastmnist.npz
[INFO] Register count_convNd() for <class 'torch.nn.modules.conv.Conv2d'>.
[INFO] Register count_normalization() for <class 'torch.nn.modules.batchnorm.BatchNorm2d'>.
[INFO] Register zero_ops() for <class 'torch.nn.modules.container.Sequential'>.
[INFO] Register zero_ops() for <class 'torch.nn.modules.activation.ReLU'>.
[INFO] Register zero_ops() for <class 'torch.nn.modules.pooling.MaxPool2d'>.
[INFO] Register count_avgpool() for <class 'torch.nn.modules.pooling.AvgPool2d'>.
[INFO] Register count_upsample() for <class 'torch.nn.modules.upsampling.Upsample'>.
[INFO] Register count_softmax() for <class 'torch.nn.modules.activation.Softmax'>.
[INFO] Register count_adap_avgpool() for <class 'torch.nn.modules.pooling.AdaptiveAvgPool2d'>.
[INFO] Register count_linear() for <class 'torch.nn.modules.linear.Linear'>.
FLOPs: 0.208559808 billion
Parameters: 0.496112 million
Latency: 12.63 ms
MACs: 0.104279904 billion
DEBUG OBJECTIVES: -7.715725160094906 0.208559808 -668.0150146484375
Using downloaded and verified file: /home/nisha/.medmnist/breastmnist.npz
Using downloaded and verified file: /home/nisha/.medmnist/breastmnist.npz
Using downloaded and verified file: /home/nisha/.medmnist/breastmnist.npz
[INFO] Register count_convNd() for <class 'torch.nn.modules.conv.Conv2d'>.
[INFO] Register count_normalization() for <class 'torch.nn.modules.batchnorm.BatchNorm2d'>.
[INFO] Register zero_ops() for <class 'torch.nn.modules.container.Sequential'>.
[INFO] Register zero_ops() for <class 'torch.nn.modules.activation.ReLU'>.
[INFO] Register count_avgpool() for <class 'torch.nn.modules.pooling.AvgPool2d'>.
[INFO] Register count_upsample() for <class 'torch.nn.modules.upsampling.Upsample'>.
[INFO] Register zero_ops() for <class 'torch.nn.modules.pooling.MaxPool2d'>.
[INFO] Register count_softmax() for <class 'torch.nn.modules.activation.Softmax'>.
[INFO] Register count_adap_avgpool() for <class 'torch.nn.modules.pooling.AdaptiveAvgPool2d'>.
[INFO] Register count_linear() for <class 'torch.nn.modules.linear.Linear'>.
[INFO] Register count_normalization() for <class 'torch.nn.modules.batchnorm.BatchNorm1d'>.
FLOPs: 0.281432144 billion
Parameters: 0.545857 million
Latency: 37.84 ms
MACs: 0.140716072 billion
DEBUG OBJECTIVES: -15.686139805970118 0.281432144 -1657.755615234375
Using downloaded and verified file: /home/nisha/.medmnist/breastmnist.npz
Using downloaded and verified file: /home/nisha/.medmnist/breastmnist.npz
Using downloaded and verified file: /home/nisha/.medmnist/breastmnist.npz
[INFO] Register count_convNd() for <class 'torch.nn.modules.conv.Conv2d'>.
[INFO] Register count_normalization() for <class 'torch.nn.modules.batchnorm.BatchNorm2d'>.
[INFO] Register zero_ops() for <class 'torch.nn.modules.container.Sequential'>.
[INFO] Register zero_ops() for <class 'torch.nn.modules.activation.ReLU'>.
[INFO] Register count_avgpool() for <class 'torch.nn.modules.pooling.AvgPool2d'>.
[INFO] Register count_upsample() for <class 'torch.nn.modules.upsampling.Upsample'>.
[INFO] Register zero_ops() for <class 'torch.nn.modules.pooling.MaxPool2d'>.
[INFO] Register count_softmax() for <class 'torch.nn.modules.activation.Softmax'>.
[INFO] Register count_adap_avgpool() for <class 'torch.nn.modules.pooling.AdaptiveAvgPool2d'>.
[INFO] Register count_linear() for <class 'torch.nn.modules.linear.Linear'>.
[INFO] Register count_normalization() for <class 'torch.nn.modules.batchnorm.BatchNorm1d'>.
FLOPs: 0.189667008 billion
Parameters: 0.291375 million
Latency: 39.98 ms
MACs: 0.094833504 billion
DEBUG OBJECTIVES: -14.611328717786128 0.189667008 -1749.2725830078125
Using downloaded and verified file: /home/nisha/.medmnist/breastmnist.npz
Using downloaded and verified file: /home/nisha/.medmnist/breastmnist.npz
Using downloaded and verified file: /home/nisha/.medmnist/breastmnist.npz
[INFO] Register count_convNd() for <class 'torch.nn.modules.conv.Conv2d'>.
[INFO] Register count_normalization() for <class 'torch.nn.modules.batchnorm.BatchNorm2d'>.
[INFO] Register zero_ops() for <class 'torch.nn.modules.container.Sequential'>.
[INFO] Register zero_ops() for <class 'torch.nn.modules.activation.ReLU'>.
[INFO] Register count_avgpool() for <class 'torch.nn.modules.pooling.AvgPool2d'>.
[INFO] Register count_upsample() for <class 'torch.nn.modules.upsampling.Upsample'>.
[INFO] Register count_linear() for <class 'torch.nn.modules.linear.Linear'>.
[INFO] Register count_softmax() for <class 'torch.nn.modules.activation.Softmax'>.
[INFO] Register count_adap_avgpool() for <class 'torch.nn.modules.pooling.AdaptiveAvgPool2d'>.
[INFO] Register count_normalization() for <class 'torch.nn.modules.batchnorm.BatchNorm1d'>.
FLOPs: 0.164904544 billion
Parameters: 0.350982 million
Latency: 16.86 ms
MACs: 0.082452272 billion
DEBUG OBJECTIVES: -7.512018529872106 0.164904544 -729.0448608398438
Using downloaded and verified file: /home/nisha/.medmnist/breastmnist.npz
Using downloaded and verified file: /home/nisha/.medmnist/breastmnist.npz
Using downloaded and verified file: /home/nisha/.medmnist/breastmnist.npz
[INFO] Register count_convNd() for <class 'torch.nn.modules.conv.Conv2d'>.
[INFO] Register count_normalization() for <class 'torch.nn.modules.batchnorm.BatchNorm2d'>.
[INFO] Register zero_ops() for <class 'torch.nn.modules.container.Sequential'>.
[INFO] Register zero_ops() for <class 'torch.nn.modules.activation.ReLU'>.
[INFO] Register zero_ops() for <class 'torch.nn.modules.pooling.MaxPool2d'>.
[INFO] Register count_avgpool() for <class 'torch.nn.modules.pooling.AvgPool2d'>.
[INFO] Register count_upsample() for <class 'torch.nn.modules.upsampling.Upsample'>.
[INFO] Register count_linear() for <class 'torch.nn.modules.linear.Linear'>.
[INFO] Register count_softmax() for <class 'torch.nn.modules.activation.Softmax'>.
[INFO] Register count_normalization() for <class 'torch.nn.modules.batchnorm.BatchNorm1d'>.
[INFO] Register count_adap_avgpool() for <class 'torch.nn.modules.pooling.AdaptiveAvgPool2d'>.
FLOPs: 0.10639744 billion
Parameters: 0.219648 million
Latency: 11.97 ms
MACs: 0.05319872 billion
DEBUG OBJECTIVES: -5.537549755029095 0.10639744 -530.6294555664062
Using downloaded and verified file: /home/nisha/.medmnist/breastmnist.npz
Using downloaded and verified file: /home/nisha/.medmnist/breastmnist.npz
Using downloaded and verified file: /home/nisha/.medmnist/breastmnist.npz
[INFO] Register count_convNd() for <class 'torch.nn.modules.conv.Conv2d'>.
[INFO] Register count_normalization() for <class 'torch.nn.modules.batchnorm.BatchNorm2d'>.
[INFO] Register zero_ops() for <class 'torch.nn.modules.container.Sequential'>.
[INFO] Register zero_ops() for <class 'torch.nn.modules.activation.ReLU'>.
[INFO] Register count_avgpool() for <class 'torch.nn.modules.pooling.AvgPool2d'>.
[INFO] Register count_linear() for <class 'torch.nn.modules.linear.Linear'>.
[INFO] Register count_normalization() for <class 'torch.nn.modules.batchnorm.BatchNorm1d'>.
[INFO] Register count_softmax() for <class 'torch.nn.modules.activation.Softmax'>.
[INFO] Register count_adap_avgpool() for <class 'torch.nn.modules.pooling.AdaptiveAvgPool2d'>.
FLOPs: 0.082807744 billion
Parameters: 0.128752 million
Latency: 22.60 ms
MACs: 0.041403872 billion
DEBUG OBJECTIVES: -8.640601413709373 0.082807744 -791.951904296875
Using downloaded and verified file: /home/nisha/.medmnist/breastmnist.npz
Using downloaded and verified file: /home/nisha/.medmnist/breastmnist.npz
Using downloaded and verified file: /home/nisha/.medmnist/breastmnist.npz
[INFO] Register count_convNd() for <class 'torch.nn.modules.conv.Conv2d'>.
[INFO] Register count_normalization() for <class 'torch.nn.modules.batchnorm.BatchNorm2d'>.
[INFO] Register zero_ops() for <class 'torch.nn.modules.container.Sequential'>.
[INFO] Register zero_ops() for <class 'torch.nn.modules.activation.ReLU'>.
[INFO] Register count_avgpool() for <class 'torch.nn.modules.pooling.AvgPool2d'>.
[INFO] Register count_upsample() for <class 'torch.nn.modules.upsampling.Upsample'>.
[INFO] Register zero_ops() for <class 'torch.nn.modules.pooling.MaxPool2d'>.
[INFO] Register count_softmax() for <class 'torch.nn.modules.activation.Softmax'>.
[INFO] Register count_adap_avgpool() for <class 'torch.nn.modules.pooling.AdaptiveAvgPool2d'>.
[INFO] Register count_linear() for <class 'torch.nn.modules.linear.Linear'>.
FLOPs: 0.390197056 billion
Parameters: 0.807967 million
Latency: 36.06 ms
MACs: 0.195098528 billion
DEBUG OBJECTIVES: -15.426626871761979 0.390197056 -1761.0455322265625
Using downloaded and verified file: /home/nisha/.medmnist/breastmnist.npz
Using downloaded and verified file: /home/nisha/.medmnist/breastmnist.npz
Using downloaded and verified file: /home/nisha/.medmnist/breastmnist.npz
[INFO] Register count_convNd() for <class 'torch.nn.modules.conv.Conv2d'>.
[INFO] Register count_normalization() for <class 'torch.nn.modules.batchnorm.BatchNorm2d'>.
[INFO] Register zero_ops() for <class 'torch.nn.modules.container.Sequential'>.
[INFO] Register zero_ops() for <class 'torch.nn.modules.activation.ReLU'>.
[INFO] Register count_avgpool() for <class 'torch.nn.modules.pooling.AvgPool2d'>.
[INFO] Register count_upsample() for <class 'torch.nn.modules.upsampling.Upsample'>.
[INFO] Register count_linear() for <class 'torch.nn.modules.linear.Linear'>.
[INFO] Register count_adap_avgpool() for <class 'torch.nn.modules.pooling.AdaptiveAvgPool2d'>.
[INFO] Register count_softmax() for <class 'torch.nn.modules.activation.Softmax'>.
[INFO] Register count_normalization() for <class 'torch.nn.modules.batchnorm.BatchNorm1d'>.
FLOPs: 0.10848704 billion
Parameters: 0.2272 million
Latency: 14.38 ms
MACs: 0.05424352 billion
DEBUG OBJECTIVES: -4.8502464453304395 0.10848704 -361.9220886230469
Using downloaded and verified file: /home/nisha/.medmnist/breastmnist.npz
Using downloaded and verified file: /home/nisha/.medmnist/breastmnist.npz
Using downloaded and verified file: /home/nisha/.medmnist/breastmnist.npz
[INFO] Register count_convNd() for <class 'torch.nn.modules.conv.Conv2d'>.
[INFO] Register count_normalization() for <class 'torch.nn.modules.batchnorm.BatchNorm2d'>.
[INFO] Register zero_ops() for <class 'torch.nn.modules.container.Sequential'>.
[INFO] Register zero_ops() for <class 'torch.nn.modules.activation.ReLU'>.
[INFO] Register count_avgpool() for <class 'torch.nn.modules.pooling.AvgPool2d'>.
[INFO] Register count_upsample() for <class 'torch.nn.modules.upsampling.Upsample'>.
[INFO] Register zero_ops() for <class 'torch.nn.modules.pooling.MaxPool2d'>.
[INFO] Register count_softmax() for <class 'torch.nn.modules.activation.Softmax'>.
[INFO] Register count_linear() for <class 'torch.nn.modules.linear.Linear'>.
[INFO] Register count_normalization() for <class 'torch.nn.modules.batchnorm.BatchNorm1d'>.
[INFO] Register count_adap_avgpool() for <class 'torch.nn.modules.pooling.AdaptiveAvgPool2d'>.
FLOPs: 0.161172896 billion
Parameters: 0.298835 million
Latency: 33.47 ms
MACs: 0.080586448 billion
DEBUG OBJECTIVES: -12.864653846503494 0.161172896 -1527.6644287109375
Using downloaded and verified file: /home/nisha/.medmnist/breastmnist.npz
Using downloaded and verified file: /home/nisha/.medmnist/breastmnist.npz
Using downloaded and verified file: /home/nisha/.medmnist/breastmnist.npz
[INFO] Register count_convNd() for <class 'torch.nn.modules.conv.Conv2d'>.
[INFO] Register count_normalization() for <class 'torch.nn.modules.batchnorm.BatchNorm2d'>.
[INFO] Register zero_ops() for <class 'torch.nn.modules.container.Sequential'>.
[INFO] Register zero_ops() for <class 'torch.nn.modules.activation.ReLU'>.
[INFO] Register zero_ops() for <class 'torch.nn.modules.pooling.MaxPool2d'>.
[INFO] Register count_avgpool() for <class 'torch.nn.modules.pooling.AvgPool2d'>.
[INFO] Register count_upsample() for <class 'torch.nn.modules.upsampling.Upsample'>.
[INFO] Register count_linear() for <class 'torch.nn.modules.linear.Linear'>.
[INFO] Register count_normalization() for <class 'torch.nn.modules.batchnorm.BatchNorm1d'>.
[INFO] Register count_adap_avgpool() for <class 'torch.nn.modules.pooling.AdaptiveAvgPool2d'>.
FLOPs: 0.102336608 billion
Parameters: 0.212116 million
Latency: 14.13 ms
MACs: 0.051168304 billion
DEBUG OBJECTIVES: -5.549765541389777 0.102336608 -582.0945434570312
Using downloaded and verified file: /home/nisha/.medmnist/breastmnist.npz
Using downloaded and verified file: /home/nisha/.medmnist/breastmnist.npz
Using downloaded and verified file: /home/nisha/.medmnist/breastmnist.npz
[INFO] Register count_convNd() for <class 'torch.nn.modules.conv.Conv2d'>.
[INFO] Register count_normalization() for <class 'torch.nn.modules.batchnorm.BatchNorm2d'>.
[INFO] Register zero_ops() for <class 'torch.nn.modules.container.Sequential'>.
[INFO] Register zero_ops() for <class 'torch.nn.modules.activation.ReLU'>.
[INFO] Register count_avgpool() for <class 'torch.nn.modules.pooling.AvgPool2d'>.
[INFO] Register count_upsample() for <class 'torch.nn.modules.upsampling.Upsample'>.
[INFO] Register zero_ops() for <class 'torch.nn.modules.pooling.MaxPool2d'>.
[INFO] Register count_softmax() for <class 'torch.nn.modules.activation.Softmax'>.
[INFO] Register count_adap_avgpool() for <class 'torch.nn.modules.pooling.AdaptiveAvgPool2d'>.
[INFO] Register count_linear() for <class 'torch.nn.modules.linear.Linear'>.
[INFO] Register count_normalization() for <class 'torch.nn.modules.batchnorm.BatchNorm1d'>.
FLOPs: 0.194827792 billion
Parameters: 0.303185 million
Latency: 36.03 ms
MACs: 0.097413896 billion
DEBUG OBJECTIVES: -15.336056657120468 0.194827792 -1648.6600341796875
Using downloaded and verified file: /home/nisha/.medmnist/breastmnist.npz
Using downloaded and verified file: /home/nisha/.medmnist/breastmnist.npz
Using downloaded and verified file: /home/nisha/.medmnist/breastmnist.npz
[INFO] Register count_convNd() for <class 'torch.nn.modules.conv.Conv2d'>.
[INFO] Register count_normalization() for <class 'torch.nn.modules.batchnorm.BatchNorm2d'>.
[INFO] Register zero_ops() for <class 'torch.nn.modules.container.Sequential'>.
[INFO] Register zero_ops() for <class 'torch.nn.modules.activation.ReLU'>.
[INFO] Register zero_ops() for <class 'torch.nn.modules.pooling.MaxPool2d'>.
[INFO] Register count_avgpool() for <class 'torch.nn.modules.pooling.AvgPool2d'>.
[INFO] Register count_upsample() for <class 'torch.nn.modules.upsampling.Upsample'>.
[INFO] Register count_adap_avgpool() for <class 'torch.nn.modules.pooling.AdaptiveAvgPool2d'>.
[INFO] Register count_linear() for <class 'torch.nn.modules.linear.Linear'>.
[INFO] Register count_softmax() for <class 'torch.nn.modules.activation.Softmax'>.
FLOPs: 0.116024928 billion
Parameters: 0.169087 million
Latency: 15.79 ms
MACs: 0.058012464 billion
DEBUG OBJECTIVES: -10.220131987554742 0.116024928 -764.5059204101562
     3 |       60 |     20 |  0.0577860873 |         ideal
Using downloaded and verified file: /home/nisha/.medmnist/breastmnist.npz
Using downloaded and verified file: /home/nisha/.medmnist/breastmnist.npz
Using downloaded and verified file: /home/nisha/.medmnist/breastmnist.npz
[INFO] Register count_convNd() for <class 'torch.nn.modules.conv.Conv2d'>.
[INFO] Register count_normalization() for <class 'torch.nn.modules.batchnorm.BatchNorm2d'>.
[INFO] Register zero_ops() for <class 'torch.nn.modules.container.Sequential'>.
[INFO] Register zero_ops() for <class 'torch.nn.modules.activation.ReLU'>.
[INFO] Register count_avgpool() for <class 'torch.nn.modules.pooling.AvgPool2d'>.
[INFO] Register count_upsample() for <class 'torch.nn.modules.upsampling.Upsample'>.
[INFO] Register zero_ops() for <class 'torch.nn.modules.pooling.MaxPool2d'>.
[INFO] Register count_softmax() for <class 'torch.nn.modules.activation.Softmax'>.
[INFO] Register count_linear() for <class 'torch.nn.modules.linear.Linear'>.
[INFO] Register count_normalization() for <class 'torch.nn.modules.batchnorm.BatchNorm1d'>.
[INFO] Register count_adap_avgpool() for <class 'torch.nn.modules.pooling.AdaptiveAvgPool2d'>.
FLOPs: 0.161172896 billion
Parameters: 0.298835 million
Latency: 33.72 ms
MACs: 0.080586448 billion
DEBUG OBJECTIVES: -10.457313093323027 0.161172896 -1528.932861328125
Using downloaded and verified file: /home/nisha/.medmnist/breastmnist.npz
Using downloaded and verified file: /home/nisha/.medmnist/breastmnist.npz
Using downloaded and verified file: /home/nisha/.medmnist/breastmnist.npz
[INFO] Register count_convNd() for <class 'torch.nn.modules.conv.Conv2d'>.
[INFO] Register count_normalization() for <class 'torch.nn.modules.batchnorm.BatchNorm2d'>.
[INFO] Register zero_ops() for <class 'torch.nn.modules.container.Sequential'>.
[INFO] Register zero_ops() for <class 'torch.nn.modules.activation.ReLU'>.
[INFO] Register count_avgpool() for <class 'torch.nn.modules.pooling.AvgPool2d'>.
[INFO] Register count_upsample() for <class 'torch.nn.modules.upsampling.Upsample'>.
[INFO] Register zero_ops() for <class 'torch.nn.modules.pooling.MaxPool2d'>.
[INFO] Register count_softmax() for <class 'torch.nn.modules.activation.Softmax'>.
[INFO] Register count_adap_avgpool() for <class 'torch.nn.modules.pooling.AdaptiveAvgPool2d'>.
[INFO] Register count_linear() for <class 'torch.nn.modules.linear.Linear'>.
[INFO] Register count_normalization() for <class 'torch.nn.modules.batchnorm.BatchNorm1d'>.
FLOPs: 0.201709072 billion
Parameters: 0.303185 million
Latency: 38.88 ms
MACs: 0.100854536 billion
DEBUG OBJECTIVES: -13.115741760566284 0.201709072 -1699.559814453125
Using downloaded and verified file: /home/nisha/.medmnist/breastmnist.npz
Using downloaded and verified file: /home/nisha/.medmnist/breastmnist.npz
Using downloaded and verified file: /home/nisha/.medmnist/breastmnist.npz
[INFO] Register count_convNd() for <class 'torch.nn.modules.conv.Conv2d'>.
[INFO] Register count_normalization() for <class 'torch.nn.modules.batchnorm.BatchNorm2d'>.
[INFO] Register zero_ops() for <class 'torch.nn.modules.container.Sequential'>.
[INFO] Register zero_ops() for <class 'torch.nn.modules.activation.ReLU'>.
[INFO] Register zero_ops() for <class 'torch.nn.modules.pooling.MaxPool2d'>.
[INFO] Register count_avgpool() for <class 'torch.nn.modules.pooling.AvgPool2d'>.
[INFO] Register count_upsample() for <class 'torch.nn.modules.upsampling.Upsample'>.
[INFO] Register count_softmax() for <class 'torch.nn.modules.activation.Softmax'>.
[INFO] Register count_adap_avgpool() for <class 'torch.nn.modules.pooling.AdaptiveAvgPool2d'>.
[INFO] Register count_linear() for <class 'torch.nn.modules.linear.Linear'>.
[INFO] Register count_normalization() for <class 'torch.nn.modules.batchnorm.BatchNorm1d'>.
FLOPs: 0.213418032 billion
Parameters: 0.38047 million
Latency: 26.79 ms
MACs: 0.106709016 billion
DEBUG OBJECTIVES: -8.70118128514065 0.213418032 -932.3491821289062
Using downloaded and verified file: /home/nisha/.medmnist/breastmnist.npz
Using downloaded and verified file: /home/nisha/.medmnist/breastmnist.npz
Using downloaded and verified file: /home/nisha/.medmnist/breastmnist.npz
[INFO] Register count_convNd() for <class 'torch.nn.modules.conv.Conv2d'>.
[INFO] Register count_normalization() for <class 'torch.nn.modules.batchnorm.BatchNorm2d'>.
[INFO] Register zero_ops() for <class 'torch.nn.modules.container.Sequential'>.
[INFO] Register zero_ops() for <class 'torch.nn.modules.activation.ReLU'>.
[INFO] Register count_linear() for <class 'torch.nn.modules.linear.Linear'>.
[INFO] Register count_normalization() for <class 'torch.nn.modules.batchnorm.BatchNorm1d'>.
[INFO] Register count_softmax() for <class 'torch.nn.modules.activation.Softmax'>.
[INFO] Register count_avgpool() for <class 'torch.nn.modules.pooling.AvgPool2d'>.
[INFO] Register count_adap_avgpool() for <class 'torch.nn.modules.pooling.AdaptiveAvgPool2d'>.
FLOPs: 0.095373152 billion
Parameters: 0.205318 million
Latency: 20.39 ms
MACs: 0.047686576 billion
DEBUG OBJECTIVES: -9.08345361475913 0.095373152 -851.3136596679688
Using downloaded and verified file: /home/nisha/.medmnist/breastmnist.npz
Using downloaded and verified file: /home/nisha/.medmnist/breastmnist.npz
Using downloaded and verified file: /home/nisha/.medmnist/breastmnist.npz
[INFO] Register count_convNd() for <class 'torch.nn.modules.conv.Conv2d'>.
[INFO] Register count_normalization() for <class 'torch.nn.modules.batchnorm.BatchNorm2d'>.
[INFO] Register zero_ops() for <class 'torch.nn.modules.container.Sequential'>.
[INFO] Register zero_ops() for <class 'torch.nn.modules.activation.ReLU'>.
[INFO] Register count_avgpool() for <class 'torch.nn.modules.pooling.AvgPool2d'>.
[INFO] Register count_softmax() for <class 'torch.nn.modules.activation.Softmax'>.
[INFO] Register count_adap_avgpool() for <class 'torch.nn.modules.pooling.AdaptiveAvgPool2d'>.
[INFO] Register count_linear() for <class 'torch.nn.modules.linear.Linear'>.
[INFO] Register zero_ops() for <class 'torch.nn.modules.pooling.MaxPool2d'>.
FLOPs: 0.10939336 billion
Parameters: 0.149184 million
Latency: 18.47 ms
MACs: 0.05469668 billion
DEBUG OBJECTIVES: -8.627961132429888 0.10939336 -893.7454223632812
Using downloaded and verified file: /home/nisha/.medmnist/breastmnist.npz
Using downloaded and verified file: /home/nisha/.medmnist/breastmnist.npz
Using downloaded and verified file: /home/nisha/.medmnist/breastmnist.npz
[INFO] Register count_convNd() for <class 'torch.nn.modules.conv.Conv2d'>.
[INFO] Register count_normalization() for <class 'torch.nn.modules.batchnorm.BatchNorm2d'>.
[INFO] Register zero_ops() for <class 'torch.nn.modules.container.Sequential'>.
[INFO] Register zero_ops() for <class 'torch.nn.modules.activation.ReLU'>.
[INFO] Register count_avgpool() for <class 'torch.nn.modules.pooling.AvgPool2d'>.
[INFO] Register count_upsample() for <class 'torch.nn.modules.upsampling.Upsample'>.
[INFO] Register count_softmax() for <class 'torch.nn.modules.activation.Softmax'>.
[INFO] Register count_linear() for <class 'torch.nn.modules.linear.Linear'>.
[INFO] Register count_normalization() for <class 'torch.nn.modules.batchnorm.BatchNorm1d'>.
[INFO] Register count_adap_avgpool() for <class 'torch.nn.modules.pooling.AdaptiveAvgPool2d'>.
[INFO] Register zero_ops() for <class 'torch.nn.modules.pooling.MaxPool2d'>.
FLOPs: 0.203754832 billion
Parameters: 0.38309 million
Latency: 25.54 ms
MACs: 0.101877416 billion
DEBUG OBJECTIVES: -12.056553490005754 0.203754832 -1203.7525634765625
Using downloaded and verified file: /home/nisha/.medmnist/breastmnist.npz
Using downloaded and verified file: /home/nisha/.medmnist/breastmnist.npz
Using downloaded and verified file: /home/nisha/.medmnist/breastmnist.npz
[INFO] Register count_convNd() for <class 'torch.nn.modules.conv.Conv2d'>.
[INFO] Register count_normalization() for <class 'torch.nn.modules.batchnorm.BatchNorm2d'>.
[INFO] Register zero_ops() for <class 'torch.nn.modules.container.Sequential'>.
[INFO] Register zero_ops() for <class 'torch.nn.modules.activation.ReLU'>.
[INFO] Register count_avgpool() for <class 'torch.nn.modules.pooling.AvgPool2d'>.
[INFO] Register zero_ops() for <class 'torch.nn.modules.pooling.MaxPool2d'>.
[INFO] Register count_adap_avgpool() for <class 'torch.nn.modules.pooling.AdaptiveAvgPool2d'>.
[INFO] Register count_linear() for <class 'torch.nn.modules.linear.Linear'>.
[INFO] Register count_softmax() for <class 'torch.nn.modules.activation.Softmax'>.
[INFO] Register count_upsample() for <class 'torch.nn.modules.upsampling.Upsample'>.
[INFO] Register count_normalization() for <class 'torch.nn.modules.batchnorm.BatchNorm1d'>.
FLOPs: 0.206098736 billion
Parameters: 0.376842 million
Latency: 22.02 ms
MACs: 0.103049368 billion
DEBUG OBJECTIVES: -8.877920803080848 0.206098736 -961.6486206054688
Using downloaded and verified file: /home/nisha/.medmnist/breastmnist.npz
Using downloaded and verified file: /home/nisha/.medmnist/breastmnist.npz
Using downloaded and verified file: /home/nisha/.medmnist/breastmnist.npz
[INFO] Register count_convNd() for <class 'torch.nn.modules.conv.Conv2d'>.
[INFO] Register count_normalization() for <class 'torch.nn.modules.batchnorm.BatchNorm2d'>.
[INFO] Register zero_ops() for <class 'torch.nn.modules.container.Sequential'>.
[INFO] Register zero_ops() for <class 'torch.nn.modules.activation.ReLU'>.
[INFO] Register count_avgpool() for <class 'torch.nn.modules.pooling.AvgPool2d'>.
[INFO] Register count_linear() for <class 'torch.nn.modules.linear.Linear'>.
[INFO] Register count_normalization() for <class 'torch.nn.modules.batchnorm.BatchNorm1d'>.
[INFO] Register count_softmax() for <class 'torch.nn.modules.activation.Softmax'>.
[INFO] Register count_adap_avgpool() for <class 'torch.nn.modules.pooling.AdaptiveAvgPool2d'>.
FLOPs: 0.093845344 billion
Parameters: 0.122214 million
Latency: 20.57 ms
MACs: 0.046922672 billion
DEBUG OBJECTIVES: -6.529221224570882 0.093845344 -754.54248046875
Using downloaded and verified file: /home/nisha/.medmnist/breastmnist.npz
Using downloaded and verified file: /home/nisha/.medmnist/breastmnist.npz
Using downloaded and verified file: /home/nisha/.medmnist/breastmnist.npz
[INFO] Register count_convNd() for <class 'torch.nn.modules.conv.Conv2d'>.
[INFO] Register count_normalization() for <class 'torch.nn.modules.batchnorm.BatchNorm2d'>.
[INFO] Register zero_ops() for <class 'torch.nn.modules.container.Sequential'>.
[INFO] Register zero_ops() for <class 'torch.nn.modules.activation.ReLU'>.
[INFO] Register count_avgpool() for <class 'torch.nn.modules.pooling.AvgPool2d'>.
[INFO] Register count_upsample() for <class 'torch.nn.modules.upsampling.Upsample'>.
[INFO] Register zero_ops() for <class 'torch.nn.modules.pooling.MaxPool2d'>.
[INFO] Register count_softmax() for <class 'torch.nn.modules.activation.Softmax'>.
[INFO] Register count_adap_avgpool() for <class 'torch.nn.modules.pooling.AdaptiveAvgPool2d'>.
[INFO] Register count_linear() for <class 'torch.nn.modules.linear.Linear'>.
[INFO] Register count_normalization() for <class 'torch.nn.modules.batchnorm.BatchNorm1d'>.
FLOPs: 0.178174016 billion
Parameters: 0.279567 million
Latency: 36.82 ms
MACs: 0.089087008 billion
DEBUG OBJECTIVES: -14.32051874908149 0.178174016 -1678.1634521484375
Using downloaded and verified file: /home/nisha/.medmnist/breastmnist.npz
Using downloaded and verified file: /home/nisha/.medmnist/breastmnist.npz
Using downloaded and verified file: /home/nisha/.medmnist/breastmnist.npz
[INFO] Register count_convNd() for <class 'torch.nn.modules.conv.Conv2d'>.
[INFO] Register count_normalization() for <class 'torch.nn.modules.batchnorm.BatchNorm2d'>.
[INFO] Register zero_ops() for <class 'torch.nn.modules.container.Sequential'>.
[INFO] Register zero_ops() for <class 'torch.nn.modules.activation.ReLU'>.
[INFO] Register count_avgpool() for <class 'torch.nn.modules.pooling.AvgPool2d'>.
[INFO] Register count_upsample() for <class 'torch.nn.modules.upsampling.Upsample'>.
[INFO] Register zero_ops() for <class 'torch.nn.modules.pooling.MaxPool2d'>.
[INFO] Register count_softmax() for <class 'torch.nn.modules.activation.Softmax'>.
[INFO] Register count_adap_avgpool() for <class 'torch.nn.modules.pooling.AdaptiveAvgPool2d'>.
[INFO] Register count_linear() for <class 'torch.nn.modules.linear.Linear'>.
[INFO] Register count_normalization() for <class 'torch.nn.modules.batchnorm.BatchNorm1d'>.
FLOPs: 0.165736864 billion
Parameters: 0.253129 million
Latency: 36.95 ms
MACs: 0.082868432 billion
DEBUG OBJECTIVES: -13.154480456230567 0.165736864 -1523.14013671875
Using downloaded and verified file: /home/nisha/.medmnist/breastmnist.npz
Using downloaded and verified file: /home/nisha/.medmnist/breastmnist.npz
Using downloaded and verified file: /home/nisha/.medmnist/breastmnist.npz
[INFO] Register count_convNd() for <class 'torch.nn.modules.conv.Conv2d'>.
[INFO] Register count_normalization() for <class 'torch.nn.modules.batchnorm.BatchNorm2d'>.
[INFO] Register zero_ops() for <class 'torch.nn.modules.container.Sequential'>.
[INFO] Register zero_ops() for <class 'torch.nn.modules.activation.ReLU'>.
[INFO] Register count_avgpool() for <class 'torch.nn.modules.pooling.AvgPool2d'>.
[INFO] Register zero_ops() for <class 'torch.nn.modules.pooling.MaxPool2d'>.
[INFO] Register count_softmax() for <class 'torch.nn.modules.activation.Softmax'>.
[INFO] Register count_adap_avgpool() for <class 'torch.nn.modules.pooling.AdaptiveAvgPool2d'>.
[INFO] Register count_linear() for <class 'torch.nn.modules.linear.Linear'>.
[INFO] Register count_upsample() for <class 'torch.nn.modules.upsampling.Upsample'>.
[INFO] Register count_normalization() for <class 'torch.nn.modules.batchnorm.BatchNorm1d'>.
FLOPs: 0.269226656 billion
Parameters: 0.520102 million
Latency: 38.44 ms
MACs: 0.134613328 billion
DEBUG OBJECTIVES: -16.644311631788312 0.269226656 -1697.204345703125
Using downloaded and verified file: /home/nisha/.medmnist/breastmnist.npz
Using downloaded and verified file: /home/nisha/.medmnist/breastmnist.npz
Using downloaded and verified file: /home/nisha/.medmnist/breastmnist.npz
[INFO] Register count_convNd() for <class 'torch.nn.modules.conv.Conv2d'>.
[INFO] Register count_normalization() for <class 'torch.nn.modules.batchnorm.BatchNorm2d'>.
[INFO] Register zero_ops() for <class 'torch.nn.modules.container.Sequential'>.
[INFO] Register zero_ops() for <class 'torch.nn.modules.activation.ReLU'>.
[INFO] Register count_avgpool() for <class 'torch.nn.modules.pooling.AvgPool2d'>.
[INFO] Register count_upsample() for <class 'torch.nn.modules.upsampling.Upsample'>.
[INFO] Register count_linear() for <class 'torch.nn.modules.linear.Linear'>.
[INFO] Register count_normalization() for <class 'torch.nn.modules.batchnorm.BatchNorm1d'>.
[INFO] Register count_softmax() for <class 'torch.nn.modules.activation.Softmax'>.
[INFO] Register count_adap_avgpool() for <class 'torch.nn.modules.pooling.AdaptiveAvgPool2d'>.
FLOPs: 0.439963968 billion
Parameters: 0.916072 million
Latency: 35.67 ms
MACs: 0.219981984 billion
DEBUG OBJECTIVES: -15.302015810249141 0.439963968 -1772.46630859375
Using downloaded and verified file: /home/nisha/.medmnist/breastmnist.npz
Using downloaded and verified file: /home/nisha/.medmnist/breastmnist.npz
Using downloaded and verified file: /home/nisha/.medmnist/breastmnist.npz
[INFO] Register count_convNd() for <class 'torch.nn.modules.conv.Conv2d'>.
[INFO] Register count_normalization() for <class 'torch.nn.modules.batchnorm.BatchNorm2d'>.
[INFO] Register zero_ops() for <class 'torch.nn.modules.container.Sequential'>.
[INFO] Register zero_ops() for <class 'torch.nn.modules.activation.ReLU'>.
[INFO] Register count_avgpool() for <class 'torch.nn.modules.pooling.AvgPool2d'>.
[INFO] Register count_upsample() for <class 'torch.nn.modules.upsampling.Upsample'>.
[INFO] Register zero_ops() for <class 'torch.nn.modules.pooling.MaxPool2d'>.
[INFO] Register count_softmax() for <class 'torch.nn.modules.activation.Softmax'>.
[INFO] Register count_adap_avgpool() for <class 'torch.nn.modules.pooling.AdaptiveAvgPool2d'>.
[INFO] Register count_linear() for <class 'torch.nn.modules.linear.Linear'>.
[INFO] Register count_normalization() for <class 'torch.nn.modules.batchnorm.BatchNorm1d'>.
FLOPs: 0.182785728 billion
Parameters: 0.291375 million
Latency: 39.27 ms
MACs: 0.091392864 billion
DEBUG OBJECTIVES: -13.602320693459792 0.182785728 -1809.1480712890625
Using downloaded and verified file: /home/nisha/.medmnist/breastmnist.npz
Using downloaded and verified file: /home/nisha/.medmnist/breastmnist.npz
Using downloaded and verified file: /home/nisha/.medmnist/breastmnist.npz
[INFO] Register count_convNd() for <class 'torch.nn.modules.conv.Conv2d'>.
[INFO] Register count_normalization() for <class 'torch.nn.modules.batchnorm.BatchNorm2d'>.
[INFO] Register zero_ops() for <class 'torch.nn.modules.container.Sequential'>.
[INFO] Register zero_ops() for <class 'torch.nn.modules.activation.ReLU'>.
[INFO] Register count_avgpool() for <class 'torch.nn.modules.pooling.AvgPool2d'>.
[INFO] Register count_linear() for <class 'torch.nn.modules.linear.Linear'>.
[INFO] Register count_normalization() for <class 'torch.nn.modules.batchnorm.BatchNorm1d'>.
[INFO] Register count_softmax() for <class 'torch.nn.modules.activation.Softmax'>.
[INFO] Register count_adap_avgpool() for <class 'torch.nn.modules.pooling.AdaptiveAvgPool2d'>.
FLOPs: 0.089689024 billion
Parameters: 0.128752 million
Latency: 18.12 ms
MACs: 0.044844512 billion
DEBUG OBJECTIVES: -7.567292990229791 0.089689024 -807.5670776367188
Using downloaded and verified file: /home/nisha/.medmnist/breastmnist.npz
Using downloaded and verified file: /home/nisha/.medmnist/breastmnist.npz
Using downloaded and verified file: /home/nisha/.medmnist/breastmnist.npz
[INFO] Register count_convNd() for <class 'torch.nn.modules.conv.Conv2d'>.
[INFO] Register count_normalization() for <class 'torch.nn.modules.batchnorm.BatchNorm2d'>.
[INFO] Register zero_ops() for <class 'torch.nn.modules.container.Sequential'>.
[INFO] Register zero_ops() for <class 'torch.nn.modules.activation.ReLU'>.
[INFO] Register zero_ops() for <class 'torch.nn.modules.pooling.MaxPool2d'>.
[INFO] Register count_avgpool() for <class 'torch.nn.modules.pooling.AvgPool2d'>.
[INFO] Register count_adap_avgpool() for <class 'torch.nn.modules.pooling.AdaptiveAvgPool2d'>.
[INFO] Register count_linear() for <class 'torch.nn.modules.linear.Linear'>.
[INFO] Register count_softmax() for <class 'torch.nn.modules.activation.Softmax'>.
[INFO] Register count_normalization() for <class 'torch.nn.modules.batchnorm.BatchNorm1d'>.
FLOPs: 0.105452544 billion
Parameters: 0.194066 million
Latency: 12.98 ms
MACs: 0.052726272 billion
DEBUG OBJECTIVES: -7.96513066684445 0.105452544 -722.744873046875
Using downloaded and verified file: /home/nisha/.medmnist/breastmnist.npz
Using downloaded and verified file: /home/nisha/.medmnist/breastmnist.npz
Using downloaded and verified file: /home/nisha/.medmnist/breastmnist.npz
[INFO] Register count_convNd() for <class 'torch.nn.modules.conv.Conv2d'>.
[INFO] Register count_normalization() for <class 'torch.nn.modules.batchnorm.BatchNorm2d'>.
[INFO] Register zero_ops() for <class 'torch.nn.modules.container.Sequential'>.
[INFO] Register zero_ops() for <class 'torch.nn.modules.activation.ReLU'>.
[INFO] Register count_avgpool() for <class 'torch.nn.modules.pooling.AvgPool2d'>.
[INFO] Register count_softmax() for <class 'torch.nn.modules.activation.Softmax'>.
[INFO] Register count_adap_avgpool() for <class 'torch.nn.modules.pooling.AdaptiveAvgPool2d'>.
[INFO] Register count_linear() for <class 'torch.nn.modules.linear.Linear'>.
[INFO] Register count_normalization() for <class 'torch.nn.modules.batchnorm.BatchNorm1d'>.
FLOPs: 0.192302512 billion
Parameters: 0.333855 million
Latency: 39.44 ms
MACs: 0.096151256 billion
DEBUG OBJECTIVES: -13.012091737206086 0.192302512 -1923.22216796875
Using downloaded and verified file: /home/nisha/.medmnist/breastmnist.npz
Using downloaded and verified file: /home/nisha/.medmnist/breastmnist.npz
Using downloaded and verified file: /home/nisha/.medmnist/breastmnist.npz
[INFO] Register count_convNd() for <class 'torch.nn.modules.conv.Conv2d'>.
[INFO] Register count_normalization() for <class 'torch.nn.modules.batchnorm.BatchNorm2d'>.
[INFO] Register zero_ops() for <class 'torch.nn.modules.container.Sequential'>.
[INFO] Register zero_ops() for <class 'torch.nn.modules.activation.ReLU'>.
[INFO] Register zero_ops() for <class 'torch.nn.modules.pooling.MaxPool2d'>.
[INFO] Register count_linear() for <class 'torch.nn.modules.linear.Linear'>.
[INFO] Register count_normalization() for <class 'torch.nn.modules.batchnorm.BatchNorm1d'>.
[INFO] Register count_softmax() for <class 'torch.nn.modules.activation.Softmax'>.
[INFO] Register count_avgpool() for <class 'torch.nn.modules.pooling.AvgPool2d'>.
[INFO] Register count_adap_avgpool() for <class 'torch.nn.modules.pooling.AdaptiveAvgPool2d'>.
FLOPs: 0.092312416 billion
Parameters: 0.183754 million
Latency: 13.23 ms
MACs: 0.046156208 billion
DEBUG OBJECTIVES: -9.822890677788111 0.092312416 -680.553466796875
Using downloaded and verified file: /home/nisha/.medmnist/breastmnist.npz
Using downloaded and verified file: /home/nisha/.medmnist/breastmnist.npz
Using downloaded and verified file: /home/nisha/.medmnist/breastmnist.npz
[INFO] Register count_convNd() for <class 'torch.nn.modules.conv.Conv2d'>.
[INFO] Register count_normalization() for <class 'torch.nn.modules.batchnorm.BatchNorm2d'>.
[INFO] Register zero_ops() for <class 'torch.nn.modules.container.Sequential'>.
[INFO] Register zero_ops() for <class 'torch.nn.modules.activation.ReLU'>.
[INFO] Register count_avgpool() for <class 'torch.nn.modules.pooling.AvgPool2d'>.
[INFO] Register count_linear() for <class 'torch.nn.modules.linear.Linear'>.
[INFO] Register count_adap_avgpool() for <class 'torch.nn.modules.pooling.AdaptiveAvgPool2d'>.
[INFO] Register count_softmax() for <class 'torch.nn.modules.activation.Softmax'>.
FLOPs: 0.1111568 billion
Parameters: 0.199116 million
Latency: 16.43 ms
MACs: 0.0555784 billion
DEBUG OBJECTIVES: -11.907285724952692 0.1111568 -835.4213256835938
Using downloaded and verified file: /home/nisha/.medmnist/breastmnist.npz
Using downloaded and verified file: /home/nisha/.medmnist/breastmnist.npz
Using downloaded and verified file: /home/nisha/.medmnist/breastmnist.npz
[INFO] Register count_convNd() for <class 'torch.nn.modules.conv.Conv2d'>.
[INFO] Register count_normalization() for <class 'torch.nn.modules.batchnorm.BatchNorm2d'>.
[INFO] Register zero_ops() for <class 'torch.nn.modules.container.Sequential'>.
[INFO] Register zero_ops() for <class 'torch.nn.modules.activation.ReLU'>.
[INFO] Register zero_ops() for <class 'torch.nn.modules.pooling.MaxPool2d'>.
[INFO] Register count_avgpool() for <class 'torch.nn.modules.pooling.AvgPool2d'>.
[INFO] Register count_upsample() for <class 'torch.nn.modules.upsampling.Upsample'>.
[INFO] Register count_adap_avgpool() for <class 'torch.nn.modules.pooling.AdaptiveAvgPool2d'>.
[INFO] Register count_linear() for <class 'torch.nn.modules.linear.Linear'>.
[INFO] Register count_softmax() for <class 'torch.nn.modules.activation.Softmax'>.
[INFO] Register count_normalization() for <class 'torch.nn.modules.batchnorm.BatchNorm1d'>.
FLOPs: 0.152076336 billion
Parameters: 0.17739 million
Latency: 17.96 ms
MACs: 0.076038168 billion
DEBUG OBJECTIVES: -10.895836378943057 0.152076336 -919.2569580078125
Using downloaded and verified file: /home/nisha/.medmnist/breastmnist.npz
Using downloaded and verified file: /home/nisha/.medmnist/breastmnist.npz
Using downloaded and verified file: /home/nisha/.medmnist/breastmnist.npz
[INFO] Register count_convNd() for <class 'torch.nn.modules.conv.Conv2d'>.
[INFO] Register count_normalization() for <class 'torch.nn.modules.batchnorm.BatchNorm2d'>.
[INFO] Register zero_ops() for <class 'torch.nn.modules.container.Sequential'>.
[INFO] Register zero_ops() for <class 'torch.nn.modules.activation.ReLU'>.
[INFO] Register count_avgpool() for <class 'torch.nn.modules.pooling.AvgPool2d'>.
[INFO] Register count_softmax() for <class 'torch.nn.modules.activation.Softmax'>.
[INFO] Register count_adap_avgpool() for <class 'torch.nn.modules.pooling.AdaptiveAvgPool2d'>.
[INFO] Register count_linear() for <class 'torch.nn.modules.linear.Linear'>.
[INFO] Register zero_ops() for <class 'torch.nn.modules.pooling.MaxPool2d'>.
[INFO] Register count_normalization() for <class 'torch.nn.modules.batchnorm.BatchNorm1d'>.
FLOPs: 0.11860136 billion
Parameters: 0.167646 million
Latency: 22.17 ms
MACs: 0.05930068 billion
DEBUG OBJECTIVES: -8.043105108806516 0.11860136 -1008.3309326171875
     4 |       80 |     20 |  0.1247182740 |         ideal
Using downloaded and verified file: /home/nisha/.medmnist/breastmnist.npz
Using downloaded and verified file: /home/nisha/.medmnist/breastmnist.npz
Using downloaded and verified file: /home/nisha/.medmnist/breastmnist.npz
[INFO] Register count_convNd() for <class 'torch.nn.modules.conv.Conv2d'>.
[INFO] Register count_normalization() for <class 'torch.nn.modules.batchnorm.BatchNorm2d'>.
[INFO] Register zero_ops() for <class 'torch.nn.modules.container.Sequential'>.
[INFO] Register zero_ops() for <class 'torch.nn.modules.activation.ReLU'>.
[INFO] Register count_avgpool() for <class 'torch.nn.modules.pooling.AvgPool2d'>.
[INFO] Register zero_ops() for <class 'torch.nn.modules.pooling.MaxPool2d'>.
[INFO] Register count_softmax() for <class 'torch.nn.modules.activation.Softmax'>.
[INFO] Register count_adap_avgpool() for <class 'torch.nn.modules.pooling.AdaptiveAvgPool2d'>.
[INFO] Register count_linear() for <class 'torch.nn.modules.linear.Linear'>.
[INFO] Register count_normalization() for <class 'torch.nn.modules.batchnorm.BatchNorm1d'>.
FLOPs: 0.174214048 billion
Parameters: 0.299526 million
Latency: 36.38 ms
MACs: 0.087107024 billion
DEBUG OBJECTIVES: -13.502732800301498 0.174214048 -1775.99951171875
Using downloaded and verified file: /home/nisha/.medmnist/breastmnist.npz
Using downloaded and verified file: /home/nisha/.medmnist/breastmnist.npz
Using downloaded and verified file: /home/nisha/.medmnist/breastmnist.npz
[INFO] Register count_convNd() for <class 'torch.nn.modules.conv.Conv2d'>.
[INFO] Register count_normalization() for <class 'torch.nn.modules.batchnorm.BatchNorm2d'>.
[INFO] Register zero_ops() for <class 'torch.nn.modules.container.Sequential'>.
[INFO] Register zero_ops() for <class 'torch.nn.modules.activation.ReLU'>.
[INFO] Register count_avgpool() for <class 'torch.nn.modules.pooling.AvgPool2d'>.
[INFO] Register count_upsample() for <class 'torch.nn.modules.upsampling.Upsample'>.
[INFO] Register count_linear() for <class 'torch.nn.modules.linear.Linear'>.
[INFO] Register count_softmax() for <class 'torch.nn.modules.activation.Softmax'>.
[INFO] Register count_adap_avgpool() for <class 'torch.nn.modules.pooling.AdaptiveAvgPool2d'>.
FLOPs: 0.213033664 billion
Parameters: 0.48062 million
Latency: 14.69 ms
MACs: 0.106516832 billion
DEBUG OBJECTIVES: -5.1998665354902265 0.213033664 -702.7545166015625
Using downloaded and verified file: /home/nisha/.medmnist/breastmnist.npz
Using downloaded and verified file: /home/nisha/.medmnist/breastmnist.npz
Using downloaded and verified file: /home/nisha/.medmnist/breastmnist.npz
[INFO] Register count_convNd() for <class 'torch.nn.modules.conv.Conv2d'>.
[INFO] Register count_normalization() for <class 'torch.nn.modules.batchnorm.BatchNorm2d'>.
[INFO] Register zero_ops() for <class 'torch.nn.modules.container.Sequential'>.
[INFO] Register zero_ops() for <class 'torch.nn.modules.activation.ReLU'>.
[INFO] Register count_avgpool() for <class 'torch.nn.modules.pooling.AvgPool2d'>.
[INFO] Register count_softmax() for <class 'torch.nn.modules.activation.Softmax'>.
[INFO] Register count_adap_avgpool() for <class 'torch.nn.modules.pooling.AdaptiveAvgPool2d'>.
[INFO] Register count_linear() for <class 'torch.nn.modules.linear.Linear'>.
[INFO] Register count_upsample() for <class 'torch.nn.modules.upsampling.Upsample'>.
FLOPs: 0.327705776 billion
Parameters: 0.697787 million
Latency: 36.50 ms
MACs: 0.163852888 billion
DEBUG OBJECTIVES: -18.432527484484513 0.327705776 -1846.9581298828125
Using downloaded and verified file: /home/nisha/.medmnist/breastmnist.npz
Using downloaded and verified file: /home/nisha/.medmnist/breastmnist.npz
Using downloaded and verified file: /home/nisha/.medmnist/breastmnist.npz
[INFO] Register count_convNd() for <class 'torch.nn.modules.conv.Conv2d'>.
[INFO] Register count_normalization() for <class 'torch.nn.modules.batchnorm.BatchNorm2d'>.
[INFO] Register zero_ops() for <class 'torch.nn.modules.container.Sequential'>.
[INFO] Register zero_ops() for <class 'torch.nn.modules.activation.ReLU'>.
[INFO] Register count_avgpool() for <class 'torch.nn.modules.pooling.AvgPool2d'>.
[INFO] Register zero_ops() for <class 'torch.nn.modules.pooling.MaxPool2d'>.
[INFO] Register count_linear() for <class 'torch.nn.modules.linear.Linear'>.
[INFO] Register count_normalization() for <class 'torch.nn.modules.batchnorm.BatchNorm1d'>.
[INFO] Register count_adap_avgpool() for <class 'torch.nn.modules.pooling.AdaptiveAvgPool2d'>.
FLOPs: 0.09518672 billion
Parameters: 0.188858 million
Latency: 15.15 ms
MACs: 0.04759336 billion
DEBUG OBJECTIVES: -7.786712414307279 0.09518672 -726.0615234375
Using downloaded and verified file: /home/nisha/.medmnist/breastmnist.npz
Using downloaded and verified file: /home/nisha/.medmnist/breastmnist.npz
Using downloaded and verified file: /home/nisha/.medmnist/breastmnist.npz
[INFO] Register count_convNd() for <class 'torch.nn.modules.conv.Conv2d'>.
[INFO] Register count_normalization() for <class 'torch.nn.modules.batchnorm.BatchNorm2d'>.
[INFO] Register zero_ops() for <class 'torch.nn.modules.container.Sequential'>.
[INFO] Register zero_ops() for <class 'torch.nn.modules.activation.ReLU'>.
[INFO] Register count_avgpool() for <class 'torch.nn.modules.pooling.AvgPool2d'>.
[INFO] Register count_upsample() for <class 'torch.nn.modules.upsampling.Upsample'>.
[INFO] Register count_linear() for <class 'torch.nn.modules.linear.Linear'>.
[INFO] Register count_normalization() for <class 'torch.nn.modules.batchnorm.BatchNorm1d'>.
[INFO] Register count_softmax() for <class 'torch.nn.modules.activation.Softmax'>.
[INFO] Register count_adap_avgpool() for <class 'torch.nn.modules.pooling.AdaptiveAvgPool2d'>.
FLOPs: 0.439963968 billion
Parameters: 0.916072 million
Latency: 35.95 ms
MACs: 0.219981984 billion
DEBUG OBJECTIVES: -11.950354560937377 0.439963968 -1749.4117431640625
Using downloaded and verified file: /home/nisha/.medmnist/breastmnist.npz
Using downloaded and verified file: /home/nisha/.medmnist/breastmnist.npz
Using downloaded and verified file: /home/nisha/.medmnist/breastmnist.npz
[INFO] Register count_convNd() for <class 'torch.nn.modules.conv.Conv2d'>.
[INFO] Register count_normalization() for <class 'torch.nn.modules.batchnorm.BatchNorm2d'>.
[INFO] Register zero_ops() for <class 'torch.nn.modules.container.Sequential'>.
[INFO] Register zero_ops() for <class 'torch.nn.modules.activation.ReLU'>.
[INFO] Register count_softmax() for <class 'torch.nn.modules.activation.Softmax'>.
[INFO] Register count_linear() for <class 'torch.nn.modules.linear.Linear'>.
[INFO] Register count_normalization() for <class 'torch.nn.modules.batchnorm.BatchNorm1d'>.
[INFO] Register count_adap_avgpool() for <class 'torch.nn.modules.pooling.AdaptiveAvgPool2d'>.
[INFO] Register count_avgpool() for <class 'torch.nn.modules.pooling.AvgPool2d'>.
[INFO] Register count_upsample() for <class 'torch.nn.modules.upsampling.Upsample'>.
FLOPs: 0.30324984 billion
Parameters: 0.667307 million
Latency: 38.60 ms
MACs: 0.15162492 billion
DEBUG OBJECTIVES: -17.101310837138193 0.30324984 -1503.9703369140625
Using downloaded and verified file: /home/nisha/.medmnist/breastmnist.npz
Using downloaded and verified file: /home/nisha/.medmnist/breastmnist.npz
Using downloaded and verified file: /home/nisha/.medmnist/breastmnist.npz
[INFO] Register count_convNd() for <class 'torch.nn.modules.conv.Conv2d'>.
[INFO] Register count_normalization() for <class 'torch.nn.modules.batchnorm.BatchNorm2d'>.
[INFO] Register zero_ops() for <class 'torch.nn.modules.container.Sequential'>.
[INFO] Register zero_ops() for <class 'torch.nn.modules.activation.ReLU'>.
[INFO] Register zero_ops() for <class 'torch.nn.modules.pooling.MaxPool2d'>.
[INFO] Register count_softmax() for <class 'torch.nn.modules.activation.Softmax'>.
[INFO] Register count_linear() for <class 'torch.nn.modules.linear.Linear'>.
[INFO] Register count_adap_avgpool() for <class 'torch.nn.modules.pooling.AdaptiveAvgPool2d'>.
[INFO] Register count_avgpool() for <class 'torch.nn.modules.pooling.AvgPool2d'>.
FLOPs: 0.059082176 billion
Parameters: 0.092656 million
Latency: 11.75 ms
MACs: 0.029541088 billion
DEBUG OBJECTIVES: -6.787349371937102 0.059082176 -587.7131958007812
Using downloaded and verified file: /home/nisha/.medmnist/breastmnist.npz
Using downloaded and verified file: /home/nisha/.medmnist/breastmnist.npz
Using downloaded and verified file: /home/nisha/.medmnist/breastmnist.npz
[INFO] Register count_convNd() for <class 'torch.nn.modules.conv.Conv2d'>.
[INFO] Register count_normalization() for <class 'torch.nn.modules.batchnorm.BatchNorm2d'>.
[INFO] Register zero_ops() for <class 'torch.nn.modules.container.Sequential'>.
[INFO] Register zero_ops() for <class 'torch.nn.modules.activation.ReLU'>.
[INFO] Register count_avgpool() for <class 'torch.nn.modules.pooling.AvgPool2d'>.
[INFO] Register count_upsample() for <class 'torch.nn.modules.upsampling.Upsample'>.
[INFO] Register count_linear() for <class 'torch.nn.modules.linear.Linear'>.
[INFO] Register count_normalization() for <class 'torch.nn.modules.batchnorm.BatchNorm1d'>.
[INFO] Register count_softmax() for <class 'torch.nn.modules.activation.Softmax'>.
[INFO] Register count_adap_avgpool() for <class 'torch.nn.modules.pooling.AdaptiveAvgPool2d'>.
FLOPs: 0.170939072 billion
Parameters: 0.349328 million
Latency: 17.29 ms
MACs: 0.085469536 billion
DEBUG OBJECTIVES: -8.367019496675796 0.170939072 -750.9373779296875
Using downloaded and verified file: /home/nisha/.medmnist/breastmnist.npz
Using downloaded and verified file: /home/nisha/.medmnist/breastmnist.npz
Using downloaded and verified file: /home/nisha/.medmnist/breastmnist.npz
[INFO] Register count_convNd() for <class 'torch.nn.modules.conv.Conv2d'>.
[INFO] Register count_normalization() for <class 'torch.nn.modules.batchnorm.BatchNorm2d'>.
[INFO] Register zero_ops() for <class 'torch.nn.modules.container.Sequential'>.
[INFO] Register zero_ops() for <class 'torch.nn.modules.activation.ReLU'>.
[INFO] Register count_avgpool() for <class 'torch.nn.modules.pooling.AvgPool2d'>.
[INFO] Register count_upsample() for <class 'torch.nn.modules.upsampling.Upsample'>.
[INFO] Register count_linear() for <class 'torch.nn.modules.linear.Linear'>.
[INFO] Register count_normalization() for <class 'torch.nn.modules.batchnorm.BatchNorm1d'>.
[INFO] Register count_softmax() for <class 'torch.nn.modules.activation.Softmax'>.
[INFO] Register count_adap_avgpool() for <class 'torch.nn.modules.pooling.AdaptiveAvgPool2d'>.
[INFO] Register zero_ops() for <class 'torch.nn.modules.pooling.MaxPool2d'>.
FLOPs: 0.331197824 billion
Parameters: 0.612668 million
Latency: 35.93 ms
MACs: 0.165598912 billion
DEBUG OBJECTIVES: -11.702548023634238 0.331197824 -1013.8452758789062
Using downloaded and verified file: /home/nisha/.medmnist/breastmnist.npz
Using downloaded and verified file: /home/nisha/.medmnist/breastmnist.npz
Using downloaded and verified file: /home/nisha/.medmnist/breastmnist.npz
[INFO] Register count_convNd() for <class 'torch.nn.modules.conv.Conv2d'>.
[INFO] Register count_normalization() for <class 'torch.nn.modules.batchnorm.BatchNorm2d'>.
[INFO] Register zero_ops() for <class 'torch.nn.modules.container.Sequential'>.
[INFO] Register zero_ops() for <class 'torch.nn.modules.activation.ReLU'>.
[INFO] Register count_avgpool() for <class 'torch.nn.modules.pooling.AvgPool2d'>.
[INFO] Register count_upsample() for <class 'torch.nn.modules.upsampling.Upsample'>.
[INFO] Register zero_ops() for <class 'torch.nn.modules.pooling.MaxPool2d'>.
[INFO] Register count_softmax() for <class 'torch.nn.modules.activation.Softmax'>.
[INFO] Register count_adap_avgpool() for <class 'torch.nn.modules.pooling.AdaptiveAvgPool2d'>.
[INFO] Register count_linear() for <class 'torch.nn.modules.linear.Linear'>.
[INFO] Register count_normalization() for <class 'torch.nn.modules.batchnorm.BatchNorm1d'>.
FLOPs: 0.25474464 billion
Parameters: 0.444035 million
Latency: 38.63 ms
MACs: 0.12737232 billion
DEBUG OBJECTIVES: -15.930181908117271 0.25474464 -1804.91748046875
Using downloaded and verified file: /home/nisha/.medmnist/breastmnist.npz
Using downloaded and verified file: /home/nisha/.medmnist/breastmnist.npz
Using downloaded and verified file: /home/nisha/.medmnist/breastmnist.npz
[INFO] Register count_convNd() for <class 'torch.nn.modules.conv.Conv2d'>.
[INFO] Register count_normalization() for <class 'torch.nn.modules.batchnorm.BatchNorm2d'>.
[INFO] Register zero_ops() for <class 'torch.nn.modules.container.Sequential'>.
[INFO] Register zero_ops() for <class 'torch.nn.modules.activation.ReLU'>.
[INFO] Register count_avgpool() for <class 'torch.nn.modules.pooling.AvgPool2d'>.
[INFO] Register count_upsample() for <class 'torch.nn.modules.upsampling.Upsample'>.
[INFO] Register count_softmax() for <class 'torch.nn.modules.activation.Softmax'>.
[INFO] Register count_adap_avgpool() for <class 'torch.nn.modules.pooling.AdaptiveAvgPool2d'>.
[INFO] Register count_linear() for <class 'torch.nn.modules.linear.Linear'>.
[INFO] Register count_normalization() for <class 'torch.nn.modules.batchnorm.BatchNorm1d'>.
FLOPs: 0.15223592 billion
Parameters: 0.148791 million
Latency: 20.72 ms
MACs: 0.07611796 billion
DEBUG OBJECTIVES: -9.21027056556329 0.15223592 -946.2034912109375
Using downloaded and verified file: /home/nisha/.medmnist/breastmnist.npz
Using downloaded and verified file: /home/nisha/.medmnist/breastmnist.npz
Using downloaded and verified file: /home/nisha/.medmnist/breastmnist.npz
[INFO] Register count_convNd() for <class 'torch.nn.modules.conv.Conv2d'>.
[INFO] Register count_normalization() for <class 'torch.nn.modules.batchnorm.BatchNorm2d'>.
[INFO] Register zero_ops() for <class 'torch.nn.modules.container.Sequential'>.
[INFO] Register zero_ops() for <class 'torch.nn.modules.activation.ReLU'>.
[INFO] Register count_avgpool() for <class 'torch.nn.modules.pooling.AvgPool2d'>.
[INFO] Register count_linear() for <class 'torch.nn.modules.linear.Linear'>.
[INFO] Register count_normalization() for <class 'torch.nn.modules.batchnorm.BatchNorm1d'>.
[INFO] Register count_softmax() for <class 'torch.nn.modules.activation.Softmax'>.
[INFO] Register count_adap_avgpool() for <class 'torch.nn.modules.pooling.AdaptiveAvgPool2d'>.
FLOPs: 0.089689024 billion
Parameters: 0.128752 million
Latency: 17.93 ms
MACs: 0.044844512 billion
DEBUG OBJECTIVES: -6.439035671440392 0.089689024 -812.8699951171875
Using downloaded and verified file: /home/nisha/.medmnist/breastmnist.npz
Using downloaded and verified file: /home/nisha/.medmnist/breastmnist.npz
Using downloaded and verified file: /home/nisha/.medmnist/breastmnist.npz
[INFO] Register count_convNd() for <class 'torch.nn.modules.conv.Conv2d'>.
[INFO] Register count_normalization() for <class 'torch.nn.modules.batchnorm.BatchNorm2d'>.
[INFO] Register zero_ops() for <class 'torch.nn.modules.container.Sequential'>.
[INFO] Register zero_ops() for <class 'torch.nn.modules.activation.ReLU'>.
[INFO] Register count_avgpool() for <class 'torch.nn.modules.pooling.AvgPool2d'>.
[INFO] Register zero_ops() for <class 'torch.nn.modules.pooling.MaxPool2d'>.
[INFO] Register count_upsample() for <class 'torch.nn.modules.upsampling.Upsample'>.
[INFO] Register count_softmax() for <class 'torch.nn.modules.activation.Softmax'>.
[INFO] Register count_adap_avgpool() for <class 'torch.nn.modules.pooling.AdaptiveAvgPool2d'>.
[INFO] Register count_linear() for <class 'torch.nn.modules.linear.Linear'>.
[INFO] Register count_normalization() for <class 'torch.nn.modules.batchnorm.BatchNorm1d'>.
FLOPs: 0.22135248 billion
Parameters: 0.331851 million
Latency: 32.14 ms
MACs: 0.11067624 billion
DEBUG OBJECTIVES: -12.43049554703413 0.22135248 -1497.9305419921875
Using downloaded and verified file: /home/nisha/.medmnist/breastmnist.npz
Using downloaded and verified file: /home/nisha/.medmnist/breastmnist.npz
Using downloaded and verified file: /home/nisha/.medmnist/breastmnist.npz
[INFO] Register count_convNd() for <class 'torch.nn.modules.conv.Conv2d'>.
[INFO] Register count_normalization() for <class 'torch.nn.modules.batchnorm.BatchNorm2d'>.
[INFO] Register zero_ops() for <class 'torch.nn.modules.container.Sequential'>.
[INFO] Register zero_ops() for <class 'torch.nn.modules.activation.ReLU'>.
[INFO] Register count_avgpool() for <class 'torch.nn.modules.pooling.AvgPool2d'>.
[INFO] Register count_upsample() for <class 'torch.nn.modules.upsampling.Upsample'>.
[INFO] Register zero_ops() for <class 'torch.nn.modules.pooling.MaxPool2d'>.
[INFO] Register count_softmax() for <class 'torch.nn.modules.activation.Softmax'>.
[INFO] Register count_adap_avgpool() for <class 'torch.nn.modules.pooling.AdaptiveAvgPool2d'>.
[INFO] Register count_linear() for <class 'torch.nn.modules.linear.Linear'>.
[INFO] Register count_normalization() for <class 'torch.nn.modules.batchnorm.BatchNorm1d'>.
FLOPs: 0.229016848 billion
Parameters: 0.417512 million
Latency: 35.90 ms
MACs: 0.114508424 billion
DEBUG OBJECTIVES: -15.098006171754557 0.229016848 -1623.7713623046875
Using downloaded and verified file: /home/nisha/.medmnist/breastmnist.npz
Using downloaded and verified file: /home/nisha/.medmnist/breastmnist.npz
Using downloaded and verified file: /home/nisha/.medmnist/breastmnist.npz
[INFO] Register count_convNd() for <class 'torch.nn.modules.conv.Conv2d'>.
[INFO] Register count_normalization() for <class 'torch.nn.modules.batchnorm.BatchNorm2d'>.
[INFO] Register zero_ops() for <class 'torch.nn.modules.container.Sequential'>.
[INFO] Register zero_ops() for <class 'torch.nn.modules.activation.ReLU'>.
[INFO] Register count_avgpool() for <class 'torch.nn.modules.pooling.AvgPool2d'>.
[INFO] Register count_softmax() for <class 'torch.nn.modules.activation.Softmax'>.
[INFO] Register count_adap_avgpool() for <class 'torch.nn.modules.pooling.AdaptiveAvgPool2d'>.
[INFO] Register count_linear() for <class 'torch.nn.modules.linear.Linear'>.
[INFO] Register zero_ops() for <class 'torch.nn.modules.pooling.MaxPool2d'>.
[INFO] Register count_normalization() for <class 'torch.nn.modules.batchnorm.BatchNorm1d'>.
FLOPs: 0.209605968 billion
Parameters: 0.388857 million
Latency: 34.15 ms
MACs: 0.104802984 billion
DEBUG OBJECTIVES: -12.954621378014314 0.209605968 -1811.9678955078125
Using downloaded and verified file: /home/nisha/.medmnist/breastmnist.npz
Using downloaded and verified file: /home/nisha/.medmnist/breastmnist.npz
Using downloaded and verified file: /home/nisha/.medmnist/breastmnist.npz
[INFO] Register count_convNd() for <class 'torch.nn.modules.conv.Conv2d'>.
[INFO] Register count_normalization() for <class 'torch.nn.modules.batchnorm.BatchNorm2d'>.
[INFO] Register zero_ops() for <class 'torch.nn.modules.container.Sequential'>.
[INFO] Register zero_ops() for <class 'torch.nn.modules.activation.ReLU'>.
[INFO] Register count_avgpool() for <class 'torch.nn.modules.pooling.AvgPool2d'>.
[INFO] Register count_upsample() for <class 'torch.nn.modules.upsampling.Upsample'>.
[INFO] Register count_linear() for <class 'torch.nn.modules.linear.Linear'>.
[INFO] Register count_normalization() for <class 'torch.nn.modules.batchnorm.BatchNorm1d'>.
[INFO] Register count_softmax() for <class 'torch.nn.modules.activation.Softmax'>.
[INFO] Register count_adap_avgpool() for <class 'torch.nn.modules.pooling.AdaptiveAvgPool2d'>.
FLOPs: 0.439779136 billion
Parameters: 0.91513 million
Latency: 34.56 ms
MACs: 0.219889568 billion
DEBUG OBJECTIVES: -18.852002506063364 0.439779136 -1702.669677734375
Using downloaded and verified file: /home/nisha/.medmnist/breastmnist.npz
Using downloaded and verified file: /home/nisha/.medmnist/breastmnist.npz
Using downloaded and verified file: /home/nisha/.medmnist/breastmnist.npz
[INFO] Register count_convNd() for <class 'torch.nn.modules.conv.Conv2d'>.
[INFO] Register count_normalization() for <class 'torch.nn.modules.batchnorm.BatchNorm2d'>.
[INFO] Register zero_ops() for <class 'torch.nn.modules.container.Sequential'>.
[INFO] Register zero_ops() for <class 'torch.nn.modules.activation.ReLU'>.
[INFO] Register zero_ops() for <class 'torch.nn.modules.pooling.MaxPool2d'>.
[INFO] Register count_linear() for <class 'torch.nn.modules.linear.Linear'>.
[INFO] Register count_softmax() for <class 'torch.nn.modules.activation.Softmax'>.
[INFO] Register count_normalization() for <class 'torch.nn.modules.batchnorm.BatchNorm1d'>.
[INFO] Register count_avgpool() for <class 'torch.nn.modules.pooling.AvgPool2d'>.
[INFO] Register count_adap_avgpool() for <class 'torch.nn.modules.pooling.AdaptiveAvgPool2d'>.
FLOPs: 0.10458864 billion
Parameters: 0.178712 million
Latency: 14.84 ms
MACs: 0.05229432 billion
DEBUG OBJECTIVES: -5.232383515709311 0.10458864 -368.75555419921875
Using downloaded and verified file: /home/nisha/.medmnist/breastmnist.npz
Using downloaded and verified file: /home/nisha/.medmnist/breastmnist.npz
Using downloaded and verified file: /home/nisha/.medmnist/breastmnist.npz
[INFO] Register count_convNd() for <class 'torch.nn.modules.conv.Conv2d'>.
[INFO] Register count_normalization() for <class 'torch.nn.modules.batchnorm.BatchNorm2d'>.
[INFO] Register zero_ops() for <class 'torch.nn.modules.container.Sequential'>.
[INFO] Register zero_ops() for <class 'torch.nn.modules.activation.ReLU'>.
[INFO] Register count_avgpool() for <class 'torch.nn.modules.pooling.AvgPool2d'>.
[INFO] Register count_softmax() for <class 'torch.nn.modules.activation.Softmax'>.
[INFO] Register count_adap_avgpool() for <class 'torch.nn.modules.pooling.AdaptiveAvgPool2d'>.
[INFO] Register count_linear() for <class 'torch.nn.modules.linear.Linear'>.
[INFO] Register zero_ops() for <class 'torch.nn.modules.pooling.MaxPool2d'>.
[INFO] Register count_normalization() for <class 'torch.nn.modules.batchnorm.BatchNorm1d'>.
FLOPs: 0.2083444 billion
Parameters: 0.387849 million
Latency: 33.90 ms
MACs: 0.1041722 billion
DEBUG OBJECTIVES: -14.998940191440145 0.2083444 -1823.32177734375
Using downloaded and verified file: /home/nisha/.medmnist/breastmnist.npz
Using downloaded and verified file: /home/nisha/.medmnist/breastmnist.npz
Using downloaded and verified file: /home/nisha/.medmnist/breastmnist.npz
[INFO] Register count_convNd() for <class 'torch.nn.modules.conv.Conv2d'>.
[INFO] Register count_normalization() for <class 'torch.nn.modules.batchnorm.BatchNorm2d'>.
[INFO] Register zero_ops() for <class 'torch.nn.modules.container.Sequential'>.
[INFO] Register zero_ops() for <class 'torch.nn.modules.activation.ReLU'>.
[INFO] Register count_avgpool() for <class 'torch.nn.modules.pooling.AvgPool2d'>.
[INFO] Register count_upsample() for <class 'torch.nn.modules.upsampling.Upsample'>.
[INFO] Register count_linear() for <class 'torch.nn.modules.linear.Linear'>.
[INFO] Register count_softmax() for <class 'torch.nn.modules.activation.Softmax'>.
[INFO] Register count_adap_avgpool() for <class 'torch.nn.modules.pooling.AdaptiveAvgPool2d'>.
[INFO] Register count_normalization() for <class 'torch.nn.modules.batchnorm.BatchNorm1d'>.
FLOPs: 0.172326496 billion
Parameters: 0.351846 million
Latency: 16.77 ms
MACs: 0.086163248 billion
DEBUG OBJECTIVES: -8.46645823346325 0.172326496 -715.95751953125
Using downloaded and verified file: /home/nisha/.medmnist/breastmnist.npz
Using downloaded and verified file: /home/nisha/.medmnist/breastmnist.npz
Using downloaded and verified file: /home/nisha/.medmnist/breastmnist.npz
[INFO] Register count_convNd() for <class 'torch.nn.modules.conv.Conv2d'>.
[INFO] Register count_normalization() for <class 'torch.nn.modules.batchnorm.BatchNorm2d'>.
[INFO] Register zero_ops() for <class 'torch.nn.modules.container.Sequential'>.
[INFO] Register zero_ops() for <class 'torch.nn.modules.activation.ReLU'>.
[INFO] Register zero_ops() for <class 'torch.nn.modules.pooling.MaxPool2d'>.
[INFO] Register count_linear() for <class 'torch.nn.modules.linear.Linear'>.
[INFO] Register count_normalization() for <class 'torch.nn.modules.batchnorm.BatchNorm1d'>.
[INFO] Register count_softmax() for <class 'torch.nn.modules.activation.Softmax'>.
[INFO] Register count_avgpool() for <class 'torch.nn.modules.pooling.AvgPool2d'>.
[INFO] Register count_adap_avgpool() for <class 'torch.nn.modules.pooling.AdaptiveAvgPool2d'>.
FLOPs: 0.092312416 billion
Parameters: 0.183754 million
Latency: 13.22 ms
MACs: 0.046156208 billion
DEBUG OBJECTIVES: -8.346761262145286 0.092312416 -692.9569702148438
     5 |      100 |     20 |  0.1829883420 |         ideal
Using downloaded and verified file: /home/nisha/.medmnist/breastmnist.npz
Using downloaded and verified file: /home/nisha/.medmnist/breastmnist.npz
Using downloaded and verified file: /home/nisha/.medmnist/breastmnist.npz
[INFO] Register count_convNd() for <class 'torch.nn.modules.conv.Conv2d'>.
[INFO] Register count_normalization() for <class 'torch.nn.modules.batchnorm.BatchNorm2d'>.
[INFO] Register zero_ops() for <class 'torch.nn.modules.container.Sequential'>.
[INFO] Register zero_ops() for <class 'torch.nn.modules.activation.ReLU'>.
[INFO] Register count_avgpool() for <class 'torch.nn.modules.pooling.AvgPool2d'>.
[INFO] Register count_upsample() for <class 'torch.nn.modules.upsampling.Upsample'>.
[INFO] Register zero_ops() for <class 'torch.nn.modules.pooling.MaxPool2d'>.
[INFO] Register count_softmax() for <class 'torch.nn.modules.activation.Softmax'>.
[INFO] Register count_adap_avgpool() for <class 'torch.nn.modules.pooling.AdaptiveAvgPool2d'>.
[INFO] Register count_linear() for <class 'torch.nn.modules.linear.Linear'>.
[INFO] Register count_normalization() for <class 'torch.nn.modules.batchnorm.BatchNorm1d'>.
FLOPs: 0.275212848 billion
Parameters: 0.516499 million
Latency: 35.90 ms
MACs: 0.137606424 billion
DEBUG OBJECTIVES: -13.342256648017774 0.275212848 -1616.394775390625
Using downloaded and verified file: /home/nisha/.medmnist/breastmnist.npz
Using downloaded and verified file: /home/nisha/.medmnist/breastmnist.npz
Using downloaded and verified file: /home/nisha/.medmnist/breastmnist.npz
[INFO] Register count_convNd() for <class 'torch.nn.modules.conv.Conv2d'>.
[INFO] Register count_normalization() for <class 'torch.nn.modules.batchnorm.BatchNorm2d'>.
[INFO] Register zero_ops() for <class 'torch.nn.modules.container.Sequential'>.
[INFO] Register zero_ops() for <class 'torch.nn.modules.activation.ReLU'>.
[INFO] Register count_avgpool() for <class 'torch.nn.modules.pooling.AvgPool2d'>.
[INFO] Register count_softmax() for <class 'torch.nn.modules.activation.Softmax'>.
[INFO] Register count_adap_avgpool() for <class 'torch.nn.modules.pooling.AdaptiveAvgPool2d'>.
[INFO] Register count_linear() for <class 'torch.nn.modules.linear.Linear'>.
[INFO] Register zero_ops() for <class 'torch.nn.modules.pooling.MaxPool2d'>.
FLOPs: 0.1743268 billion
Parameters: 0.311031 million
Latency: 34.16 ms
MACs: 0.0871634 billion
DEBUG OBJECTIVES: -14.279406751970061 0.1743268 -1738.62353515625
Using downloaded and verified file: /home/nisha/.medmnist/breastmnist.npz
Using downloaded and verified file: /home/nisha/.medmnist/breastmnist.npz
Using downloaded and verified file: /home/nisha/.medmnist/breastmnist.npz
[INFO] Register count_convNd() for <class 'torch.nn.modules.conv.Conv2d'>.
[INFO] Register count_normalization() for <class 'torch.nn.modules.batchnorm.BatchNorm2d'>.
[INFO] Register zero_ops() for <class 'torch.nn.modules.container.Sequential'>.
[INFO] Register zero_ops() for <class 'torch.nn.modules.activation.ReLU'>.
[INFO] Register count_softmax() for <class 'torch.nn.modules.activation.Softmax'>.
[INFO] Register count_linear() for <class 'torch.nn.modules.linear.Linear'>.
[INFO] Register count_normalization() for <class 'torch.nn.modules.batchnorm.BatchNorm1d'>.
[INFO] Register count_adap_avgpool() for <class 'torch.nn.modules.pooling.AdaptiveAvgPool2d'>.
[INFO] Register count_avgpool() for <class 'torch.nn.modules.pooling.AvgPool2d'>.
[INFO] Register count_upsample() for <class 'torch.nn.modules.upsampling.Upsample'>.
[INFO] Register zero_ops() for <class 'torch.nn.modules.pooling.MaxPool2d'>.
FLOPs: 0.263039408 billion
Parameters: 0.521963 million
Latency: 28.14 ms
MACs: 0.131519704 billion
DEBUG OBJECTIVES: -10.365573241382059 0.263039408 -1406.20068359375
Using downloaded and verified file: /home/nisha/.medmnist/breastmnist.npz
Using downloaded and verified file: /home/nisha/.medmnist/breastmnist.npz
Using downloaded and verified file: /home/nisha/.medmnist/breastmnist.npz
[INFO] Register count_convNd() for <class 'torch.nn.modules.conv.Conv2d'>.
[INFO] Register count_normalization() for <class 'torch.nn.modules.batchnorm.BatchNorm2d'>.
[INFO] Register zero_ops() for <class 'torch.nn.modules.container.Sequential'>.
[INFO] Register zero_ops() for <class 'torch.nn.modules.activation.ReLU'>.
[INFO] Register count_avgpool() for <class 'torch.nn.modules.pooling.AvgPool2d'>.
[INFO] Register count_softmax() for <class 'torch.nn.modules.activation.Softmax'>.
[INFO] Register count_adap_avgpool() for <class 'torch.nn.modules.pooling.AdaptiveAvgPool2d'>.
[INFO] Register count_linear() for <class 'torch.nn.modules.linear.Linear'>.
[INFO] Register count_normalization() for <class 'torch.nn.modules.batchnorm.BatchNorm1d'>.
FLOPs: 0.132960352 billion
Parameters: 0.170781 million
Latency: 24.07 ms
MACs: 0.066480176 billion
DEBUG OBJECTIVES: -7.843180922823983 0.132960352 -1108.636962890625
Using downloaded and verified file: /home/nisha/.medmnist/breastmnist.npz
Using downloaded and verified file: /home/nisha/.medmnist/breastmnist.npz
Using downloaded and verified file: /home/nisha/.medmnist/breastmnist.npz
[INFO] Register count_convNd() for <class 'torch.nn.modules.conv.Conv2d'>.
[INFO] Register count_normalization() for <class 'torch.nn.modules.batchnorm.BatchNorm2d'>.
[INFO] Register zero_ops() for <class 'torch.nn.modules.container.Sequential'>.
[INFO] Register zero_ops() for <class 'torch.nn.modules.activation.ReLU'>.
[INFO] Register count_avgpool() for <class 'torch.nn.modules.pooling.AvgPool2d'>.
[INFO] Register count_softmax() for <class 'torch.nn.modules.activation.Softmax'>.
[INFO] Register count_adap_avgpool() for <class 'torch.nn.modules.pooling.AdaptiveAvgPool2d'>.
[INFO] Register count_linear() for <class 'torch.nn.modules.linear.Linear'>.
[INFO] Register count_upsample() for <class 'torch.nn.modules.upsampling.Upsample'>.
[INFO] Register count_normalization() for <class 'torch.nn.modules.batchnorm.BatchNorm1d'>.
FLOPs: 0.30907672 billion
Parameters: 0.662493 million
Latency: 36.55 ms
MACs: 0.15453836 billion
DEBUG OBJECTIVES: -13.728298590614157 0.30907672 -1884.9617919921875
Using downloaded and verified file: /home/nisha/.medmnist/breastmnist.npz
Using downloaded and verified file: /home/nisha/.medmnist/breastmnist.npz
Using downloaded and verified file: /home/nisha/.medmnist/breastmnist.npz
[INFO] Register count_convNd() for <class 'torch.nn.modules.conv.Conv2d'>.
[INFO] Register count_normalization() for <class 'torch.nn.modules.batchnorm.BatchNorm2d'>.
[INFO] Register zero_ops() for <class 'torch.nn.modules.container.Sequential'>.
[INFO] Register zero_ops() for <class 'torch.nn.modules.activation.ReLU'>.
[INFO] Register count_avgpool() for <class 'torch.nn.modules.pooling.AvgPool2d'>.
[INFO] Register count_upsample() for <class 'torch.nn.modules.upsampling.Upsample'>.
[INFO] Register zero_ops() for <class 'torch.nn.modules.pooling.MaxPool2d'>.
[INFO] Register count_softmax() for <class 'torch.nn.modules.activation.Softmax'>.
[INFO] Register count_linear() for <class 'torch.nn.modules.linear.Linear'>.
[INFO] Register count_normalization() for <class 'torch.nn.modules.batchnorm.BatchNorm1d'>.
[INFO] Register count_adap_avgpool() for <class 'torch.nn.modules.pooling.AdaptiveAvgPool2d'>.
FLOPs: 0.199368128 billion
Parameters: 0.379956 million
Latency: 36.48 ms
MACs: 0.099684064 billion
DEBUG OBJECTIVES: -14.14118237567923 0.199368128 -1650.7867431640625
Using downloaded and verified file: /home/nisha/.medmnist/breastmnist.npz
Using downloaded and verified file: /home/nisha/.medmnist/breastmnist.npz
Using downloaded and verified file: /home/nisha/.medmnist/breastmnist.npz
[INFO] Register count_convNd() for <class 'torch.nn.modules.conv.Conv2d'>.
[INFO] Register count_normalization() for <class 'torch.nn.modules.batchnorm.BatchNorm2d'>.
[INFO] Register zero_ops() for <class 'torch.nn.modules.container.Sequential'>.
[INFO] Register zero_ops() for <class 'torch.nn.modules.activation.ReLU'>.
[INFO] Register zero_ops() for <class 'torch.nn.modules.pooling.MaxPool2d'>.
[INFO] Register count_softmax() for <class 'torch.nn.modules.activation.Softmax'>.
[INFO] Register count_linear() for <class 'torch.nn.modules.linear.Linear'>.
[INFO] Register count_normalization() for <class 'torch.nn.modules.batchnorm.BatchNorm1d'>.
[INFO] Register count_avgpool() for <class 'torch.nn.modules.pooling.AvgPool2d'>.
[INFO] Register count_adap_avgpool() for <class 'torch.nn.modules.pooling.AdaptiveAvgPool2d'>.
FLOPs: 0.104486816 billion
Parameters: 0.19161 million
Latency: 13.04 ms
MACs: 0.052243408 billion
DEBUG OBJECTIVES: -5.522262190204426 0.104486816 -700.5773315429688
Using downloaded and verified file: /home/nisha/.medmnist/breastmnist.npz
Using downloaded and verified file: /home/nisha/.medmnist/breastmnist.npz
Using downloaded and verified file: /home/nisha/.medmnist/breastmnist.npz
[INFO] Register count_convNd() for <class 'torch.nn.modules.conv.Conv2d'>.
[INFO] Register count_normalization() for <class 'torch.nn.modules.batchnorm.BatchNorm2d'>.
[INFO] Register zero_ops() for <class 'torch.nn.modules.container.Sequential'>.
[INFO] Register zero_ops() for <class 'torch.nn.modules.activation.ReLU'>.
[INFO] Register count_avgpool() for <class 'torch.nn.modules.pooling.AvgPool2d'>.
[INFO] Register count_softmax() for <class 'torch.nn.modules.activation.Softmax'>.
[INFO] Register count_adap_avgpool() for <class 'torch.nn.modules.pooling.AdaptiveAvgPool2d'>.
[INFO] Register count_linear() for <class 'torch.nn.modules.linear.Linear'>.
[INFO] Register zero_ops() for <class 'torch.nn.modules.pooling.MaxPool2d'>.
[INFO] Register count_normalization() for <class 'torch.nn.modules.batchnorm.BatchNorm1d'>.
FLOPs: 0.209605968 billion
Parameters: 0.388857 million
Latency: 34.48 ms
MACs: 0.104802984 billion
DEBUG OBJECTIVES: -14.277660618279015 0.209605968 -1773.747802734375
Using downloaded and verified file: /home/nisha/.medmnist/breastmnist.npz
Using downloaded and verified file: /home/nisha/.medmnist/breastmnist.npz
Using downloaded and verified file: /home/nisha/.medmnist/breastmnist.npz
[INFO] Register count_convNd() for <class 'torch.nn.modules.conv.Conv2d'>.
[INFO] Register count_normalization() for <class 'torch.nn.modules.batchnorm.BatchNorm2d'>.
[INFO] Register zero_ops() for <class 'torch.nn.modules.container.Sequential'>.
[INFO] Register zero_ops() for <class 'torch.nn.modules.activation.ReLU'>.
[INFO] Register count_avgpool() for <class 'torch.nn.modules.pooling.AvgPool2d'>.
[INFO] Register count_upsample() for <class 'torch.nn.modules.upsampling.Upsample'>.
[INFO] Register count_linear() for <class 'torch.nn.modules.linear.Linear'>.
[INFO] Register count_normalization() for <class 'torch.nn.modules.batchnorm.BatchNorm1d'>.
[INFO] Register count_softmax() for <class 'torch.nn.modules.activation.Softmax'>.
[INFO] Register count_adap_avgpool() for <class 'torch.nn.modules.pooling.AdaptiveAvgPool2d'>.
[INFO] Register zero_ops() for <class 'torch.nn.modules.pooling.MaxPool2d'>.
FLOPs: 0.384008512 billion
Parameters: 0.76772 million
Latency: 34.23 ms
MACs: 0.192004256 billion
DEBUG OBJECTIVES: -14.62109486030817 0.384008512 -1646.396728515625
Using downloaded and verified file: /home/nisha/.medmnist/breastmnist.npz
Using downloaded and verified file: /home/nisha/.medmnist/breastmnist.npz
Using downloaded and verified file: /home/nisha/.medmnist/breastmnist.npz
[INFO] Register count_convNd() for <class 'torch.nn.modules.conv.Conv2d'>.
[INFO] Register count_normalization() for <class 'torch.nn.modules.batchnorm.BatchNorm2d'>.
[INFO] Register zero_ops() for <class 'torch.nn.modules.container.Sequential'>.
[INFO] Register zero_ops() for <class 'torch.nn.modules.activation.ReLU'>.
[INFO] Register zero_ops() for <class 'torch.nn.modules.pooling.MaxPool2d'>.
[INFO] Register count_avgpool() for <class 'torch.nn.modules.pooling.AvgPool2d'>.
[INFO] Register count_upsample() for <class 'torch.nn.modules.upsampling.Upsample'>.
[INFO] Register count_adap_avgpool() for <class 'torch.nn.modules.pooling.AdaptiveAvgPool2d'>.
[INFO] Register count_linear() for <class 'torch.nn.modules.linear.Linear'>.
[INFO] Register count_softmax() for <class 'torch.nn.modules.activation.Softmax'>.
FLOPs: 0.286557952 billion
Parameters: 0.566323 million
Latency: 19.23 ms
MACs: 0.143278976 billion
DEBUG OBJECTIVES: -10.292828337459616 0.286557952 -960.634033203125
Using downloaded and verified file: /home/nisha/.medmnist/breastmnist.npz
Using downloaded and verified file: /home/nisha/.medmnist/breastmnist.npz
Using downloaded and verified file: /home/nisha/.medmnist/breastmnist.npz
[INFO] Register count_convNd() for <class 'torch.nn.modules.conv.Conv2d'>.
[INFO] Register count_normalization() for <class 'torch.nn.modules.batchnorm.BatchNorm2d'>.
[INFO] Register zero_ops() for <class 'torch.nn.modules.container.Sequential'>.
[INFO] Register zero_ops() for <class 'torch.nn.modules.activation.ReLU'>.
[INFO] Register count_avgpool() for <class 'torch.nn.modules.pooling.AvgPool2d'>.
[INFO] Register count_upsample() for <class 'torch.nn.modules.upsampling.Upsample'>.
[INFO] Register count_softmax() for <class 'torch.nn.modules.activation.Softmax'>.
[INFO] Register count_linear() for <class 'torch.nn.modules.linear.Linear'>.
[INFO] Register count_normalization() for <class 'torch.nn.modules.batchnorm.BatchNorm1d'>.
[INFO] Register count_adap_avgpool() for <class 'torch.nn.modules.pooling.AdaptiveAvgPool2d'>.
FLOPs: 0.287158576 billion
Parameters: 0.609898 million
Latency: 28.13 ms
MACs: 0.143579288 billion
DEBUG OBJECTIVES: -12.894946674086876 0.287158576 -1371.061279296875
Using downloaded and verified file: /home/nisha/.medmnist/breastmnist.npz
Using downloaded and verified file: /home/nisha/.medmnist/breastmnist.npz
Using downloaded and verified file: /home/nisha/.medmnist/breastmnist.npz
[INFO] Register count_convNd() for <class 'torch.nn.modules.conv.Conv2d'>.
[INFO] Register count_normalization() for <class 'torch.nn.modules.batchnorm.BatchNorm2d'>.
[INFO] Register zero_ops() for <class 'torch.nn.modules.container.Sequential'>.
[INFO] Register zero_ops() for <class 'torch.nn.modules.activation.ReLU'>.
[INFO] Register count_avgpool() for <class 'torch.nn.modules.pooling.AvgPool2d'>.
[INFO] Register count_upsample() for <class 'torch.nn.modules.upsampling.Upsample'>.
[INFO] Register count_linear() for <class 'torch.nn.modules.linear.Linear'>.
[INFO] Register count_normalization() for <class 'torch.nn.modules.batchnorm.BatchNorm1d'>.
[INFO] Register count_softmax() for <class 'torch.nn.modules.activation.Softmax'>.
[INFO] Register count_adap_avgpool() for <class 'torch.nn.modules.pooling.AdaptiveAvgPool2d'>.
FLOPs: 0.439828288 billion
Parameters: 0.91513 million
Latency: 35.14 ms
MACs: 0.219914144 billion
DEBUG OBJECTIVES: -14.31850276697852 0.439828288 -1681.4805908203125
Using downloaded and verified file: /home/nisha/.medmnist/breastmnist.npz
Using downloaded and verified file: /home/nisha/.medmnist/breastmnist.npz
Using downloaded and verified file: /home/nisha/.medmnist/breastmnist.npz
[INFO] Register count_convNd() for <class 'torch.nn.modules.conv.Conv2d'>.
[INFO] Register count_normalization() for <class 'torch.nn.modules.batchnorm.BatchNorm2d'>.
[INFO] Register zero_ops() for <class 'torch.nn.modules.container.Sequential'>.
[INFO] Register zero_ops() for <class 'torch.nn.modules.activation.ReLU'>.
[INFO] Register count_softmax() for <class 'torch.nn.modules.activation.Softmax'>.
[INFO] Register count_linear() for <class 'torch.nn.modules.linear.Linear'>.
[INFO] Register count_normalization() for <class 'torch.nn.modules.batchnorm.BatchNorm1d'>.
[INFO] Register count_adap_avgpool() for <class 'torch.nn.modules.pooling.AdaptiveAvgPool2d'>.
[INFO] Register count_avgpool() for <class 'torch.nn.modules.pooling.AvgPool2d'>.
[INFO] Register count_upsample() for <class 'torch.nn.modules.upsampling.Upsample'>.
FLOPs: 0.321878896 billion
Parameters: 0.702601 million
Latency: 29.50 ms
MACs: 0.160939448 billion
DEBUG OBJECTIVES: -9.814448714091986 0.321878896 -748.8853149414062
Using downloaded and verified file: /home/nisha/.medmnist/breastmnist.npz
Using downloaded and verified file: /home/nisha/.medmnist/breastmnist.npz
Using downloaded and verified file: /home/nisha/.medmnist/breastmnist.npz
[INFO] Register count_convNd() for <class 'torch.nn.modules.conv.Conv2d'>.
[INFO] Register count_normalization() for <class 'torch.nn.modules.batchnorm.BatchNorm2d'>.
[INFO] Register zero_ops() for <class 'torch.nn.modules.container.Sequential'>.
[INFO] Register zero_ops() for <class 'torch.nn.modules.activation.ReLU'>.
[INFO] Register count_avgpool() for <class 'torch.nn.modules.pooling.AvgPool2d'>.
[INFO] Register count_linear() for <class 'torch.nn.modules.linear.Linear'>.
[INFO] Register count_normalization() for <class 'torch.nn.modules.batchnorm.BatchNorm1d'>.
[INFO] Register count_softmax() for <class 'torch.nn.modules.activation.Softmax'>.
[INFO] Register count_adap_avgpool() for <class 'torch.nn.modules.pooling.AdaptiveAvgPool2d'>.
FLOPs: 0.08227936 billion
Parameters: 0.11368 million
Latency: 17.06 ms
MACs: 0.04113968 billion
DEBUG OBJECTIVES: -5.768819025624637 0.08227936 -766.7283325195312
Using downloaded and verified file: /home/nisha/.medmnist/breastmnist.npz
Using downloaded and verified file: /home/nisha/.medmnist/breastmnist.npz
Using downloaded and verified file: /home/nisha/.medmnist/breastmnist.npz
[INFO] Register count_convNd() for <class 'torch.nn.modules.conv.Conv2d'>.
[INFO] Register count_normalization() for <class 'torch.nn.modules.batchnorm.BatchNorm2d'>.
[INFO] Register zero_ops() for <class 'torch.nn.modules.container.Sequential'>.
[INFO] Register zero_ops() for <class 'torch.nn.modules.activation.ReLU'>.
[INFO] Register count_avgpool() for <class 'torch.nn.modules.pooling.AvgPool2d'>.
[INFO] Register count_upsample() for <class 'torch.nn.modules.upsampling.Upsample'>.
[INFO] Register count_softmax() for <class 'torch.nn.modules.activation.Softmax'>.
[INFO] Register count_linear() for <class 'torch.nn.modules.linear.Linear'>.
[INFO] Register count_normalization() for <class 'torch.nn.modules.batchnorm.BatchNorm1d'>.
[INFO] Register count_adap_avgpool() for <class 'torch.nn.modules.pooling.AdaptiveAvgPool2d'>.
[INFO] Register zero_ops() for <class 'torch.nn.modules.pooling.MaxPool2d'>.
FLOPs: 0.203837264 billion
Parameters: 0.370912 million
Latency: 26.03 ms
MACs: 0.101918632 billion
DEBUG OBJECTIVES: -9.707413748638695 0.203837264 -1221.2413330078125
Using downloaded and verified file: /home/nisha/.medmnist/breastmnist.npz
Using downloaded and verified file: /home/nisha/.medmnist/breastmnist.npz
Using downloaded and verified file: /home/nisha/.medmnist/breastmnist.npz
[INFO] Register count_convNd() for <class 'torch.nn.modules.conv.Conv2d'>.
[INFO] Register count_normalization() for <class 'torch.nn.modules.batchnorm.BatchNorm2d'>.
[INFO] Register zero_ops() for <class 'torch.nn.modules.container.Sequential'>.
[INFO] Register zero_ops() for <class 'torch.nn.modules.activation.ReLU'>.
[INFO] Register count_avgpool() for <class 'torch.nn.modules.pooling.AvgPool2d'>.
[INFO] Register count_linear() for <class 'torch.nn.modules.linear.Linear'>.
[INFO] Register count_normalization() for <class 'torch.nn.modules.batchnorm.BatchNorm1d'>.
[INFO] Register count_softmax() for <class 'torch.nn.modules.activation.Softmax'>.
[INFO] Register count_adap_avgpool() for <class 'torch.nn.modules.pooling.AdaptiveAvgPool2d'>.
FLOPs: 0.096570304 billion
Parameters: 0.128752 million
Latency: 17.96 ms
MACs: 0.048285152 billion
DEBUG OBJECTIVES: -6.918091855350524 0.096570304 -818.2481689453125
Using downloaded and verified file: /home/nisha/.medmnist/breastmnist.npz
Using downloaded and verified file: /home/nisha/.medmnist/breastmnist.npz
Using downloaded and verified file: /home/nisha/.medmnist/breastmnist.npz
[INFO] Register count_convNd() for <class 'torch.nn.modules.conv.Conv2d'>.
[INFO] Register count_normalization() for <class 'torch.nn.modules.batchnorm.BatchNorm2d'>.
[INFO] Register zero_ops() for <class 'torch.nn.modules.container.Sequential'>.
[INFO] Register zero_ops() for <class 'torch.nn.modules.activation.ReLU'>.
[INFO] Register count_avgpool() for <class 'torch.nn.modules.pooling.AvgPool2d'>.
[INFO] Register count_upsample() for <class 'torch.nn.modules.upsampling.Upsample'>.
[INFO] Register count_softmax() for <class 'torch.nn.modules.activation.Softmax'>.
[INFO] Register count_adap_avgpool() for <class 'torch.nn.modules.pooling.AdaptiveAvgPool2d'>.
[INFO] Register count_linear() for <class 'torch.nn.modules.linear.Linear'>.
FLOPs: 0.138205488 billion
Parameters: 0.160415 million
Latency: 19.62 ms
MACs: 0.069102744 billion
DEBUG OBJECTIVES: -8.868926334505646 0.138205488 -925.0821533203125
Using downloaded and verified file: /home/nisha/.medmnist/breastmnist.npz
Using downloaded and verified file: /home/nisha/.medmnist/breastmnist.npz
Using downloaded and verified file: /home/nisha/.medmnist/breastmnist.npz
[INFO] Register count_convNd() for <class 'torch.nn.modules.conv.Conv2d'>.
[INFO] Register count_normalization() for <class 'torch.nn.modules.batchnorm.BatchNorm2d'>.
[INFO] Register zero_ops() for <class 'torch.nn.modules.container.Sequential'>.
[INFO] Register zero_ops() for <class 'torch.nn.modules.activation.ReLU'>.
[INFO] Register count_avgpool() for <class 'torch.nn.modules.pooling.AvgPool2d'>.
[INFO] Register count_upsample() for <class 'torch.nn.modules.upsampling.Upsample'>.
[INFO] Register count_softmax() for <class 'torch.nn.modules.activation.Softmax'>.
[INFO] Register count_linear() for <class 'torch.nn.modules.linear.Linear'>.
[INFO] Register count_normalization() for <class 'torch.nn.modules.batchnorm.BatchNorm1d'>.
[INFO] Register count_adap_avgpool() for <class 'torch.nn.modules.pooling.AdaptiveAvgPool2d'>.
[INFO] Register zero_ops() for <class 'torch.nn.modules.pooling.MaxPool2d'>.
FLOPs: 0.247216016 billion
Parameters: 0.45293 million
Latency: 27.67 ms
MACs: 0.123608008 billion
DEBUG OBJECTIVES: -14.07121677367632 0.247216016 -1315.7825927734375
Using downloaded and verified file: /home/nisha/.medmnist/breastmnist.npz
Using downloaded and verified file: /home/nisha/.medmnist/breastmnist.npz
Using downloaded and verified file: /home/nisha/.medmnist/breastmnist.npz
[INFO] Register count_convNd() for <class 'torch.nn.modules.conv.Conv2d'>.
[INFO] Register count_normalization() for <class 'torch.nn.modules.batchnorm.BatchNorm2d'>.
[INFO] Register zero_ops() for <class 'torch.nn.modules.container.Sequential'>.
[INFO] Register zero_ops() for <class 'torch.nn.modules.activation.ReLU'>.
[INFO] Register count_avgpool() for <class 'torch.nn.modules.pooling.AvgPool2d'>.
[INFO] Register count_softmax() for <class 'torch.nn.modules.activation.Softmax'>.
[INFO] Register count_adap_avgpool() for <class 'torch.nn.modules.pooling.AdaptiveAvgPool2d'>.
[INFO] Register count_linear() for <class 'torch.nn.modules.linear.Linear'>.
[INFO] Register zero_ops() for <class 'torch.nn.modules.pooling.MaxPool2d'>.
[INFO] Register count_normalization() for <class 'torch.nn.modules.batchnorm.BatchNorm1d'>.
FLOPs: 0.103138336 billion
Parameters: 0.145007 million
Latency: 18.53 ms
MACs: 0.051569168 billion
DEBUG OBJECTIVES: -8.66423917586392 0.103138336 -902.5814819335938
Using downloaded and verified file: /home/nisha/.medmnist/breastmnist.npz
Using downloaded and verified file: /home/nisha/.medmnist/breastmnist.npz
Using downloaded and verified file: /home/nisha/.medmnist/breastmnist.npz
[INFO] Register count_convNd() for <class 'torch.nn.modules.conv.Conv2d'>.
[INFO] Register count_normalization() for <class 'torch.nn.modules.batchnorm.BatchNorm2d'>.
[INFO] Register zero_ops() for <class 'torch.nn.modules.container.Sequential'>.
[INFO] Register zero_ops() for <class 'torch.nn.modules.activation.ReLU'>.
[INFO] Register zero_ops() for <class 'torch.nn.modules.pooling.MaxPool2d'>.
[INFO] Register count_avgpool() for <class 'torch.nn.modules.pooling.AvgPool2d'>.
[INFO] Register count_upsample() for <class 'torch.nn.modules.upsampling.Upsample'>.
[INFO] Register count_softmax() for <class 'torch.nn.modules.activation.Softmax'>.
[INFO] Register count_adap_avgpool() for <class 'torch.nn.modules.pooling.AdaptiveAvgPool2d'>.
[INFO] Register count_linear() for <class 'torch.nn.modules.linear.Linear'>.
[INFO] Register count_normalization() for <class 'torch.nn.modules.batchnorm.BatchNorm1d'>.
FLOPs: 0.303927888 billion
Parameters: 0.597017 million
Latency: 28.76 ms
MACs: 0.151963944 billion
DEBUG OBJECTIVES: -14.645595397501797 0.303927888 -1588.6519775390625
     6 |      120 |     20 |  0.0778503449 |         nadir
Using downloaded and verified file: /home/nisha/.medmnist/breastmnist.npz
Using downloaded and verified file: /home/nisha/.medmnist/breastmnist.npz
Using downloaded and verified file: /home/nisha/.medmnist/breastmnist.npz
[INFO] Register count_convNd() for <class 'torch.nn.modules.conv.Conv2d'>.
[INFO] Register count_normalization() for <class 'torch.nn.modules.batchnorm.BatchNorm2d'>.
[INFO] Register zero_ops() for <class 'torch.nn.modules.container.Sequential'>.
[INFO] Register zero_ops() for <class 'torch.nn.modules.activation.ReLU'>.
[INFO] Register count_avgpool() for <class 'torch.nn.modules.pooling.AvgPool2d'>.
[INFO] Register zero_ops() for <class 'torch.nn.modules.pooling.MaxPool2d'>.
[INFO] Register count_softmax() for <class 'torch.nn.modules.activation.Softmax'>.
[INFO] Register count_adap_avgpool() for <class 'torch.nn.modules.pooling.AdaptiveAvgPool2d'>.
[INFO] Register count_linear() for <class 'torch.nn.modules.linear.Linear'>.
[INFO] Register count_upsample() for <class 'torch.nn.modules.upsampling.Upsample'>.
FLOPs: 0.3220416 billion
Parameters: 0.66094 million
Latency: 34.77 ms
MACs: 0.1610208 billion
DEBUG OBJECTIVES: -13.3847759210276 0.3220416 -1735.0179443359375
Using downloaded and verified file: /home/nisha/.medmnist/breastmnist.npz
Using downloaded and verified file: /home/nisha/.medmnist/breastmnist.npz
Using downloaded and verified file: /home/nisha/.medmnist/breastmnist.npz
[INFO] Register count_convNd() for <class 'torch.nn.modules.conv.Conv2d'>.
[INFO] Register count_normalization() for <class 'torch.nn.modules.batchnorm.BatchNorm2d'>.
[INFO] Register zero_ops() for <class 'torch.nn.modules.container.Sequential'>.
[INFO] Register zero_ops() for <class 'torch.nn.modules.activation.ReLU'>.
[INFO] Register count_avgpool() for <class 'torch.nn.modules.pooling.AvgPool2d'>.
[INFO] Register count_softmax() for <class 'torch.nn.modules.activation.Softmax'>.
[INFO] Register count_linear() for <class 'torch.nn.modules.linear.Linear'>.
[INFO] Register count_normalization() for <class 'torch.nn.modules.batchnorm.BatchNorm1d'>.
[INFO] Register count_adap_avgpool() for <class 'torch.nn.modules.pooling.AdaptiveAvgPool2d'>.
FLOPs: 0.080216064 billion
Parameters: 0.1224 million
Latency: 16.05 ms
MACs: 0.040108032 billion
DEBUG OBJECTIVES: -6.616814259188707 0.080216064 -756.8707275390625
Using downloaded and verified file: /home/nisha/.medmnist/breastmnist.npz
Using downloaded and verified file: /home/nisha/.medmnist/breastmnist.npz
Using downloaded and verified file: /home/nisha/.medmnist/breastmnist.npz
[INFO] Register count_convNd() for <class 'torch.nn.modules.conv.Conv2d'>.
[INFO] Register count_normalization() for <class 'torch.nn.modules.batchnorm.BatchNorm2d'>.
[INFO] Register zero_ops() for <class 'torch.nn.modules.container.Sequential'>.
[INFO] Register zero_ops() for <class 'torch.nn.modules.activation.ReLU'>.
[INFO] Register count_avgpool() for <class 'torch.nn.modules.pooling.AvgPool2d'>.
[INFO] Register count_softmax() for <class 'torch.nn.modules.activation.Softmax'>.
[INFO] Register count_adap_avgpool() for <class 'torch.nn.modules.pooling.AdaptiveAvgPool2d'>.
[INFO] Register count_linear() for <class 'torch.nn.modules.linear.Linear'>.
[INFO] Register count_normalization() for <class 'torch.nn.modules.batchnorm.BatchNorm1d'>.
FLOPs: 0.117944688 billion
Parameters: 0.155574 million
Latency: 23.66 ms
MACs: 0.058972344 billion
DEBUG OBJECTIVES: -8.17471444313381 0.117944688 -1016.21923828125
Using downloaded and verified file: /home/nisha/.medmnist/breastmnist.npz
Using downloaded and verified file: /home/nisha/.medmnist/breastmnist.npz
Using downloaded and verified file: /home/nisha/.medmnist/breastmnist.npz
[INFO] Register count_convNd() for <class 'torch.nn.modules.conv.Conv2d'>.
[INFO] Register count_normalization() for <class 'torch.nn.modules.batchnorm.BatchNorm2d'>.
[INFO] Register zero_ops() for <class 'torch.nn.modules.container.Sequential'>.
[INFO] Register zero_ops() for <class 'torch.nn.modules.activation.ReLU'>.
[INFO] Register count_softmax() for <class 'torch.nn.modules.activation.Softmax'>.
[INFO] Register count_linear() for <class 'torch.nn.modules.linear.Linear'>.
[INFO] Register count_normalization() for <class 'torch.nn.modules.batchnorm.BatchNorm1d'>.
[INFO] Register count_adap_avgpool() for <class 'torch.nn.modules.pooling.AdaptiveAvgPool2d'>.
[INFO] Register count_avgpool() for <class 'torch.nn.modules.pooling.AvgPool2d'>.
[INFO] Register count_upsample() for <class 'torch.nn.modules.upsampling.Upsample'>.
FLOPs: 0.317929904 billion
Parameters: 0.667307 million
Latency: 29.56 ms
MACs: 0.158964952 billion
DEBUG OBJECTIVES: -13.614447185292567 0.317929904 -1465.877197265625
Using downloaded and verified file: /home/nisha/.medmnist/breastmnist.npz
Using downloaded and verified file: /home/nisha/.medmnist/breastmnist.npz
Using downloaded and verified file: /home/nisha/.medmnist/breastmnist.npz
[INFO] Register count_convNd() for <class 'torch.nn.modules.conv.Conv2d'>.
[INFO] Register count_normalization() for <class 'torch.nn.modules.batchnorm.BatchNorm2d'>.
[INFO] Register zero_ops() for <class 'torch.nn.modules.container.Sequential'>.
[INFO] Register zero_ops() for <class 'torch.nn.modules.activation.ReLU'>.
[INFO] Register count_avgpool() for <class 'torch.nn.modules.pooling.AvgPool2d'>.
[INFO] Register count_upsample() for <class 'torch.nn.modules.upsampling.Upsample'>.
[INFO] Register count_linear() for <class 'torch.nn.modules.linear.Linear'>.
[INFO] Register count_softmax() for <class 'torch.nn.modules.activation.Softmax'>.
[INFO] Register count_adap_avgpool() for <class 'torch.nn.modules.pooling.AdaptiveAvgPool2d'>.
FLOPs: 0.22500576 billion
Parameters: 0.491742 million
Latency: 14.38 ms
MACs: 0.11250288 billion
DEBUG OBJECTIVES: -7.840666945461791 0.22500576 -711.3136596679688
Using downloaded and verified file: /home/nisha/.medmnist/breastmnist.npz
Using downloaded and verified file: /home/nisha/.medmnist/breastmnist.npz
Using downloaded and verified file: /home/nisha/.medmnist/breastmnist.npz
[INFO] Register count_convNd() for <class 'torch.nn.modules.conv.Conv2d'>.
[INFO] Register count_normalization() for <class 'torch.nn.modules.batchnorm.BatchNorm2d'>.
[INFO] Register zero_ops() for <class 'torch.nn.modules.container.Sequential'>.
[INFO] Register zero_ops() for <class 'torch.nn.modules.activation.ReLU'>.
[INFO] Register count_avgpool() for <class 'torch.nn.modules.pooling.AvgPool2d'>.
[INFO] Register count_softmax() for <class 'torch.nn.modules.activation.Softmax'>.
[INFO] Register count_adap_avgpool() for <class 'torch.nn.modules.pooling.AdaptiveAvgPool2d'>.
[INFO] Register count_linear() for <class 'torch.nn.modules.linear.Linear'>.
[INFO] Register count_normalization() for <class 'torch.nn.modules.batchnorm.BatchNorm1d'>.
FLOPs: 0.200571216 billion
Parameters: 0.336373 million
Latency: 38.61 ms
MACs: 0.100285608 billion
DEBUG OBJECTIVES: -14.368031041458265 0.200571216 -1933.955322265625
Using downloaded and verified file: /home/nisha/.medmnist/breastmnist.npz
Using downloaded and verified file: /home/nisha/.medmnist/breastmnist.npz
Using downloaded and verified file: /home/nisha/.medmnist/breastmnist.npz
[INFO] Register count_convNd() for <class 'torch.nn.modules.conv.Conv2d'>.
[INFO] Register count_normalization() for <class 'torch.nn.modules.batchnorm.BatchNorm2d'>.
[INFO] Register zero_ops() for <class 'torch.nn.modules.container.Sequential'>.
[INFO] Register zero_ops() for <class 'torch.nn.modules.activation.ReLU'>.
[INFO] Register count_avgpool() for <class 'torch.nn.modules.pooling.AvgPool2d'>.
[INFO] Register zero_ops() for <class 'torch.nn.modules.pooling.MaxPool2d'>.
[INFO] Register count_linear() for <class 'torch.nn.modules.linear.Linear'>.
[INFO] Register count_normalization() for <class 'torch.nn.modules.batchnorm.BatchNorm1d'>.
[INFO] Register count_softmax() for <class 'torch.nn.modules.activation.Softmax'>.
[INFO] Register count_adap_avgpool() for <class 'torch.nn.modules.pooling.AdaptiveAvgPool2d'>.
FLOPs: 0.055316192 billion
Parameters: 0.083114 million
Latency: 12.22 ms
MACs: 0.027658096 billion
DEBUG OBJECTIVES: -6.097327789079835 0.055316192 -571.4501342773438
Using downloaded and verified file: /home/nisha/.medmnist/breastmnist.npz
Using downloaded and verified file: /home/nisha/.medmnist/breastmnist.npz
Using downloaded and verified file: /home/nisha/.medmnist/breastmnist.npz
[INFO] Register count_convNd() for <class 'torch.nn.modules.conv.Conv2d'>.
[INFO] Register count_normalization() for <class 'torch.nn.modules.batchnorm.BatchNorm2d'>.
[INFO] Register zero_ops() for <class 'torch.nn.modules.container.Sequential'>.
[INFO] Register zero_ops() for <class 'torch.nn.modules.activation.ReLU'>.
[INFO] Register count_avgpool() for <class 'torch.nn.modules.pooling.AvgPool2d'>.
[INFO] Register count_softmax() for <class 'torch.nn.modules.activation.Softmax'>.
[INFO] Register count_adap_avgpool() for <class 'torch.nn.modules.pooling.AdaptiveAvgPool2d'>.
[INFO] Register count_linear() for <class 'torch.nn.modules.linear.Linear'>.
[INFO] Register count_normalization() for <class 'torch.nn.modules.batchnorm.BatchNorm1d'>.
FLOPs: 0.183578032 billion
Parameters: 0.304655 million
Latency: 36.37 ms
MACs: 0.091789016 billion
DEBUG OBJECTIVES: -15.71325012527859 0.183578032 -1829.2525634765625
Using downloaded and verified file: /home/nisha/.medmnist/breastmnist.npz
Using downloaded and verified file: /home/nisha/.medmnist/breastmnist.npz
Using downloaded and verified file: /home/nisha/.medmnist/breastmnist.npz
[INFO] Register count_convNd() for <class 'torch.nn.modules.conv.Conv2d'>.
[INFO] Register count_normalization() for <class 'torch.nn.modules.batchnorm.BatchNorm2d'>.
[INFO] Register zero_ops() for <class 'torch.nn.modules.container.Sequential'>.
[INFO] Register zero_ops() for <class 'torch.nn.modules.activation.ReLU'>.
[INFO] Register count_avgpool() for <class 'torch.nn.modules.pooling.AvgPool2d'>.
[INFO] Register zero_ops() for <class 'torch.nn.modules.pooling.MaxPool2d'>.
[INFO] Register count_softmax() for <class 'torch.nn.modules.activation.Softmax'>.
[INFO] Register count_adap_avgpool() for <class 'torch.nn.modules.pooling.AdaptiveAvgPool2d'>.
[INFO] Register count_linear() for <class 'torch.nn.modules.linear.Linear'>.
[INFO] Register count_upsample() for <class 'torch.nn.modules.upsampling.Upsample'>.
[INFO] Register count_normalization() for <class 'torch.nn.modules.batchnorm.BatchNorm1d'>.
FLOPs: 0.231823904 billion
Parameters: 0.473974 million
Latency: 29.04 ms
MACs: 0.115911952 billion
DEBUG OBJECTIVES: -11.550744371684099 0.231823904 -1352.5498046875
Using downloaded and verified file: /home/nisha/.medmnist/breastmnist.npz
Using downloaded and verified file: /home/nisha/.medmnist/breastmnist.npz
Using downloaded and verified file: /home/nisha/.medmnist/breastmnist.npz
[INFO] Register count_convNd() for <class 'torch.nn.modules.conv.Conv2d'>.
[INFO] Register count_normalization() for <class 'torch.nn.modules.batchnorm.BatchNorm2d'>.
[INFO] Register zero_ops() for <class 'torch.nn.modules.container.Sequential'>.
[INFO] Register zero_ops() for <class 'torch.nn.modules.activation.ReLU'>.
[INFO] Register count_avgpool() for <class 'torch.nn.modules.pooling.AvgPool2d'>.
[INFO] Register count_softmax() for <class 'torch.nn.modules.activation.Softmax'>.
[INFO] Register count_adap_avgpool() for <class 'torch.nn.modules.pooling.AdaptiveAvgPool2d'>.
[INFO] Register count_linear() for <class 'torch.nn.modules.linear.Linear'>.
[INFO] Register count_upsample() for <class 'torch.nn.modules.upsampling.Upsample'>.
[INFO] Register count_normalization() for <class 'torch.nn.modules.batchnorm.BatchNorm1d'>.
FLOPs: 0.274939984 billion
Parameters: 0.556949 million
Latency: 37.65 ms
MACs: 0.137469992 billion
DEBUG OBJECTIVES: -12.865466170666982 0.274939984 -1793.205810546875
Using downloaded and verified file: /home/nisha/.medmnist/breastmnist.npz
Using downloaded and verified file: /home/nisha/.medmnist/breastmnist.npz
Using downloaded and verified file: /home/nisha/.medmnist/breastmnist.npz
[INFO] Register count_convNd() for <class 'torch.nn.modules.conv.Conv2d'>.
[INFO] Register count_normalization() for <class 'torch.nn.modules.batchnorm.BatchNorm2d'>.
[INFO] Register zero_ops() for <class 'torch.nn.modules.container.Sequential'>.
[INFO] Register zero_ops() for <class 'torch.nn.modules.activation.ReLU'>.
[INFO] Register count_avgpool() for <class 'torch.nn.modules.pooling.AvgPool2d'>.
[INFO] Register count_softmax() for <class 'torch.nn.modules.activation.Softmax'>.
[INFO] Register count_adap_avgpool() for <class 'torch.nn.modules.pooling.AdaptiveAvgPool2d'>.
[INFO] Register count_linear() for <class 'torch.nn.modules.linear.Linear'>.
[INFO] Register zero_ops() for <class 'torch.nn.modules.pooling.MaxPool2d'>.
[INFO] Register count_normalization() for <class 'torch.nn.modules.batchnorm.BatchNorm1d'>.
FLOPs: 0.111826464 billion
Parameters: 0.141037 million
Latency: 19.43 ms
MACs: 0.055913232 billion
DEBUG OBJECTIVES: -7.089846376467768 0.111826464 -927.468505859375
Using downloaded and verified file: /home/nisha/.medmnist/breastmnist.npz
Using downloaded and verified file: /home/nisha/.medmnist/breastmnist.npz
Using downloaded and verified file: /home/nisha/.medmnist/breastmnist.npz
[INFO] Register count_convNd() for <class 'torch.nn.modules.conv.Conv2d'>.
[INFO] Register count_normalization() for <class 'torch.nn.modules.batchnorm.BatchNorm2d'>.
[INFO] Register zero_ops() for <class 'torch.nn.modules.container.Sequential'>.
[INFO] Register zero_ops() for <class 'torch.nn.modules.activation.ReLU'>.
[INFO] Register zero_ops() for <class 'torch.nn.modules.pooling.MaxPool2d'>.
[INFO] Register count_avgpool() for <class 'torch.nn.modules.pooling.AvgPool2d'>.
[INFO] Register count_adap_avgpool() for <class 'torch.nn.modules.pooling.AdaptiveAvgPool2d'>.
[INFO] Register count_linear() for <class 'torch.nn.modules.linear.Linear'>.
[INFO] Register count_normalization() for <class 'torch.nn.modules.batchnorm.BatchNorm1d'>.
[INFO] Register count_softmax() for <class 'torch.nn.modules.activation.Softmax'>.
FLOPs: 0.082936032 billion
Parameters: 0.125752 million
Latency: 16.21 ms
MACs: 0.041468016 billion
DEBUG OBJECTIVES: -5.565501437945426 0.082936032 -746.7269287109375
Using downloaded and verified file: /home/nisha/.medmnist/breastmnist.npz
Using downloaded and verified file: /home/nisha/.medmnist/breastmnist.npz
Using downloaded and verified file: /home/nisha/.medmnist/breastmnist.npz
[INFO] Register count_convNd() for <class 'torch.nn.modules.conv.Conv2d'>.
[INFO] Register count_normalization() for <class 'torch.nn.modules.batchnorm.BatchNorm2d'>.
[INFO] Register zero_ops() for <class 'torch.nn.modules.container.Sequential'>.
[INFO] Register zero_ops() for <class 'torch.nn.modules.activation.ReLU'>.
[INFO] Register count_avgpool() for <class 'torch.nn.modules.pooling.AvgPool2d'>.
[INFO] Register count_softmax() for <class 'torch.nn.modules.activation.Softmax'>.
[INFO] Register count_adap_avgpool() for <class 'torch.nn.modules.pooling.AdaptiveAvgPool2d'>.
[INFO] Register count_linear() for <class 'torch.nn.modules.linear.Linear'>.
[INFO] Register count_upsample() for <class 'torch.nn.modules.upsampling.Upsample'>.
[INFO] Register count_normalization() for <class 'torch.nn.modules.batchnorm.BatchNorm1d'>.
FLOPs: 0.323756784 billion
Parameters: 0.662493 million
Latency: 37.31 ms
MACs: 0.161878392 billion
DEBUG OBJECTIVES: -16.475421458286718 0.323756784 -1876.9228515625
Using downloaded and verified file: /home/nisha/.medmnist/breastmnist.npz
Using downloaded and verified file: /home/nisha/.medmnist/breastmnist.npz
Using downloaded and verified file: /home/nisha/.medmnist/breastmnist.npz
[INFO] Register count_convNd() for <class 'torch.nn.modules.conv.Conv2d'>.
[INFO] Register count_normalization() for <class 'torch.nn.modules.batchnorm.BatchNorm2d'>.
[INFO] Register zero_ops() for <class 'torch.nn.modules.container.Sequential'>.
[INFO] Register zero_ops() for <class 'torch.nn.modules.activation.ReLU'>.
[INFO] Register count_avgpool() for <class 'torch.nn.modules.pooling.AvgPool2d'>.
[INFO] Register count_upsample() for <class 'torch.nn.modules.upsampling.Upsample'>.
[INFO] Register count_softmax() for <class 'torch.nn.modules.activation.Softmax'>.
[INFO] Register count_linear() for <class 'torch.nn.modules.linear.Linear'>.
[INFO] Register zero_ops() for <class 'torch.nn.modules.pooling.MaxPool2d'>.
[INFO] Register count_adap_avgpool() for <class 'torch.nn.modules.pooling.AdaptiveAvgPool2d'>.
FLOPs: 0.449444944 billion
Parameters: 0.84177 million
Latency: 30.70 ms
MACs: 0.224722472 billion
DEBUG OBJECTIVES: -13.574936337631469 0.449444944 -1541.6905517578125
Using downloaded and verified file: /home/nisha/.medmnist/breastmnist.npz
Using downloaded and verified file: /home/nisha/.medmnist/breastmnist.npz
Using downloaded and verified file: /home/nisha/.medmnist/breastmnist.npz
[INFO] Register count_convNd() for <class 'torch.nn.modules.conv.Conv2d'>.
[INFO] Register count_normalization() for <class 'torch.nn.modules.batchnorm.BatchNorm2d'>.
[INFO] Register zero_ops() for <class 'torch.nn.modules.container.Sequential'>.
[INFO] Register zero_ops() for <class 'torch.nn.modules.activation.ReLU'>.
[INFO] Register count_avgpool() for <class 'torch.nn.modules.pooling.AvgPool2d'>.
[INFO] Register count_softmax() for <class 'torch.nn.modules.activation.Softmax'>.
[INFO] Register count_adap_avgpool() for <class 'torch.nn.modules.pooling.AdaptiveAvgPool2d'>.
[INFO] Register count_linear() for <class 'torch.nn.modules.linear.Linear'>.
[INFO] Register count_upsample() for <class 'torch.nn.modules.upsampling.Upsample'>.
[INFO] Register count_normalization() for <class 'torch.nn.modules.batchnorm.BatchNorm1d'>.
FLOPs: 0.307689296 billion
Parameters: 0.659975 million
Latency: 37.15 ms
MACs: 0.153844648 billion
DEBUG OBJECTIVES: -14.832157580997809 0.307689296 -1933.700927734375
Using downloaded and verified file: /home/nisha/.medmnist/breastmnist.npz
Using downloaded and verified file: /home/nisha/.medmnist/breastmnist.npz
Using downloaded and verified file: /home/nisha/.medmnist/breastmnist.npz
[INFO] Register count_convNd() for <class 'torch.nn.modules.conv.Conv2d'>.
[INFO] Register count_normalization() for <class 'torch.nn.modules.batchnorm.BatchNorm2d'>.
[INFO] Register zero_ops() for <class 'torch.nn.modules.container.Sequential'>.
[INFO] Register zero_ops() for <class 'torch.nn.modules.activation.ReLU'>.
[INFO] Register count_avgpool() for <class 'torch.nn.modules.pooling.AvgPool2d'>.
[INFO] Register count_upsample() for <class 'torch.nn.modules.upsampling.Upsample'>.
[INFO] Register zero_ops() for <class 'torch.nn.modules.pooling.MaxPool2d'>.
[INFO] Register count_softmax() for <class 'torch.nn.modules.activation.Softmax'>.
[INFO] Register count_adap_avgpool() for <class 'torch.nn.modules.pooling.AdaptiveAvgPool2d'>.
[INFO] Register count_linear() for <class 'torch.nn.modules.linear.Linear'>.
[INFO] Register count_normalization() for <class 'torch.nn.modules.batchnorm.BatchNorm1d'>.
FLOPs: 0.23947496 billion
Parameters: 0.399655 million
Latency: 40.69 ms
MACs: 0.11973748 billion
DEBUG OBJECTIVES: -13.320211556405619 0.23947496 -1745.763671875
Using downloaded and verified file: /home/nisha/.medmnist/breastmnist.npz
Using downloaded and verified file: /home/nisha/.medmnist/breastmnist.npz
Using downloaded and verified file: /home/nisha/.medmnist/breastmnist.npz
[INFO] Register count_convNd() for <class 'torch.nn.modules.conv.Conv2d'>.
[INFO] Register count_normalization() for <class 'torch.nn.modules.batchnorm.BatchNorm2d'>.
[INFO] Register zero_ops() for <class 'torch.nn.modules.container.Sequential'>.
[INFO] Register zero_ops() for <class 'torch.nn.modules.activation.ReLU'>.
[INFO] Register count_avgpool() for <class 'torch.nn.modules.pooling.AvgPool2d'>.
[INFO] Register count_softmax() for <class 'torch.nn.modules.activation.Softmax'>.
[INFO] Register count_adap_avgpool() for <class 'torch.nn.modules.pooling.AdaptiveAvgPool2d'>.
[INFO] Register count_linear() for <class 'torch.nn.modules.linear.Linear'>.
[INFO] Register zero_ops() for <class 'torch.nn.modules.pooling.MaxPool2d'>.
[INFO] Register count_normalization() for <class 'torch.nn.modules.batchnorm.BatchNorm1d'>.
FLOPs: 0.136165376 billion
Parameters: 0.253975 million
Latency: 22.28 ms
MACs: 0.068082688 billion
DEBUG OBJECTIVES: -10.56765074960104 0.136165376 -1091.123291015625
Using downloaded and verified file: /home/nisha/.medmnist/breastmnist.npz
Using downloaded and verified file: /home/nisha/.medmnist/breastmnist.npz
Using downloaded and verified file: /home/nisha/.medmnist/breastmnist.npz
[INFO] Register count_convNd() for <class 'torch.nn.modules.conv.Conv2d'>.
[INFO] Register count_normalization() for <class 'torch.nn.modules.batchnorm.BatchNorm2d'>.
[INFO] Register zero_ops() for <class 'torch.nn.modules.container.Sequential'>.
[INFO] Register zero_ops() for <class 'torch.nn.modules.activation.ReLU'>.
[INFO] Register count_avgpool() for <class 'torch.nn.modules.pooling.AvgPool2d'>.
[INFO] Register count_upsample() for <class 'torch.nn.modules.upsampling.Upsample'>.
[INFO] Register count_softmax() for <class 'torch.nn.modules.activation.Softmax'>.
[INFO] Register count_linear() for <class 'torch.nn.modules.linear.Linear'>.
[INFO] Register count_normalization() for <class 'torch.nn.modules.batchnorm.BatchNorm1d'>.
[INFO] Register count_adap_avgpool() for <class 'torch.nn.modules.pooling.AdaptiveAvgPool2d'>.
[INFO] Register zero_ops() for <class 'torch.nn.modules.pooling.MaxPool2d'>.
FLOPs: 0.32512616 billion
Parameters: 0.550707 million
Latency: 34.51 ms
MACs: 0.16256308 billion
DEBUG OBJECTIVES: -13.546972983389807 0.32512616 -1646.3731689453125
Using downloaded and verified file: /home/nisha/.medmnist/breastmnist.npz
Using downloaded and verified file: /home/nisha/.medmnist/breastmnist.npz
Using downloaded and verified file: /home/nisha/.medmnist/breastmnist.npz
[INFO] Register count_convNd() for <class 'torch.nn.modules.conv.Conv2d'>.
[INFO] Register count_normalization() for <class 'torch.nn.modules.batchnorm.BatchNorm2d'>.
[INFO] Register zero_ops() for <class 'torch.nn.modules.container.Sequential'>.
[INFO] Register zero_ops() for <class 'torch.nn.modules.activation.ReLU'>.
[INFO] Register zero_ops() for <class 'torch.nn.modules.pooling.MaxPool2d'>.
[INFO] Register count_softmax() for <class 'torch.nn.modules.activation.Softmax'>.
[INFO] Register count_linear() for <class 'torch.nn.modules.linear.Linear'>.
[INFO] Register count_adap_avgpool() for <class 'torch.nn.modules.pooling.AdaptiveAvgPool2d'>.
[INFO] Register count_avgpool() for <class 'torch.nn.modules.pooling.AvgPool2d'>.
FLOPs: 0.059082176 billion
Parameters: 0.092656 million
Latency: 12.19 ms
MACs: 0.029541088 billion
DEBUG OBJECTIVES: -7.156169421258535 0.059082176 -585.5826416015625
Using downloaded and verified file: /home/nisha/.medmnist/breastmnist.npz
Using downloaded and verified file: /home/nisha/.medmnist/breastmnist.npz
Using downloaded and verified file: /home/nisha/.medmnist/breastmnist.npz
[INFO] Register count_convNd() for <class 'torch.nn.modules.conv.Conv2d'>.
[INFO] Register count_normalization() for <class 'torch.nn.modules.batchnorm.BatchNorm2d'>.
[INFO] Register zero_ops() for <class 'torch.nn.modules.container.Sequential'>.
[INFO] Register zero_ops() for <class 'torch.nn.modules.activation.ReLU'>.
[INFO] Register count_avgpool() for <class 'torch.nn.modules.pooling.AvgPool2d'>.
[INFO] Register count_upsample() for <class 'torch.nn.modules.upsampling.Upsample'>.
[INFO] Register count_softmax() for <class 'torch.nn.modules.activation.Softmax'>.
[INFO] Register count_linear() for <class 'torch.nn.modules.linear.Linear'>.
[INFO] Register count_normalization() for <class 'torch.nn.modules.batchnorm.BatchNorm1d'>.
[INFO] Register count_adap_avgpool() for <class 'torch.nn.modules.pooling.AdaptiveAvgPool2d'>.
[INFO] Register zero_ops() for <class 'torch.nn.modules.pooling.MaxPool2d'>.
FLOPs: 0.23226808 billion
Parameters: 0.464554 million
Latency: 26.73 ms
MACs: 0.11613404 billion
DEBUG OBJECTIVES: -11.71420638590571 0.23226808 -1301.2073974609375
     7 |      140 |     20 |  0.0097954408 |         ideal
Using downloaded and verified file: /home/nisha/.medmnist/breastmnist.npz
Using downloaded and verified file: /home/nisha/.medmnist/breastmnist.npz
Using downloaded and verified file: /home/nisha/.medmnist/breastmnist.npz
[INFO] Register count_convNd() for <class 'torch.nn.modules.conv.Conv2d'>.
[INFO] Register count_normalization() for <class 'torch.nn.modules.batchnorm.BatchNorm2d'>.
[INFO] Register zero_ops() for <class 'torch.nn.modules.container.Sequential'>.
[INFO] Register zero_ops() for <class 'torch.nn.modules.activation.ReLU'>.
[INFO] Register count_avgpool() for <class 'torch.nn.modules.pooling.AvgPool2d'>.
[INFO] Register count_upsample() for <class 'torch.nn.modules.upsampling.Upsample'>.
[INFO] Register count_linear() for <class 'torch.nn.modules.linear.Linear'>.
[INFO] Register count_normalization() for <class 'torch.nn.modules.batchnorm.BatchNorm1d'>.
[INFO] Register count_adap_avgpool() for <class 'torch.nn.modules.pooling.AdaptiveAvgPool2d'>.
[INFO] Register count_softmax() for <class 'torch.nn.modules.activation.Softmax'>.
FLOPs: 0.285343328 billion
Parameters: 0.563344 million
Latency: 33.64 ms
MACs: 0.142671664 billion
DEBUG OBJECTIVES: -12.063303581479708 0.285343328 -1668.70068359375
Using downloaded and verified file: /home/nisha/.medmnist/breastmnist.npz
Using downloaded and verified file: /home/nisha/.medmnist/breastmnist.npz
Using downloaded and verified file: /home/nisha/.medmnist/breastmnist.npz
[INFO] Register count_convNd() for <class 'torch.nn.modules.conv.Conv2d'>.
[INFO] Register count_normalization() for <class 'torch.nn.modules.batchnorm.BatchNorm2d'>.
[INFO] Register zero_ops() for <class 'torch.nn.modules.container.Sequential'>.
[INFO] Register zero_ops() for <class 'torch.nn.modules.activation.ReLU'>.
[INFO] Register count_avgpool() for <class 'torch.nn.modules.pooling.AvgPool2d'>.
[INFO] Register count_softmax() for <class 'torch.nn.modules.activation.Softmax'>.
[INFO] Register count_adap_avgpool() for <class 'torch.nn.modules.pooling.AdaptiveAvgPool2d'>.
[INFO] Register count_linear() for <class 'torch.nn.modules.linear.Linear'>.
[INFO] Register zero_ops() for <class 'torch.nn.modules.pooling.MaxPool2d'>.
[INFO] Register count_normalization() for <class 'torch.nn.modules.batchnorm.BatchNorm1d'>.
FLOPs: 0.181761616 billion
Parameters: 0.299817 million
Latency: 35.86 ms
MACs: 0.090880808 billion
DEBUG OBJECTIVES: -17.627391650725713 0.181761616 -1795.5146484375
Using downloaded and verified file: /home/nisha/.medmnist/breastmnist.npz
Using downloaded and verified file: /home/nisha/.medmnist/breastmnist.npz
Using downloaded and verified file: /home/nisha/.medmnist/breastmnist.npz
[INFO] Register count_convNd() for <class 'torch.nn.modules.conv.Conv2d'>.
[INFO] Register count_normalization() for <class 'torch.nn.modules.batchnorm.BatchNorm2d'>.
[INFO] Register zero_ops() for <class 'torch.nn.modules.container.Sequential'>.
[INFO] Register zero_ops() for <class 'torch.nn.modules.activation.ReLU'>.
[INFO] Register count_softmax() for <class 'torch.nn.modules.activation.Softmax'>.
[INFO] Register count_linear() for <class 'torch.nn.modules.linear.Linear'>.
[INFO] Register count_normalization() for <class 'torch.nn.modules.batchnorm.BatchNorm1d'>.
[INFO] Register count_adap_avgpool() for <class 'torch.nn.modules.pooling.AdaptiveAvgPool2d'>.
[INFO] Register count_avgpool() for <class 'torch.nn.modules.pooling.AvgPool2d'>.
[INFO] Register count_upsample() for <class 'torch.nn.modules.upsampling.Upsample'>.
FLOPs: 0.342008624 billion
Parameters: 0.681846 million
Latency: 38.76 ms
MACs: 0.171004312 billion
DEBUG OBJECTIVES: -14.830796171479767 0.342008624 -1103.6307373046875
Using downloaded and verified file: /home/nisha/.medmnist/breastmnist.npz
Using downloaded and verified file: /home/nisha/.medmnist/breastmnist.npz
Using downloaded and verified file: /home/nisha/.medmnist/breastmnist.npz
[INFO] Register count_convNd() for <class 'torch.nn.modules.conv.Conv2d'>.
[INFO] Register count_normalization() for <class 'torch.nn.modules.batchnorm.BatchNorm2d'>.
[INFO] Register zero_ops() for <class 'torch.nn.modules.container.Sequential'>.
[INFO] Register zero_ops() for <class 'torch.nn.modules.activation.ReLU'>.
[INFO] Register count_avgpool() for <class 'torch.nn.modules.pooling.AvgPool2d'>.
[INFO] Register count_softmax() for <class 'torch.nn.modules.activation.Softmax'>.
[INFO] Register count_adap_avgpool() for <class 'torch.nn.modules.pooling.AdaptiveAvgPool2d'>.
[INFO] Register count_linear() for <class 'torch.nn.modules.linear.Linear'>.
[INFO] Register zero_ops() for <class 'torch.nn.modules.pooling.MaxPool2d'>.
[INFO] Register count_normalization() for <class 'torch.nn.modules.batchnorm.BatchNorm1d'>.
FLOPs: 0.15084544 billion
Parameters: 0.253975 million
Latency: 21.02 ms
MACs: 0.07542272 billion
DEBUG OBJECTIVES: -9.28222227059496 0.15084544 -1094.7816162109375
Using downloaded and verified file: /home/nisha/.medmnist/breastmnist.npz
Using downloaded and verified file: /home/nisha/.medmnist/breastmnist.npz
Using downloaded and verified file: /home/nisha/.medmnist/breastmnist.npz
[INFO] Register count_convNd() for <class 'torch.nn.modules.conv.Conv2d'>.
[INFO] Register count_normalization() for <class 'torch.nn.modules.batchnorm.BatchNorm2d'>.
[INFO] Register zero_ops() for <class 'torch.nn.modules.container.Sequential'>.
[INFO] Register zero_ops() for <class 'torch.nn.modules.activation.ReLU'>.
[INFO] Register count_avgpool() for <class 'torch.nn.modules.pooling.AvgPool2d'>.
[INFO] Register zero_ops() for <class 'torch.nn.modules.pooling.MaxPool2d'>.
[INFO] Register count_softmax() for <class 'torch.nn.modules.activation.Softmax'>.
[INFO] Register count_linear() for <class 'torch.nn.modules.linear.Linear'>.
[INFO] Register count_normalization() for <class 'torch.nn.modules.batchnorm.BatchNorm1d'>.
[INFO] Register count_adap_avgpool() for <class 'torch.nn.modules.pooling.AdaptiveAvgPool2d'>.
FLOPs: 0.15998928 billion
Parameters: 0.282296 million
Latency: 35.74 ms
MACs: 0.07999464 billion
DEBUG OBJECTIVES: -12.135143424886756 0.15998928 -1732.9598388671875
Using downloaded and verified file: /home/nisha/.medmnist/breastmnist.npz
Using downloaded and verified file: /home/nisha/.medmnist/breastmnist.npz
Using downloaded and verified file: /home/nisha/.medmnist/breastmnist.npz
[INFO] Register count_convNd() for <class 'torch.nn.modules.conv.Conv2d'>.
[INFO] Register count_normalization() for <class 'torch.nn.modules.batchnorm.BatchNorm2d'>.
[INFO] Register zero_ops() for <class 'torch.nn.modules.container.Sequential'>.
[INFO] Register zero_ops() for <class 'torch.nn.modules.activation.ReLU'>.
[INFO] Register count_avgpool() for <class 'torch.nn.modules.pooling.AvgPool2d'>.
[INFO] Register count_softmax() for <class 'torch.nn.modules.activation.Softmax'>.
[INFO] Register count_adap_avgpool() for <class 'torch.nn.modules.pooling.AdaptiveAvgPool2d'>.
[INFO] Register count_linear() for <class 'torch.nn.modules.linear.Linear'>.
[INFO] Register count_normalization() for <class 'torch.nn.modules.batchnorm.BatchNorm1d'>.
FLOPs: 0.126079072 billion
Parameters: 0.170781 million
Latency: 24.31 ms
MACs: 0.063039536 billion
DEBUG OBJECTIVES: -9.125383358768094 0.126079072 -1122.54052734375
Using downloaded and verified file: /home/nisha/.medmnist/breastmnist.npz
Using downloaded and verified file: /home/nisha/.medmnist/breastmnist.npz
Using downloaded and verified file: /home/nisha/.medmnist/breastmnist.npz
[INFO] Register count_convNd() for <class 'torch.nn.modules.conv.Conv2d'>.
[INFO] Register count_normalization() for <class 'torch.nn.modules.batchnorm.BatchNorm2d'>.
[INFO] Register zero_ops() for <class 'torch.nn.modules.container.Sequential'>.
[INFO] Register zero_ops() for <class 'torch.nn.modules.activation.ReLU'>.
[INFO] Register count_avgpool() for <class 'torch.nn.modules.pooling.AvgPool2d'>.
[INFO] Register count_upsample() for <class 'torch.nn.modules.upsampling.Upsample'>.
[INFO] Register count_linear() for <class 'torch.nn.modules.linear.Linear'>.
[INFO] Register count_softmax() for <class 'torch.nn.modules.activation.Softmax'>.
[INFO] Register count_adap_avgpool() for <class 'torch.nn.modules.pooling.AdaptiveAvgPool2d'>.
FLOPs: 0.22514144 billion
Parameters: 0.492684 million
Latency: 15.52 ms
MACs: 0.11257072 billion
DEBUG OBJECTIVES: -7.753314204519592 0.22514144 -739.4805908203125
Using downloaded and verified file: /home/nisha/.medmnist/breastmnist.npz
Using downloaded and verified file: /home/nisha/.medmnist/breastmnist.npz
Using downloaded and verified file: /home/nisha/.medmnist/breastmnist.npz
[INFO] Register count_convNd() for <class 'torch.nn.modules.conv.Conv2d'>.
[INFO] Register count_normalization() for <class 'torch.nn.modules.batchnorm.BatchNorm2d'>.
[INFO] Register zero_ops() for <class 'torch.nn.modules.container.Sequential'>.
[INFO] Register zero_ops() for <class 'torch.nn.modules.activation.ReLU'>.
[INFO] Register count_avgpool() for <class 'torch.nn.modules.pooling.AvgPool2d'>.
[INFO] Register count_upsample() for <class 'torch.nn.modules.upsampling.Upsample'>.
[INFO] Register count_linear() for <class 'torch.nn.modules.linear.Linear'>.
[INFO] Register count_softmax() for <class 'torch.nn.modules.activation.Softmax'>.
[INFO] Register count_adap_avgpool() for <class 'torch.nn.modules.pooling.AdaptiveAvgPool2d'>.
[INFO] Register count_normalization() for <class 'torch.nn.modules.batchnorm.BatchNorm1d'>.
FLOPs: 0.172326496 billion
Parameters: 0.351846 million
Latency: 16.77 ms
MACs: 0.086163248 billion
DEBUG OBJECTIVES: -5.933260834625742 0.172326496 -731.142333984375
Using downloaded and verified file: /home/nisha/.medmnist/breastmnist.npz
Using downloaded and verified file: /home/nisha/.medmnist/breastmnist.npz
Using downloaded and verified file: /home/nisha/.medmnist/breastmnist.npz
[INFO] Register count_convNd() for <class 'torch.nn.modules.conv.Conv2d'>.
[INFO] Register count_normalization() for <class 'torch.nn.modules.batchnorm.BatchNorm2d'>.
[INFO] Register zero_ops() for <class 'torch.nn.modules.container.Sequential'>.
[INFO] Register zero_ops() for <class 'torch.nn.modules.activation.ReLU'>.
[INFO] Register count_avgpool() for <class 'torch.nn.modules.pooling.AvgPool2d'>.
[INFO] Register count_upsample() for <class 'torch.nn.modules.upsampling.Upsample'>.
[INFO] Register count_linear() for <class 'torch.nn.modules.linear.Linear'>.
[INFO] Register count_normalization() for <class 'torch.nn.modules.batchnorm.BatchNorm1d'>.
[INFO] Register count_softmax() for <class 'torch.nn.modules.activation.Softmax'>.
[INFO] Register count_adap_avgpool() for <class 'torch.nn.modules.pooling.AdaptiveAvgPool2d'>.
FLOPs: 0.346026512 billion
Parameters: 0.638336 million
Latency: 34.65 ms
MACs: 0.173013256 billion
DEBUG OBJECTIVES: -13.229412851537203 0.346026512 -1706.4571533203125
Using downloaded and verified file: /home/nisha/.medmnist/breastmnist.npz
Using downloaded and verified file: /home/nisha/.medmnist/breastmnist.npz
Using downloaded and verified file: /home/nisha/.medmnist/breastmnist.npz
[INFO] Register count_convNd() for <class 'torch.nn.modules.conv.Conv2d'>.
[INFO] Register count_normalization() for <class 'torch.nn.modules.batchnorm.BatchNorm2d'>.
[INFO] Register zero_ops() for <class 'torch.nn.modules.container.Sequential'>.
[INFO] Register zero_ops() for <class 'torch.nn.modules.activation.ReLU'>.
[INFO] Register count_avgpool() for <class 'torch.nn.modules.pooling.AvgPool2d'>.
[INFO] Register count_linear() for <class 'torch.nn.modules.linear.Linear'>.
[INFO] Register count_normalization() for <class 'torch.nn.modules.batchnorm.BatchNorm1d'>.
[INFO] Register count_softmax() for <class 'torch.nn.modules.activation.Softmax'>.
[INFO] Register count_adap_avgpool() for <class 'torch.nn.modules.pooling.AdaptiveAvgPool2d'>.
FLOPs: 0.08227936 billion
Parameters: 0.11368 million
Latency: 17.16 ms
MACs: 0.04113968 billion
DEBUG OBJECTIVES: -6.7641328838667425 0.08227936 -750.83935546875
Using downloaded and verified file: /home/nisha/.medmnist/breastmnist.npz
Using downloaded and verified file: /home/nisha/.medmnist/breastmnist.npz
Using downloaded and verified file: /home/nisha/.medmnist/breastmnist.npz
[INFO] Register count_convNd() for <class 'torch.nn.modules.conv.Conv2d'>.
[INFO] Register count_normalization() for <class 'torch.nn.modules.batchnorm.BatchNorm2d'>.
[INFO] Register zero_ops() for <class 'torch.nn.modules.container.Sequential'>.
[INFO] Register zero_ops() for <class 'torch.nn.modules.activation.ReLU'>.
[INFO] Register count_avgpool() for <class 'torch.nn.modules.pooling.AvgPool2d'>.
[INFO] Register count_upsample() for <class 'torch.nn.modules.upsampling.Upsample'>.
[INFO] Register count_linear() for <class 'torch.nn.modules.linear.Linear'>.
[INFO] Register count_softmax() for <class 'torch.nn.modules.activation.Softmax'>.
[INFO] Register count_adap_avgpool() for <class 'torch.nn.modules.pooling.AdaptiveAvgPool2d'>.
FLOPs: 0.227175264 billion
Parameters: 0.49703 million
Latency: 15.37 ms
MACs: 0.113587632 billion
DEBUG OBJECTIVES: -7.762082999399251 0.227175264 -759.7582397460938
Using downloaded and verified file: /home/nisha/.medmnist/breastmnist.npz
Using downloaded and verified file: /home/nisha/.medmnist/breastmnist.npz
Using downloaded and verified file: /home/nisha/.medmnist/breastmnist.npz
[INFO] Register count_convNd() for <class 'torch.nn.modules.conv.Conv2d'>.
[INFO] Register count_normalization() for <class 'torch.nn.modules.batchnorm.BatchNorm2d'>.
[INFO] Register zero_ops() for <class 'torch.nn.modules.container.Sequential'>.
[INFO] Register zero_ops() for <class 'torch.nn.modules.activation.ReLU'>.
[INFO] Register count_avgpool() for <class 'torch.nn.modules.pooling.AvgPool2d'>.
[INFO] Register count_linear() for <class 'torch.nn.modules.linear.Linear'>.
[INFO] Register count_normalization() for <class 'torch.nn.modules.batchnorm.BatchNorm1d'>.
[INFO] Register count_adap_avgpool() for <class 'torch.nn.modules.pooling.AdaptiveAvgPool2d'>.
FLOPs: 0.064013888 billion
Parameters: 0.087952 million
Latency: 12.92 ms
MACs: 0.032006944 billion
DEBUG OBJECTIVES: -4.735874201799106 0.064013888 -603.4375
Using downloaded and verified file: /home/nisha/.medmnist/breastmnist.npz
Using downloaded and verified file: /home/nisha/.medmnist/breastmnist.npz
Using downloaded and verified file: /home/nisha/.medmnist/breastmnist.npz
[INFO] Register count_convNd() for <class 'torch.nn.modules.conv.Conv2d'>.
[INFO] Register count_normalization() for <class 'torch.nn.modules.batchnorm.BatchNorm2d'>.
[INFO] Register zero_ops() for <class 'torch.nn.modules.container.Sequential'>.
[INFO] Register zero_ops() for <class 'torch.nn.modules.activation.ReLU'>.
[INFO] Register count_avgpool() for <class 'torch.nn.modules.pooling.AvgPool2d'>.
[INFO] Register count_softmax() for <class 'torch.nn.modules.activation.Softmax'>.
[INFO] Register count_adap_avgpool() for <class 'torch.nn.modules.pooling.AdaptiveAvgPool2d'>.
[INFO] Register count_linear() for <class 'torch.nn.modules.linear.Linear'>.
[INFO] Register count_normalization() for <class 'torch.nn.modules.batchnorm.BatchNorm1d'>.
FLOPs: 0.178668688 billion
Parameters: 0.337391 million
Latency: 29.45 ms
MACs: 0.089334344 billion
DEBUG OBJECTIVES: -12.090003061309018 0.178668688 -1458.332763671875
Using downloaded and verified file: /home/nisha/.medmnist/breastmnist.npz
Using downloaded and verified file: /home/nisha/.medmnist/breastmnist.npz
Using downloaded and verified file: /home/nisha/.medmnist/breastmnist.npz
[INFO] Register count_convNd() for <class 'torch.nn.modules.conv.Conv2d'>.
[INFO] Register count_normalization() for <class 'torch.nn.modules.batchnorm.BatchNorm2d'>.
[INFO] Register zero_ops() for <class 'torch.nn.modules.container.Sequential'>.
[INFO] Register zero_ops() for <class 'torch.nn.modules.activation.ReLU'>.
[INFO] Register count_avgpool() for <class 'torch.nn.modules.pooling.AvgPool2d'>.
[INFO] Register count_linear() for <class 'torch.nn.modules.linear.Linear'>.
[INFO] Register count_normalization() for <class 'torch.nn.modules.batchnorm.BatchNorm1d'>.
[INFO] Register count_softmax() for <class 'torch.nn.modules.activation.Softmax'>.
[INFO] Register count_adap_avgpool() for <class 'torch.nn.modules.pooling.AdaptiveAvgPool2d'>.
FLOPs: 0.0685168 billion
Parameters: 0.11368 million
Latency: 18.05 ms
MACs: 0.0342584 billion
DEBUG OBJECTIVES: -7.770576337020362 0.0685168 -763.0960083007812
Using downloaded and verified file: /home/nisha/.medmnist/breastmnist.npz
Using downloaded and verified file: /home/nisha/.medmnist/breastmnist.npz
Using downloaded and verified file: /home/nisha/.medmnist/breastmnist.npz
[INFO] Register count_convNd() for <class 'torch.nn.modules.conv.Conv2d'>.
[INFO] Register count_normalization() for <class 'torch.nn.modules.batchnorm.BatchNorm2d'>.
[INFO] Register zero_ops() for <class 'torch.nn.modules.container.Sequential'>.
[INFO] Register zero_ops() for <class 'torch.nn.modules.activation.ReLU'>.
[INFO] Register count_avgpool() for <class 'torch.nn.modules.pooling.AvgPool2d'>.
[INFO] Register count_upsample() for <class 'torch.nn.modules.upsampling.Upsample'>.
[INFO] Register zero_ops() for <class 'torch.nn.modules.pooling.MaxPool2d'>.
[INFO] Register count_softmax() for <class 'torch.nn.modules.activation.Softmax'>.
[INFO] Register count_adap_avgpool() for <class 'torch.nn.modules.pooling.AdaptiveAvgPool2d'>.
[INFO] Register count_linear() for <class 'torch.nn.modules.linear.Linear'>.
[INFO] Register count_normalization() for <class 'torch.nn.modules.batchnorm.BatchNorm1d'>.
FLOPs: 0.194805296 billion
Parameters: 0.297678 million
Latency: 35.39 ms
MACs: 0.097402648 billion
DEBUG OBJECTIVES: -13.01813185452678 0.194805296 -1632.11767578125
Using downloaded and verified file: /home/nisha/.medmnist/breastmnist.npz
Using downloaded and verified file: /home/nisha/.medmnist/breastmnist.npz
Using downloaded and verified file: /home/nisha/.medmnist/breastmnist.npz
[INFO] Register count_convNd() for <class 'torch.nn.modules.conv.Conv2d'>.
[INFO] Register count_normalization() for <class 'torch.nn.modules.batchnorm.BatchNorm2d'>.
[INFO] Register zero_ops() for <class 'torch.nn.modules.container.Sequential'>.
[INFO] Register zero_ops() for <class 'torch.nn.modules.activation.ReLU'>.
[INFO] Register count_avgpool() for <class 'torch.nn.modules.pooling.AvgPool2d'>.
[INFO] Register count_softmax() for <class 'torch.nn.modules.activation.Softmax'>.
[INFO] Register count_adap_avgpool() for <class 'torch.nn.modules.pooling.AdaptiveAvgPool2d'>.
[INFO] Register count_linear() for <class 'torch.nn.modules.linear.Linear'>.
[INFO] Register count_normalization() for <class 'torch.nn.modules.batchnorm.BatchNorm1d'>.
FLOPs: 0.117944688 billion
Parameters: 0.155574 million
Latency: 23.33 ms
MACs: 0.058972344 billion
DEBUG OBJECTIVES: -8.770982658905785 0.117944688 -1020.1653442382812
Using downloaded and verified file: /home/nisha/.medmnist/breastmnist.npz
Using downloaded and verified file: /home/nisha/.medmnist/breastmnist.npz
Using downloaded and verified file: /home/nisha/.medmnist/breastmnist.npz
[INFO] Register count_convNd() for <class 'torch.nn.modules.conv.Conv2d'>.
[INFO] Register count_normalization() for <class 'torch.nn.modules.batchnorm.BatchNorm2d'>.
[INFO] Register zero_ops() for <class 'torch.nn.modules.container.Sequential'>.
[INFO] Register zero_ops() for <class 'torch.nn.modules.activation.ReLU'>.
[INFO] Register count_avgpool() for <class 'torch.nn.modules.pooling.AvgPool2d'>.
[INFO] Register count_softmax() for <class 'torch.nn.modules.activation.Softmax'>.
[INFO] Register count_adap_avgpool() for <class 'torch.nn.modules.pooling.AdaptiveAvgPool2d'>.
[INFO] Register count_linear() for <class 'torch.nn.modules.linear.Linear'>.
FLOPs: 0.230696736 billion
Parameters: 0.435607 million
Latency: 36.70 ms
MACs: 0.115348368 billion
DEBUG OBJECTIVES: -15.01098328015169 0.230696736 -1972.2763671875
Using downloaded and verified file: /home/nisha/.medmnist/breastmnist.npz
Using downloaded and verified file: /home/nisha/.medmnist/breastmnist.npz
Using downloaded and verified file: /home/nisha/.medmnist/breastmnist.npz
[INFO] Register count_convNd() for <class 'torch.nn.modules.conv.Conv2d'>.
[INFO] Register count_normalization() for <class 'torch.nn.modules.batchnorm.BatchNorm2d'>.
[INFO] Register zero_ops() for <class 'torch.nn.modules.container.Sequential'>.
[INFO] Register zero_ops() for <class 'torch.nn.modules.activation.ReLU'>.
[INFO] Register count_avgpool() for <class 'torch.nn.modules.pooling.AvgPool2d'>.
[INFO] Register zero_ops() for <class 'torch.nn.modules.pooling.MaxPool2d'>.
[INFO] Register count_softmax() for <class 'torch.nn.modules.activation.Softmax'>.
[INFO] Register count_adap_avgpool() for <class 'torch.nn.modules.pooling.AdaptiveAvgPool2d'>.
[INFO] Register count_linear() for <class 'torch.nn.modules.linear.Linear'>.
[INFO] Register count_normalization() for <class 'torch.nn.modules.batchnorm.BatchNorm1d'>.
FLOPs: 0.157703216 billion
Parameters: 0.232686 million
Latency: 31.99 ms
MACs: 0.078851608 billion
DEBUG OBJECTIVES: -10.825198166108269 0.157703216 -1025.8331298828125
Using downloaded and verified file: /home/nisha/.medmnist/breastmnist.npz
Using downloaded and verified file: /home/nisha/.medmnist/breastmnist.npz
Using downloaded and verified file: /home/nisha/.medmnist/breastmnist.npz
[INFO] Register count_convNd() for <class 'torch.nn.modules.conv.Conv2d'>.
[INFO] Register count_normalization() for <class 'torch.nn.modules.batchnorm.BatchNorm2d'>.
[INFO] Register zero_ops() for <class 'torch.nn.modules.container.Sequential'>.
[INFO] Register zero_ops() for <class 'torch.nn.modules.activation.ReLU'>.
[INFO] Register count_avgpool() for <class 'torch.nn.modules.pooling.AvgPool2d'>.
[INFO] Register count_softmax() for <class 'torch.nn.modules.activation.Softmax'>.
[INFO] Register count_adap_avgpool() for <class 'torch.nn.modules.pooling.AdaptiveAvgPool2d'>.
[INFO] Register count_linear() for <class 'torch.nn.modules.linear.Linear'>.
[INFO] Register count_upsample() for <class 'torch.nn.modules.upsampling.Upsample'>.
[INFO] Register count_normalization() for <class 'torch.nn.modules.batchnorm.BatchNorm1d'>.
FLOPs: 0.280610432 billion
Parameters: 0.613167 million
Latency: 38.91 ms
MACs: 0.140305216 billion
DEBUG OBJECTIVES: -15.460602442469582 0.280610432 -1898.9959716796875
Using downloaded and verified file: /home/nisha/.medmnist/breastmnist.npz
Using downloaded and verified file: /home/nisha/.medmnist/breastmnist.npz
Using downloaded and verified file: /home/nisha/.medmnist/breastmnist.npz
[INFO] Register count_convNd() for <class 'torch.nn.modules.conv.Conv2d'>.
[INFO] Register count_normalization() for <class 'torch.nn.modules.batchnorm.BatchNorm2d'>.
[INFO] Register zero_ops() for <class 'torch.nn.modules.container.Sequential'>.
[INFO] Register zero_ops() for <class 'torch.nn.modules.activation.ReLU'>.
[INFO] Register zero_ops() for <class 'torch.nn.modules.pooling.MaxPool2d'>.
[INFO] Register count_linear() for <class 'torch.nn.modules.linear.Linear'>.
[INFO] Register count_normalization() for <class 'torch.nn.modules.batchnorm.BatchNorm1d'>.
[INFO] Register count_softmax() for <class 'torch.nn.modules.activation.Softmax'>.
[INFO] Register count_avgpool() for <class 'torch.nn.modules.pooling.AvgPool2d'>.
[INFO] Register count_adap_avgpool() for <class 'torch.nn.modules.pooling.AdaptiveAvgPool2d'>.
FLOPs: 0.10699248 billion
Parameters: 0.183754 million
Latency: 13.32 ms
MACs: 0.05349624 billion
DEBUG OBJECTIVES: -7.115424388838523 0.10699248 -683.2910766601562
     8 |      160 |     20 |  0.0273560303 |         ideal
Using downloaded and verified file: /home/nisha/.medmnist/breastmnist.npz
Using downloaded and verified file: /home/nisha/.medmnist/breastmnist.npz
Using downloaded and verified file: /home/nisha/.medmnist/breastmnist.npz
[INFO] Register count_convNd() for <class 'torch.nn.modules.conv.Conv2d'>.
[INFO] Register count_normalization() for <class 'torch.nn.modules.batchnorm.BatchNorm2d'>.
[INFO] Register zero_ops() for <class 'torch.nn.modules.container.Sequential'>.
[INFO] Register zero_ops() for <class 'torch.nn.modules.activation.ReLU'>.
[INFO] Register count_avgpool() for <class 'torch.nn.modules.pooling.AvgPool2d'>.
[INFO] Register count_linear() for <class 'torch.nn.modules.linear.Linear'>.
[INFO] Register count_normalization() for <class 'torch.nn.modules.batchnorm.BatchNorm1d'>.
[INFO] Register count_softmax() for <class 'torch.nn.modules.activation.Softmax'>.
[INFO] Register count_adap_avgpool() for <class 'torch.nn.modules.pooling.AdaptiveAvgPool2d'>.
FLOPs: 0.07539808 billion
Parameters: 0.11368 million
Latency: 16.53 ms
MACs: 0.03769904 billion
DEBUG OBJECTIVES: -7.635572034277152 0.07539808 -754.754638671875
Using downloaded and verified file: /home/nisha/.medmnist/breastmnist.npz
Using downloaded and verified file: /home/nisha/.medmnist/breastmnist.npz
Using downloaded and verified file: /home/nisha/.medmnist/breastmnist.npz
[INFO] Register count_convNd() for <class 'torch.nn.modules.conv.Conv2d'>.
[INFO] Register count_normalization() for <class 'torch.nn.modules.batchnorm.BatchNorm2d'>.
[INFO] Register zero_ops() for <class 'torch.nn.modules.container.Sequential'>.
[INFO] Register zero_ops() for <class 'torch.nn.modules.activation.ReLU'>.
[INFO] Register zero_ops() for <class 'torch.nn.modules.pooling.MaxPool2d'>.
[INFO] Register count_linear() for <class 'torch.nn.modules.linear.Linear'>.
[INFO] Register count_normalization() for <class 'torch.nn.modules.batchnorm.BatchNorm1d'>.
[INFO] Register count_softmax() for <class 'torch.nn.modules.activation.Softmax'>.
[INFO] Register count_avgpool() for <class 'torch.nn.modules.pooling.AvgPool2d'>.
[INFO] Register count_adap_avgpool() for <class 'torch.nn.modules.pooling.AdaptiveAvgPool2d'>.
FLOPs: 0.074916704 billion
Parameters: 0.136682 million
Latency: 14.98 ms
MACs: 0.037458352 billion
DEBUG OBJECTIVES: -6.714855808355799 0.074916704 -753.1974487304688
Using downloaded and verified file: /home/nisha/.medmnist/breastmnist.npz
Using downloaded and verified file: /home/nisha/.medmnist/breastmnist.npz
Using downloaded and verified file: /home/nisha/.medmnist/breastmnist.npz
[INFO] Register count_convNd() for <class 'torch.nn.modules.conv.Conv2d'>.
[INFO] Register count_normalization() for <class 'torch.nn.modules.batchnorm.BatchNorm2d'>.
[INFO] Register zero_ops() for <class 'torch.nn.modules.container.Sequential'>.
[INFO] Register zero_ops() for <class 'torch.nn.modules.activation.ReLU'>.
[INFO] Register count_avgpool() for <class 'torch.nn.modules.pooling.AvgPool2d'>.
[INFO] Register count_softmax() for <class 'torch.nn.modules.activation.Softmax'>.
[INFO] Register count_adap_avgpool() for <class 'torch.nn.modules.pooling.AdaptiveAvgPool2d'>.
[INFO] Register count_linear() for <class 'torch.nn.modules.linear.Linear'>.
[INFO] Register count_upsample() for <class 'torch.nn.modules.upsampling.Upsample'>.
[INFO] Register count_normalization() for <class 'torch.nn.modules.batchnorm.BatchNorm1d'>.
FLOPs: 0.287491712 billion
Parameters: 0.613167 million
Latency: 38.05 ms
MACs: 0.143745856 billion
DEBUG OBJECTIVES: -14.541974082929928 0.287491712 -1937.097412109375
Using downloaded and verified file: /home/nisha/.medmnist/breastmnist.npz
Using downloaded and verified file: /home/nisha/.medmnist/breastmnist.npz
Using downloaded and verified file: /home/nisha/.medmnist/breastmnist.npz
[INFO] Register count_convNd() for <class 'torch.nn.modules.conv.Conv2d'>.
[INFO] Register count_normalization() for <class 'torch.nn.modules.batchnorm.BatchNorm2d'>.
[INFO] Register zero_ops() for <class 'torch.nn.modules.container.Sequential'>.
[INFO] Register zero_ops() for <class 'torch.nn.modules.activation.ReLU'>.
[INFO] Register count_linear() for <class 'torch.nn.modules.linear.Linear'>.
[INFO] Register count_normalization() for <class 'torch.nn.modules.batchnorm.BatchNorm1d'>.
[INFO] Register count_softmax() for <class 'torch.nn.modules.activation.Softmax'>.
[INFO] Register count_adap_avgpool() for <class 'torch.nn.modules.pooling.AdaptiveAvgPool2d'>.
[INFO] Register count_avgpool() for <class 'torch.nn.modules.pooling.AvgPool2d'>.
FLOPs: 0.05878192 billion
Parameters: 0.104696 million
Latency: 14.63 ms
MACs: 0.02939096 billion
DEBUG OBJECTIVES: -7.215141337134122 0.05878192 -669.5321655273438
Using downloaded and verified file: /home/nisha/.medmnist/breastmnist.npz
Using downloaded and verified file: /home/nisha/.medmnist/breastmnist.npz
Using downloaded and verified file: /home/nisha/.medmnist/breastmnist.npz
[INFO] Register count_convNd() for <class 'torch.nn.modules.conv.Conv2d'>.
[INFO] Register count_normalization() for <class 'torch.nn.modules.batchnorm.BatchNorm2d'>.
[INFO] Register zero_ops() for <class 'torch.nn.modules.container.Sequential'>.
[INFO] Register zero_ops() for <class 'torch.nn.modules.activation.ReLU'>.
[INFO] Register count_avgpool() for <class 'torch.nn.modules.pooling.AvgPool2d'>.
[INFO] Register count_linear() for <class 'torch.nn.modules.linear.Linear'>.
[INFO] Register count_adap_avgpool() for <class 'torch.nn.modules.pooling.AdaptiveAvgPool2d'>.
[INFO] Register count_softmax() for <class 'torch.nn.modules.activation.Softmax'>.
FLOPs: 0.1111568 billion
Parameters: 0.199116 million
Latency: 15.82 ms
MACs: 0.0555784 billion
DEBUG OBJECTIVES: -8.895843636934801 0.1111568 -841.7701416015625
Using downloaded and verified file: /home/nisha/.medmnist/breastmnist.npz
Using downloaded and verified file: /home/nisha/.medmnist/breastmnist.npz
Using downloaded and verified file: /home/nisha/.medmnist/breastmnist.npz
[INFO] Register count_convNd() for <class 'torch.nn.modules.conv.Conv2d'>.
[INFO] Register count_normalization() for <class 'torch.nn.modules.batchnorm.BatchNorm2d'>.
[INFO] Register zero_ops() for <class 'torch.nn.modules.container.Sequential'>.
[INFO] Register zero_ops() for <class 'torch.nn.modules.activation.ReLU'>.
[INFO] Register count_avgpool() for <class 'torch.nn.modules.pooling.AvgPool2d'>.
[INFO] Register count_softmax() for <class 'torch.nn.modules.activation.Softmax'>.
[INFO] Register count_adap_avgpool() for <class 'torch.nn.modules.pooling.AdaptiveAvgPool2d'>.
[INFO] Register count_linear() for <class 'torch.nn.modules.linear.Linear'>.
[INFO] Register zero_ops() for <class 'torch.nn.modules.pooling.MaxPool2d'>.
[INFO] Register count_normalization() for <class 'torch.nn.modules.batchnorm.BatchNorm1d'>.
FLOPs: 0.111826464 billion
Parameters: 0.141037 million
Latency: 19.30 ms
MACs: 0.055913232 billion
DEBUG OBJECTIVES: -7.106164059977719 0.111826464 -956.5533447265625
Using downloaded and verified file: /home/nisha/.medmnist/breastmnist.npz
Using downloaded and verified file: /home/nisha/.medmnist/breastmnist.npz
Using downloaded and verified file: /home/nisha/.medmnist/breastmnist.npz
[INFO] Register count_convNd() for <class 'torch.nn.modules.conv.Conv2d'>.
[INFO] Register count_normalization() for <class 'torch.nn.modules.batchnorm.BatchNorm2d'>.
[INFO] Register zero_ops() for <class 'torch.nn.modules.container.Sequential'>.
[INFO] Register zero_ops() for <class 'torch.nn.modules.activation.ReLU'>.
[INFO] Register count_avgpool() for <class 'torch.nn.modules.pooling.AvgPool2d'>.
[INFO] Register count_upsample() for <class 'torch.nn.modules.upsampling.Upsample'>.
[INFO] Register zero_ops() for <class 'torch.nn.modules.pooling.MaxPool2d'>.
[INFO] Register count_softmax() for <class 'torch.nn.modules.activation.Softmax'>.
[INFO] Register count_adap_avgpool() for <class 'torch.nn.modules.pooling.AdaptiveAvgPool2d'>.
[INFO] Register count_linear() for <class 'torch.nn.modules.linear.Linear'>.
[INFO] Register count_normalization() for <class 'torch.nn.modules.batchnorm.BatchNorm1d'>.
FLOPs: 0.269203328 billion
Parameters: 0.530989 million
Latency: 37.48 ms
MACs: 0.134601664 billion
DEBUG OBJECTIVES: -15.242132166929743 0.269203328 -966.8722534179688
Using downloaded and verified file: /home/nisha/.medmnist/breastmnist.npz
Using downloaded and verified file: /home/nisha/.medmnist/breastmnist.npz
Using downloaded and verified file: /home/nisha/.medmnist/breastmnist.npz
[INFO] Register count_convNd() for <class 'torch.nn.modules.conv.Conv2d'>.
[INFO] Register count_normalization() for <class 'torch.nn.modules.batchnorm.BatchNorm2d'>.
[INFO] Register zero_ops() for <class 'torch.nn.modules.container.Sequential'>.
[INFO] Register zero_ops() for <class 'torch.nn.modules.activation.ReLU'>.
[INFO] Register count_avgpool() for <class 'torch.nn.modules.pooling.AvgPool2d'>.
[INFO] Register count_softmax() for <class 'torch.nn.modules.activation.Softmax'>.
[INFO] Register count_adap_avgpool() for <class 'torch.nn.modules.pooling.AdaptiveAvgPool2d'>.
[INFO] Register count_linear() for <class 'torch.nn.modules.linear.Linear'>.
[INFO] Register zero_ops() for <class 'torch.nn.modules.pooling.MaxPool2d'>.
[INFO] Register count_normalization() for <class 'torch.nn.modules.batchnorm.BatchNorm1d'>.
FLOPs: 0.11799576 billion
Parameters: 0.151155 million
Latency: 22.23 ms
MACs: 0.05899788 billion
DEBUG OBJECTIVES: -8.783934034612333 0.11799576 -1027.334228515625
Using downloaded and verified file: /home/nisha/.medmnist/breastmnist.npz
Using downloaded and verified file: /home/nisha/.medmnist/breastmnist.npz
Using downloaded and verified file: /home/nisha/.medmnist/breastmnist.npz
[INFO] Register count_convNd() for <class 'torch.nn.modules.conv.Conv2d'>.
[INFO] Register count_normalization() for <class 'torch.nn.modules.batchnorm.BatchNorm2d'>.
[INFO] Register zero_ops() for <class 'torch.nn.modules.container.Sequential'>.
[INFO] Register zero_ops() for <class 'torch.nn.modules.activation.ReLU'>.
[INFO] Register count_avgpool() for <class 'torch.nn.modules.pooling.AvgPool2d'>.
[INFO] Register count_softmax() for <class 'torch.nn.modules.activation.Softmax'>.
[INFO] Register count_adap_avgpool() for <class 'torch.nn.modules.pooling.AdaptiveAvgPool2d'>.
[INFO] Register count_linear() for <class 'torch.nn.modules.linear.Linear'>.
[INFO] Register zero_ops() for <class 'torch.nn.modules.pooling.MaxPool2d'>.
[INFO] Register count_normalization() for <class 'torch.nn.modules.batchnorm.BatchNorm1d'>.
FLOPs: 0.15792968 billion
Parameters: 0.288217 million
Latency: 33.50 ms
MACs: 0.07896484 billion
DEBUG OBJECTIVES: -11.622041934764066 0.15792968 -1118.5469970703125
Using downloaded and verified file: /home/nisha/.medmnist/breastmnist.npz
Using downloaded and verified file: /home/nisha/.medmnist/breastmnist.npz
Using downloaded and verified file: /home/nisha/.medmnist/breastmnist.npz
[INFO] Register count_convNd() for <class 'torch.nn.modules.conv.Conv2d'>.
[INFO] Register count_normalization() for <class 'torch.nn.modules.batchnorm.BatchNorm2d'>.
[INFO] Register zero_ops() for <class 'torch.nn.modules.container.Sequential'>.
[INFO] Register zero_ops() for <class 'torch.nn.modules.activation.ReLU'>.
[INFO] Register count_avgpool() for <class 'torch.nn.modules.pooling.AvgPool2d'>.
[INFO] Register count_softmax() for <class 'torch.nn.modules.activation.Softmax'>.
[INFO] Register count_adap_avgpool() for <class 'torch.nn.modules.pooling.AdaptiveAvgPool2d'>.
[INFO] Register count_linear() for <class 'torch.nn.modules.linear.Linear'>.
[INFO] Register count_normalization() for <class 'torch.nn.modules.batchnorm.BatchNorm1d'>.
FLOPs: 0.1078136 billion
Parameters: 0.145053 million
Latency: 20.45 ms
MACs: 0.0539068 billion
DEBUG OBJECTIVES: -7.120006179971786 0.1078136 -912.0120239257812
Using downloaded and verified file: /home/nisha/.medmnist/breastmnist.npz
Using downloaded and verified file: /home/nisha/.medmnist/breastmnist.npz
Using downloaded and verified file: /home/nisha/.medmnist/breastmnist.npz
[INFO] Register count_convNd() for <class 'torch.nn.modules.conv.Conv2d'>.
[INFO] Register count_normalization() for <class 'torch.nn.modules.batchnorm.BatchNorm2d'>.
[INFO] Register zero_ops() for <class 'torch.nn.modules.container.Sequential'>.
[INFO] Register zero_ops() for <class 'torch.nn.modules.activation.ReLU'>.
[INFO] Register count_avgpool() for <class 'torch.nn.modules.pooling.AvgPool2d'>.
[INFO] Register count_linear() for <class 'torch.nn.modules.linear.Linear'>.
[INFO] Register count_normalization() for <class 'torch.nn.modules.batchnorm.BatchNorm1d'>.
[INFO] Register count_softmax() for <class 'torch.nn.modules.activation.Softmax'>.
[INFO] Register count_adap_avgpool() for <class 'torch.nn.modules.pooling.AdaptiveAvgPool2d'>.
FLOPs: 0.121236416 billion
Parameters: 0.160752 million
Latency: 15.90 ms
MACs: 0.060618208 billion
DEBUG OBJECTIVES: -6.7441537022271 0.121236416 -689.439453125
Using downloaded and verified file: /home/nisha/.medmnist/breastmnist.npz
Using downloaded and verified file: /home/nisha/.medmnist/breastmnist.npz
Using downloaded and verified file: /home/nisha/.medmnist/breastmnist.npz
[INFO] Register count_convNd() for <class 'torch.nn.modules.conv.Conv2d'>.
[INFO] Register count_normalization() for <class 'torch.nn.modules.batchnorm.BatchNorm2d'>.
[INFO] Register zero_ops() for <class 'torch.nn.modules.container.Sequential'>.
[INFO] Register zero_ops() for <class 'torch.nn.modules.activation.ReLU'>.
[INFO] Register count_avgpool() for <class 'torch.nn.modules.pooling.AvgPool2d'>.
[INFO] Register count_softmax() for <class 'torch.nn.modules.activation.Softmax'>.
[INFO] Register count_adap_avgpool() for <class 'torch.nn.modules.pooling.AdaptiveAvgPool2d'>.
[INFO] Register count_linear() for <class 'torch.nn.modules.linear.Linear'>.
[INFO] Register count_upsample() for <class 'torch.nn.modules.upsampling.Upsample'>.
FLOPs: 0.327754928 billion
Parameters: 0.697787 million
Latency: 36.98 ms
MACs: 0.163877464 billion
DEBUG OBJECTIVES: -15.081072486345391 0.327754928 -1823.1353759765625
Using downloaded and verified file: /home/nisha/.medmnist/breastmnist.npz
Using downloaded and verified file: /home/nisha/.medmnist/breastmnist.npz
Using downloaded and verified file: /home/nisha/.medmnist/breastmnist.npz
[INFO] Register count_convNd() for <class 'torch.nn.modules.conv.Conv2d'>.
[INFO] Register count_normalization() for <class 'torch.nn.modules.batchnorm.BatchNorm2d'>.
[INFO] Register zero_ops() for <class 'torch.nn.modules.container.Sequential'>.
[INFO] Register zero_ops() for <class 'torch.nn.modules.activation.ReLU'>.
[INFO] Register count_avgpool() for <class 'torch.nn.modules.pooling.AvgPool2d'>.
[INFO] Register count_upsample() for <class 'torch.nn.modules.upsampling.Upsample'>.
[INFO] Register zero_ops() for <class 'torch.nn.modules.pooling.MaxPool2d'>.
[INFO] Register count_softmax() for <class 'torch.nn.modules.activation.Softmax'>.
[INFO] Register count_adap_avgpool() for <class 'torch.nn.modules.pooling.AdaptiveAvgPool2d'>.
[INFO] Register count_linear() for <class 'torch.nn.modules.linear.Linear'>.
[INFO] Register count_normalization() for <class 'torch.nn.modules.batchnorm.BatchNorm1d'>.
FLOPs: 0.16828576 billion
Parameters: 0.258209 million
Latency: 33.96 ms
MACs: 0.08414288 billion
DEBUG OBJECTIVES: -10.561341832875334 0.16828576 -1572.9864501953125
Using downloaded and verified file: /home/nisha/.medmnist/breastmnist.npz
Using downloaded and verified file: /home/nisha/.medmnist/breastmnist.npz
Using downloaded and verified file: /home/nisha/.medmnist/breastmnist.npz
[INFO] Register count_convNd() for <class 'torch.nn.modules.conv.Conv2d'>.
[INFO] Register count_normalization() for <class 'torch.nn.modules.batchnorm.BatchNorm2d'>.
[INFO] Register zero_ops() for <class 'torch.nn.modules.container.Sequential'>.
[INFO] Register zero_ops() for <class 'torch.nn.modules.activation.ReLU'>.
[INFO] Register count_avgpool() for <class 'torch.nn.modules.pooling.AvgPool2d'>.
[INFO] Register count_softmax() for <class 'torch.nn.modules.activation.Softmax'>.
[INFO] Register count_adap_avgpool() for <class 'torch.nn.modules.pooling.AdaptiveAvgPool2d'>.
[INFO] Register count_linear() for <class 'torch.nn.modules.linear.Linear'>.
[INFO] Register count_normalization() for <class 'torch.nn.modules.batchnorm.BatchNorm1d'>.
FLOPs: 0.166627376 billion
Parameters: 0.293055 million
Latency: 33.38 ms
MACs: 0.083313688 billion
DEBUG OBJECTIVES: -14.045541609933355 0.166627376 -1699.5340576171875
Using downloaded and verified file: /home/nisha/.medmnist/breastmnist.npz
Using downloaded and verified file: /home/nisha/.medmnist/breastmnist.npz
Using downloaded and verified file: /home/nisha/.medmnist/breastmnist.npz
[INFO] Register count_convNd() for <class 'torch.nn.modules.conv.Conv2d'>.
[INFO] Register count_normalization() for <class 'torch.nn.modules.batchnorm.BatchNorm2d'>.
[INFO] Register zero_ops() for <class 'torch.nn.modules.container.Sequential'>.
[INFO] Register zero_ops() for <class 'torch.nn.modules.activation.ReLU'>.
[INFO] Register count_avgpool() for <class 'torch.nn.modules.pooling.AvgPool2d'>.
[INFO] Register count_softmax() for <class 'torch.nn.modules.activation.Softmax'>.
[INFO] Register count_adap_avgpool() for <class 'torch.nn.modules.pooling.AdaptiveAvgPool2d'>.
[INFO] Register count_linear() for <class 'torch.nn.modules.linear.Linear'>.
[INFO] Register zero_ops() for <class 'torch.nn.modules.pooling.MaxPool2d'>.
FLOPs: 0.18120808 billion
Parameters: 0.311031 million
Latency: 34.00 ms
MACs: 0.09060404 billion
DEBUG OBJECTIVES: -12.82519883353787 0.18120808 -1761.8541259765625
Using downloaded and verified file: /home/nisha/.medmnist/breastmnist.npz
Using downloaded and verified file: /home/nisha/.medmnist/breastmnist.npz
Using downloaded and verified file: /home/nisha/.medmnist/breastmnist.npz
[INFO] Register count_convNd() for <class 'torch.nn.modules.conv.Conv2d'>.
[INFO] Register count_normalization() for <class 'torch.nn.modules.batchnorm.BatchNorm2d'>.
[INFO] Register zero_ops() for <class 'torch.nn.modules.container.Sequential'>.
[INFO] Register zero_ops() for <class 'torch.nn.modules.activation.ReLU'>.
[INFO] Register count_avgpool() for <class 'torch.nn.modules.pooling.AvgPool2d'>.
[INFO] Register count_softmax() for <class 'torch.nn.modules.activation.Softmax'>.
[INFO] Register count_adap_avgpool() for <class 'torch.nn.modules.pooling.AdaptiveAvgPool2d'>.
[INFO] Register count_linear() for <class 'torch.nn.modules.linear.Linear'>.
[INFO] Register count_upsample() for <class 'torch.nn.modules.upsampling.Upsample'>.
[INFO] Register count_normalization() for <class 'torch.nn.modules.batchnorm.BatchNorm1d'>.
FLOPs: 0.236725616 billion
Parameters: 0.446365 million
Latency: 36.64 ms
MACs: 0.118362808 billion
DEBUG OBJECTIVES: -14.589536747876886 0.236725616 -1891.700439453125
Using downloaded and verified file: /home/nisha/.medmnist/breastmnist.npz
Using downloaded and verified file: /home/nisha/.medmnist/breastmnist.npz
Using downloaded and verified file: /home/nisha/.medmnist/breastmnist.npz
[INFO] Register count_convNd() for <class 'torch.nn.modules.conv.Conv2d'>.
[INFO] Register count_normalization() for <class 'torch.nn.modules.batchnorm.BatchNorm2d'>.
[INFO] Register zero_ops() for <class 'torch.nn.modules.container.Sequential'>.
[INFO] Register zero_ops() for <class 'torch.nn.modules.activation.ReLU'>.
[INFO] Register count_avgpool() for <class 'torch.nn.modules.pooling.AvgPool2d'>.
[INFO] Register count_softmax() for <class 'torch.nn.modules.activation.Softmax'>.
[INFO] Register count_adap_avgpool() for <class 'torch.nn.modules.pooling.AdaptiveAvgPool2d'>.
[INFO] Register count_linear() for <class 'torch.nn.modules.linear.Linear'>.
[INFO] Register count_normalization() for <class 'torch.nn.modules.batchnorm.BatchNorm1d'>.
FLOPs: 0.180794144 billion
Parameters: 0.314155 million
Latency: 36.96 ms
MACs: 0.090397072 billion
DEBUG OBJECTIVES: -10.374975494002944 0.180794144 -1796.476806640625
Using downloaded and verified file: /home/nisha/.medmnist/breastmnist.npz
Using downloaded and verified file: /home/nisha/.medmnist/breastmnist.npz
Using downloaded and verified file: /home/nisha/.medmnist/breastmnist.npz
[INFO] Register count_convNd() for <class 'torch.nn.modules.conv.Conv2d'>.
[INFO] Register count_normalization() for <class 'torch.nn.modules.batchnorm.BatchNorm2d'>.
[INFO] Register zero_ops() for <class 'torch.nn.modules.container.Sequential'>.
[INFO] Register zero_ops() for <class 'torch.nn.modules.activation.ReLU'>.
[INFO] Register count_avgpool() for <class 'torch.nn.modules.pooling.AvgPool2d'>.
[INFO] Register count_upsample() for <class 'torch.nn.modules.upsampling.Upsample'>.
[INFO] Register count_linear() for <class 'torch.nn.modules.linear.Linear'>.
[INFO] Register count_softmax() for <class 'torch.nn.modules.activation.Softmax'>.
[INFO] Register count_normalization() for <class 'torch.nn.modules.batchnorm.BatchNorm1d'>.
[INFO] Register count_adap_avgpool() for <class 'torch.nn.modules.pooling.AdaptiveAvgPool2d'>.
FLOPs: 0.221143296 billion
Parameters: 0.45739 million
Latency: 15.90 ms
MACs: 0.110571648 billion
DEBUG OBJECTIVES: -6.914948374397708 0.221143296 -802.8836669921875
Using downloaded and verified file: /home/nisha/.medmnist/breastmnist.npz
Using downloaded and verified file: /home/nisha/.medmnist/breastmnist.npz
Using downloaded and verified file: /home/nisha/.medmnist/breastmnist.npz
[INFO] Register count_convNd() for <class 'torch.nn.modules.conv.Conv2d'>.
[INFO] Register count_normalization() for <class 'torch.nn.modules.batchnorm.BatchNorm2d'>.
[INFO] Register zero_ops() for <class 'torch.nn.modules.container.Sequential'>.
[INFO] Register zero_ops() for <class 'torch.nn.modules.activation.ReLU'>.
[INFO] Register count_avgpool() for <class 'torch.nn.modules.pooling.AvgPool2d'>.
[INFO] Register count_linear() for <class 'torch.nn.modules.linear.Linear'>.
[INFO] Register count_normalization() for <class 'torch.nn.modules.batchnorm.BatchNorm1d'>.
[INFO] Register count_adap_avgpool() for <class 'torch.nn.modules.pooling.AdaptiveAvgPool2d'>.
FLOPs: 0.064013888 billion
Parameters: 0.087952 million
Latency: 12.92 ms
MACs: 0.032006944 billion
DEBUG OBJECTIVES: -6.162708234847977 0.064013888 -596.33056640625
Using downloaded and verified file: /home/nisha/.medmnist/breastmnist.npz
Using downloaded and verified file: /home/nisha/.medmnist/breastmnist.npz
Using downloaded and verified file: /home/nisha/.medmnist/breastmnist.npz
[INFO] Register count_convNd() for <class 'torch.nn.modules.conv.Conv2d'>.
[INFO] Register count_normalization() for <class 'torch.nn.modules.batchnorm.BatchNorm2d'>.
[INFO] Register zero_ops() for <class 'torch.nn.modules.container.Sequential'>.
[INFO] Register zero_ops() for <class 'torch.nn.modules.activation.ReLU'>.
[INFO] Register count_avgpool() for <class 'torch.nn.modules.pooling.AvgPool2d'>.
[INFO] Register count_softmax() for <class 'torch.nn.modules.activation.Softmax'>.
[INFO] Register count_adap_avgpool() for <class 'torch.nn.modules.pooling.AdaptiveAvgPool2d'>.
[INFO] Register count_linear() for <class 'torch.nn.modules.linear.Linear'>.
FLOPs: 0.230696736 billion
Parameters: 0.435607 million
Latency: 36.79 ms
MACs: 0.115348368 billion
DEBUG OBJECTIVES: -14.215806652275425 0.230696736 -1958.0577392578125
     9 |      180 |     20 |  0.0789521010 |         nadir
Using downloaded and verified file: /home/nisha/.medmnist/breastmnist.npz
Using downloaded and verified file: /home/nisha/.medmnist/breastmnist.npz
Using downloaded and verified file: /home/nisha/.medmnist/breastmnist.npz
[INFO] Register count_convNd() for <class 'torch.nn.modules.conv.Conv2d'>.
[INFO] Register count_normalization() for <class 'torch.nn.modules.batchnorm.BatchNorm2d'>.
[INFO] Register zero_ops() for <class 'torch.nn.modules.container.Sequential'>.
[INFO] Register zero_ops() for <class 'torch.nn.modules.activation.ReLU'>.
[INFO] Register count_avgpool() for <class 'torch.nn.modules.pooling.AvgPool2d'>.
[INFO] Register count_softmax() for <class 'torch.nn.modules.activation.Softmax'>.
[INFO] Register count_adap_avgpool() for <class 'torch.nn.modules.pooling.AdaptiveAvgPool2d'>.
[INFO] Register count_linear() for <class 'torch.nn.modules.linear.Linear'>.
[INFO] Register zero_ops() for <class 'torch.nn.modules.pooling.MaxPool2d'>.
[INFO] Register count_normalization() for <class 'torch.nn.modules.batchnorm.BatchNorm1d'>.
FLOPs: 0.107062592 billion
Parameters: 0.145685 million
Latency: 19.94 ms
MACs: 0.053531296 billion
DEBUG OBJECTIVES: -8.680629443163483 0.107062592 -966.21044921875
Using downloaded and verified file: /home/nisha/.medmnist/breastmnist.npz
Using downloaded and verified file: /home/nisha/.medmnist/breastmnist.npz
Using downloaded and verified file: /home/nisha/.medmnist/breastmnist.npz
[INFO] Register count_convNd() for <class 'torch.nn.modules.conv.Conv2d'>.
[INFO] Register count_normalization() for <class 'torch.nn.modules.batchnorm.BatchNorm2d'>.
[INFO] Register zero_ops() for <class 'torch.nn.modules.container.Sequential'>.
[INFO] Register zero_ops() for <class 'torch.nn.modules.activation.ReLU'>.
[INFO] Register count_avgpool() for <class 'torch.nn.modules.pooling.AvgPool2d'>.
[INFO] Register count_softmax() for <class 'torch.nn.modules.activation.Softmax'>.
[INFO] Register count_adap_avgpool() for <class 'torch.nn.modules.pooling.AdaptiveAvgPool2d'>.
[INFO] Register count_linear() for <class 'torch.nn.modules.linear.Linear'>.
[INFO] Register count_upsample() for <class 'torch.nn.modules.upsampling.Upsample'>.
[INFO] Register count_normalization() for <class 'torch.nn.modules.batchnorm.BatchNorm1d'>.
FLOPs: 0.290602384 billion
Parameters: 0.601349 million
Latency: 37.88 ms
MACs: 0.145301192 billion
DEBUG OBJECTIVES: -12.97880024922153 0.290602384 -1101.9862060546875
Using downloaded and verified file: /home/nisha/.medmnist/breastmnist.npz
Using downloaded and verified file: /home/nisha/.medmnist/breastmnist.npz
Using downloaded and verified file: /home/nisha/.medmnist/breastmnist.npz
[INFO] Register count_convNd() for <class 'torch.nn.modules.conv.Conv2d'>.
[INFO] Register count_normalization() for <class 'torch.nn.modules.batchnorm.BatchNorm2d'>.
[INFO] Register zero_ops() for <class 'torch.nn.modules.container.Sequential'>.
[INFO] Register zero_ops() for <class 'torch.nn.modules.activation.ReLU'>.
[INFO] Register count_avgpool() for <class 'torch.nn.modules.pooling.AvgPool2d'>.
[INFO] Register count_softmax() for <class 'torch.nn.modules.activation.Softmax'>.
[INFO] Register count_adap_avgpool() for <class 'torch.nn.modules.pooling.AdaptiveAvgPool2d'>.
[INFO] Register count_linear() for <class 'torch.nn.modules.linear.Linear'>.
[INFO] Register zero_ops() for <class 'torch.nn.modules.pooling.MaxPool2d'>.
[INFO] Register count_normalization() for <class 'torch.nn.modules.batchnorm.BatchNorm1d'>.
FLOPs: 0.176195152 billion
Parameters: 0.313945 million
Latency: 37.32 ms
MACs: 0.088097576 billion
DEBUG OBJECTIVES: -12.78394411775856 0.176195152 -1830.1298828125
Using downloaded and verified file: /home/nisha/.medmnist/breastmnist.npz
Using downloaded and verified file: /home/nisha/.medmnist/breastmnist.npz
Using downloaded and verified file: /home/nisha/.medmnist/breastmnist.npz
[INFO] Register count_convNd() for <class 'torch.nn.modules.conv.Conv2d'>.
[INFO] Register count_normalization() for <class 'torch.nn.modules.batchnorm.BatchNorm2d'>.
[INFO] Register zero_ops() for <class 'torch.nn.modules.container.Sequential'>.
[INFO] Register zero_ops() for <class 'torch.nn.modules.activation.ReLU'>.
[INFO] Register count_avgpool() for <class 'torch.nn.modules.pooling.AvgPool2d'>.
[INFO] Register count_linear() for <class 'torch.nn.modules.linear.Linear'>.
[INFO] Register count_normalization() for <class 'torch.nn.modules.batchnorm.BatchNorm1d'>.
[INFO] Register count_softmax() for <class 'torch.nn.modules.activation.Softmax'>.
[INFO] Register count_adap_avgpool() for <class 'torch.nn.modules.pooling.AdaptiveAvgPool2d'>.
FLOPs: 0.07539808 billion
Parameters: 0.11368 million
Latency: 17.09 ms
MACs: 0.03769904 billion
DEBUG OBJECTIVES: -8.117355358977548 0.07539808 -775.3117065429688
Using downloaded and verified file: /home/nisha/.medmnist/breastmnist.npz
Using downloaded and verified file: /home/nisha/.medmnist/breastmnist.npz
Using downloaded and verified file: /home/nisha/.medmnist/breastmnist.npz
[INFO] Register count_convNd() for <class 'torch.nn.modules.conv.Conv2d'>.
[INFO] Register count_normalization() for <class 'torch.nn.modules.batchnorm.BatchNorm2d'>.
[INFO] Register zero_ops() for <class 'torch.nn.modules.container.Sequential'>.
[INFO] Register zero_ops() for <class 'torch.nn.modules.activation.ReLU'>.
[INFO] Register count_avgpool() for <class 'torch.nn.modules.pooling.AvgPool2d'>.
[INFO] Register count_softmax() for <class 'torch.nn.modules.activation.Softmax'>.
[INFO] Register count_adap_avgpool() for <class 'torch.nn.modules.pooling.AdaptiveAvgPool2d'>.
[INFO] Register count_linear() for <class 'torch.nn.modules.linear.Linear'>.
[INFO] Register zero_ops() for <class 'torch.nn.modules.pooling.MaxPool2d'>.
[INFO] Register count_normalization() for <class 'torch.nn.modules.batchnorm.BatchNorm1d'>.
FLOPs: 0.156668112 billion
Parameters: 0.287209 million
Latency: 32.74 ms
MACs: 0.078334056 billion
DEBUG OBJECTIVES: -12.705904229699275 0.156668112 -1656.4918212890625
Using downloaded and verified file: /home/nisha/.medmnist/breastmnist.npz
Using downloaded and verified file: /home/nisha/.medmnist/breastmnist.npz
Using downloaded and verified file: /home/nisha/.medmnist/breastmnist.npz
[INFO] Register count_convNd() for <class 'torch.nn.modules.conv.Conv2d'>.
[INFO] Register count_normalization() for <class 'torch.nn.modules.batchnorm.BatchNorm2d'>.
[INFO] Register zero_ops() for <class 'torch.nn.modules.container.Sequential'>.
[INFO] Register zero_ops() for <class 'torch.nn.modules.activation.ReLU'>.
[INFO] Register count_avgpool() for <class 'torch.nn.modules.pooling.AvgPool2d'>.
[INFO] Register count_softmax() for <class 'torch.nn.modules.activation.Softmax'>.
[INFO] Register count_adap_avgpool() for <class 'torch.nn.modules.pooling.AdaptiveAvgPool2d'>.
[INFO] Register count_linear() for <class 'torch.nn.modules.linear.Linear'>.
[INFO] Register count_upsample() for <class 'torch.nn.modules.upsampling.Upsample'>.
[INFO] Register count_normalization() for <class 'torch.nn.modules.batchnorm.BatchNorm1d'>.
FLOPs: 0.232142256 billion
Parameters: 0.448973 million
Latency: 38.56 ms
MACs: 0.116071128 billion
DEBUG OBJECTIVES: -15.354516882072605 0.232142256 -1875.0162353515625
Using downloaded and verified file: /home/nisha/.medmnist/breastmnist.npz
Using downloaded and verified file: /home/nisha/.medmnist/breastmnist.npz
Using downloaded and verified file: /home/nisha/.medmnist/breastmnist.npz
[INFO] Register count_convNd() for <class 'torch.nn.modules.conv.Conv2d'>.
[INFO] Register count_normalization() for <class 'torch.nn.modules.batchnorm.BatchNorm2d'>.
[INFO] Register zero_ops() for <class 'torch.nn.modules.container.Sequential'>.
[INFO] Register zero_ops() for <class 'torch.nn.modules.activation.ReLU'>.
[INFO] Register count_avgpool() for <class 'torch.nn.modules.pooling.AvgPool2d'>.
[INFO] Register count_softmax() for <class 'torch.nn.modules.activation.Softmax'>.
[INFO] Register count_adap_avgpool() for <class 'torch.nn.modules.pooling.AdaptiveAvgPool2d'>.
[INFO] Register count_linear() for <class 'torch.nn.modules.linear.Linear'>.
[INFO] Register count_upsample() for <class 'torch.nn.modules.upsampling.Upsample'>.
FLOPs: 0.237425952 billion
Parameters: 0.487913 million
Latency: 35.41 ms
MACs: 0.118712976 billion
DEBUG OBJECTIVES: -18.06647035905069 0.237425952 -1901.0426025390625
Using downloaded and verified file: /home/nisha/.medmnist/breastmnist.npz
Using downloaded and verified file: /home/nisha/.medmnist/breastmnist.npz
Using downloaded and verified file: /home/nisha/.medmnist/breastmnist.npz
[INFO] Register count_convNd() for <class 'torch.nn.modules.conv.Conv2d'>.
[INFO] Register count_normalization() for <class 'torch.nn.modules.batchnorm.BatchNorm2d'>.
[INFO] Register zero_ops() for <class 'torch.nn.modules.container.Sequential'>.
[INFO] Register zero_ops() for <class 'torch.nn.modules.activation.ReLU'>.
[INFO] Register count_avgpool() for <class 'torch.nn.modules.pooling.AvgPool2d'>.
[INFO] Register count_softmax() for <class 'torch.nn.modules.activation.Softmax'>.
[INFO] Register count_adap_avgpool() for <class 'torch.nn.modules.pooling.AdaptiveAvgPool2d'>.
[INFO] Register count_linear() for <class 'torch.nn.modules.linear.Linear'>.
[INFO] Register zero_ops() for <class 'torch.nn.modules.pooling.MaxPool2d'>.
[INFO] Register count_normalization() for <class 'torch.nn.modules.batchnorm.BatchNorm1d'>.
FLOPs: 0.156543856 billion
Parameters: 0.287185 million
Latency: 33.47 ms
MACs: 0.078271928 billion
DEBUG OBJECTIVES: -15.660330048735078 0.156543856 -1696.873291015625
Using downloaded and verified file: /home/nisha/.medmnist/breastmnist.npz
Using downloaded and verified file: /home/nisha/.medmnist/breastmnist.npz
Using downloaded and verified file: /home/nisha/.medmnist/breastmnist.npz
[INFO] Register count_convNd() for <class 'torch.nn.modules.conv.Conv2d'>.
[INFO] Register count_normalization() for <class 'torch.nn.modules.batchnorm.BatchNorm2d'>.
[INFO] Register zero_ops() for <class 'torch.nn.modules.container.Sequential'>.
[INFO] Register zero_ops() for <class 'torch.nn.modules.activation.ReLU'>.
[INFO] Register count_avgpool() for <class 'torch.nn.modules.pooling.AvgPool2d'>.
[INFO] Register count_softmax() for <class 'torch.nn.modules.activation.Softmax'>.
[INFO] Register count_adap_avgpool() for <class 'torch.nn.modules.pooling.AdaptiveAvgPool2d'>.
[INFO] Register count_linear() for <class 'torch.nn.modules.linear.Linear'>.
[INFO] Register count_normalization() for <class 'torch.nn.modules.batchnorm.BatchNorm1d'>.
FLOPs: 0.178011568 billion
Parameters: 0.318783 million
Latency: 41.16 ms
MACs: 0.089005784 billion
DEBUG OBJECTIVES: -15.546480105265001 0.178011568 -1826.386474609375
Using downloaded and verified file: /home/nisha/.medmnist/breastmnist.npz
Using downloaded and verified file: /home/nisha/.medmnist/breastmnist.npz
Using downloaded and verified file: /home/nisha/.medmnist/breastmnist.npz
[INFO] Register count_convNd() for <class 'torch.nn.modules.conv.Conv2d'>.
[INFO] Register count_normalization() for <class 'torch.nn.modules.batchnorm.BatchNorm2d'>.
[INFO] Register zero_ops() for <class 'torch.nn.modules.container.Sequential'>.
[INFO] Register zero_ops() for <class 'torch.nn.modules.activation.ReLU'>.
[INFO] Register count_avgpool() for <class 'torch.nn.modules.pooling.AvgPool2d'>.
[INFO] Register count_softmax() for <class 'torch.nn.modules.activation.Softmax'>.
[INFO] Register count_adap_avgpool() for <class 'torch.nn.modules.pooling.AdaptiveAvgPool2d'>.
[INFO] Register count_linear() for <class 'torch.nn.modules.linear.Linear'>.
FLOPs: 0.228579328 billion
Parameters: 0.430959 million
Latency: 36.06 ms
MACs: 0.114289664 billion
DEBUG OBJECTIVES: -15.48073788349863 0.228579328 -1907.8248291015625
Using downloaded and verified file: /home/nisha/.medmnist/breastmnist.npz
Using downloaded and verified file: /home/nisha/.medmnist/breastmnist.npz
Using downloaded and verified file: /home/nisha/.medmnist/breastmnist.npz
[INFO] Register count_convNd() for <class 'torch.nn.modules.conv.Conv2d'>.
[INFO] Register count_normalization() for <class 'torch.nn.modules.batchnorm.BatchNorm2d'>.
[INFO] Register zero_ops() for <class 'torch.nn.modules.container.Sequential'>.
[INFO] Register zero_ops() for <class 'torch.nn.modules.activation.ReLU'>.
[INFO] Register count_avgpool() for <class 'torch.nn.modules.pooling.AvgPool2d'>.
[INFO] Register count_upsample() for <class 'torch.nn.modules.upsampling.Upsample'>.
[INFO] Register count_linear() for <class 'torch.nn.modules.linear.Linear'>.
[INFO] Register count_normalization() for <class 'torch.nn.modules.batchnorm.BatchNorm1d'>.
[INFO] Register count_softmax() for <class 'torch.nn.modules.activation.Softmax'>.
[INFO] Register count_adap_avgpool() for <class 'torch.nn.modules.pooling.AdaptiveAvgPool2d'>.
FLOPs: 0.342866688 billion
Parameters: 0.650154 million
Latency: 35.43 ms
MACs: 0.171433344 billion
DEBUG OBJECTIVES: -11.339268143341382 0.342866688 -1670.0325927734375
Using downloaded and verified file: /home/nisha/.medmnist/breastmnist.npz
Using downloaded and verified file: /home/nisha/.medmnist/breastmnist.npz
Using downloaded and verified file: /home/nisha/.medmnist/breastmnist.npz
[INFO] Register count_convNd() for <class 'torch.nn.modules.conv.Conv2d'>.
[INFO] Register count_normalization() for <class 'torch.nn.modules.batchnorm.BatchNorm2d'>.
[INFO] Register zero_ops() for <class 'torch.nn.modules.container.Sequential'>.
[INFO] Register zero_ops() for <class 'torch.nn.modules.activation.ReLU'>.
[INFO] Register count_avgpool() for <class 'torch.nn.modules.pooling.AvgPool2d'>.
[INFO] Register count_softmax() for <class 'torch.nn.modules.activation.Softmax'>.
[INFO] Register count_adap_avgpool() for <class 'torch.nn.modules.pooling.AdaptiveAvgPool2d'>.
[INFO] Register count_linear() for <class 'torch.nn.modules.linear.Linear'>.
[INFO] Register count_upsample() for <class 'torch.nn.modules.upsampling.Upsample'>.
[INFO] Register count_normalization() for <class 'torch.nn.modules.batchnorm.BatchNorm1d'>.
FLOPs: 0.286176896 billion
Parameters: 0.599039 million
Latency: 38.40 ms
MACs: 0.143088448 billion
DEBUG OBJECTIVES: -13.471917871863047 0.286176896 -1887.774169921875
Using downloaded and verified file: /home/nisha/.medmnist/breastmnist.npz
Using downloaded and verified file: /home/nisha/.medmnist/breastmnist.npz
Using downloaded and verified file: /home/nisha/.medmnist/breastmnist.npz
[INFO] Register count_convNd() for <class 'torch.nn.modules.conv.Conv2d'>.
[INFO] Register count_normalization() for <class 'torch.nn.modules.batchnorm.BatchNorm2d'>.
[INFO] Register zero_ops() for <class 'torch.nn.modules.container.Sequential'>.
[INFO] Register zero_ops() for <class 'torch.nn.modules.activation.ReLU'>.
[INFO] Register count_avgpool() for <class 'torch.nn.modules.pooling.AvgPool2d'>.
[INFO] Register count_softmax() for <class 'torch.nn.modules.activation.Softmax'>.
[INFO] Register count_adap_avgpool() for <class 'torch.nn.modules.pooling.AdaptiveAvgPool2d'>.
[INFO] Register count_linear() for <class 'torch.nn.modules.linear.Linear'>.
[INFO] Register count_normalization() for <class 'torch.nn.modules.batchnorm.BatchNorm1d'>.
FLOPs: 0.126079072 billion
Parameters: 0.170781 million
Latency: 24.12 ms
MACs: 0.063039536 billion
DEBUG OBJECTIVES: -9.361786125808797 0.126079072 -1090.9385986328125
Using downloaded and verified file: /home/nisha/.medmnist/breastmnist.npz
Using downloaded and verified file: /home/nisha/.medmnist/breastmnist.npz
Using downloaded and verified file: /home/nisha/.medmnist/breastmnist.npz
[INFO] Register count_convNd() for <class 'torch.nn.modules.conv.Conv2d'>.
[INFO] Register count_normalization() for <class 'torch.nn.modules.batchnorm.BatchNorm2d'>.
[INFO] Register zero_ops() for <class 'torch.nn.modules.container.Sequential'>.
[INFO] Register zero_ops() for <class 'torch.nn.modules.activation.ReLU'>.
[INFO] Register zero_ops() for <class 'torch.nn.modules.pooling.MaxPool2d'>.
[INFO] Register count_linear() for <class 'torch.nn.modules.linear.Linear'>.
[INFO] Register count_normalization() for <class 'torch.nn.modules.batchnorm.BatchNorm1d'>.
[INFO] Register count_softmax() for <class 'torch.nn.modules.activation.Softmax'>.
[INFO] Register count_avgpool() for <class 'torch.nn.modules.pooling.AvgPool2d'>.
[INFO] Register count_adap_avgpool() for <class 'torch.nn.modules.pooling.AdaptiveAvgPool2d'>.
FLOPs: 0.092312416 billion
Parameters: 0.183754 million
Latency: 13.63 ms
MACs: 0.046156208 billion
DEBUG OBJECTIVES: -8.742046519397345 0.092312416 -706.5333251953125
Using downloaded and verified file: /home/nisha/.medmnist/breastmnist.npz
Using downloaded and verified file: /home/nisha/.medmnist/breastmnist.npz
Using downloaded and verified file: /home/nisha/.medmnist/breastmnist.npz
[INFO] Register count_convNd() for <class 'torch.nn.modules.conv.Conv2d'>.
[INFO] Register count_normalization() for <class 'torch.nn.modules.batchnorm.BatchNorm2d'>.
[INFO] Register zero_ops() for <class 'torch.nn.modules.container.Sequential'>.
[INFO] Register zero_ops() for <class 'torch.nn.modules.activation.ReLU'>.
[INFO] Register count_avgpool() for <class 'torch.nn.modules.pooling.AvgPool2d'>.
[INFO] Register count_upsample() for <class 'torch.nn.modules.upsampling.Upsample'>.
[INFO] Register zero_ops() for <class 'torch.nn.modules.pooling.MaxPool2d'>.
[INFO] Register count_softmax() for <class 'torch.nn.modules.activation.Softmax'>.
[INFO] Register count_adap_avgpool() for <class 'torch.nn.modules.pooling.AdaptiveAvgPool2d'>.
[INFO] Register count_linear() for <class 'torch.nn.modules.linear.Linear'>.
[INFO] Register count_normalization() for <class 'torch.nn.modules.batchnorm.BatchNorm1d'>.
FLOPs: 0.280618816 billion
Parameters: 0.528381 million
Latency: 35.92 ms
MACs: 0.140309408 billion
DEBUG OBJECTIVES: -14.939980220979312 0.280618816 -1673.1998291015625
Using downloaded and verified file: /home/nisha/.medmnist/breastmnist.npz
Using downloaded and verified file: /home/nisha/.medmnist/breastmnist.npz
Using downloaded and verified file: /home/nisha/.medmnist/breastmnist.npz
[INFO] Register count_convNd() for <class 'torch.nn.modules.conv.Conv2d'>.
[INFO] Register count_normalization() for <class 'torch.nn.modules.batchnorm.BatchNorm2d'>.
[INFO] Register zero_ops() for <class 'torch.nn.modules.container.Sequential'>.
[INFO] Register zero_ops() for <class 'torch.nn.modules.activation.ReLU'>.
[INFO] Register count_avgpool() for <class 'torch.nn.modules.pooling.AvgPool2d'>.
[INFO] Register count_upsample() for <class 'torch.nn.modules.upsampling.Upsample'>.
[INFO] Register count_linear() for <class 'torch.nn.modules.linear.Linear'>.
[INFO] Register count_normalization() for <class 'torch.nn.modules.batchnorm.BatchNorm1d'>.
[INFO] Register count_softmax() for <class 'torch.nn.modules.activation.Softmax'>.
[INFO] Register count_adap_avgpool() for <class 'torch.nn.modules.pooling.AdaptiveAvgPool2d'>.
FLOPs: 0.433099072 billion
Parameters: 0.862824 million
Latency: 36.19 ms
MACs: 0.216549536 billion
DEBUG OBJECTIVES: -14.938748134098294 0.433099072 -1773.7567138671875
Using downloaded and verified file: /home/nisha/.medmnist/breastmnist.npz
Using downloaded and verified file: /home/nisha/.medmnist/breastmnist.npz
Using downloaded and verified file: /home/nisha/.medmnist/breastmnist.npz
[INFO] Register count_convNd() for <class 'torch.nn.modules.conv.Conv2d'>.
[INFO] Register count_normalization() for <class 'torch.nn.modules.batchnorm.BatchNorm2d'>.
[INFO] Register zero_ops() for <class 'torch.nn.modules.container.Sequential'>.
[INFO] Register zero_ops() for <class 'torch.nn.modules.activation.ReLU'>.
[INFO] Register count_avgpool() for <class 'torch.nn.modules.pooling.AvgPool2d'>.
[INFO] Register count_softmax() for <class 'torch.nn.modules.activation.Softmax'>.
[INFO] Register count_adap_avgpool() for <class 'torch.nn.modules.pooling.AdaptiveAvgPool2d'>.
[INFO] Register count_linear() for <class 'torch.nn.modules.linear.Linear'>.
[INFO] Register count_normalization() for <class 'torch.nn.modules.batchnorm.BatchNorm1d'>.
FLOPs: 0.189551376 billion
Parameters: 0.300375 million
Latency: 36.43 ms
MACs: 0.094775688 billion
DEBUG OBJECTIVES: -14.061308907498155 0.189551376 -1740.1317138671875
Using downloaded and verified file: /home/nisha/.medmnist/breastmnist.npz
Using downloaded and verified file: /home/nisha/.medmnist/breastmnist.npz
Using downloaded and verified file: /home/nisha/.medmnist/breastmnist.npz
[INFO] Register count_convNd() for <class 'torch.nn.modules.conv.Conv2d'>.
[INFO] Register count_normalization() for <class 'torch.nn.modules.batchnorm.BatchNorm2d'>.
[INFO] Register zero_ops() for <class 'torch.nn.modules.container.Sequential'>.
[INFO] Register zero_ops() for <class 'torch.nn.modules.activation.ReLU'>.
[INFO] Register count_avgpool() for <class 'torch.nn.modules.pooling.AvgPool2d'>.
[INFO] Register count_upsample() for <class 'torch.nn.modules.upsampling.Upsample'>.
[INFO] Register count_linear() for <class 'torch.nn.modules.linear.Linear'>.
[INFO] Register count_softmax() for <class 'torch.nn.modules.activation.Softmax'>.
[INFO] Register count_normalization() for <class 'torch.nn.modules.batchnorm.BatchNorm1d'>.
[INFO] Register count_adap_avgpool() for <class 'torch.nn.modules.pooling.AdaptiveAvgPool2d'>.
FLOPs: 0.188071328 billion
Parameters: 0.384068 million
Latency: 17.83 ms
MACs: 0.094035664 billion
DEBUG OBJECTIVES: -7.28186415591233 0.188071328 -824.9906005859375
Using downloaded and verified file: /home/nisha/.medmnist/breastmnist.npz
Using downloaded and verified file: /home/nisha/.medmnist/breastmnist.npz
Using downloaded and verified file: /home/nisha/.medmnist/breastmnist.npz
[INFO] Register count_convNd() for <class 'torch.nn.modules.conv.Conv2d'>.
[INFO] Register count_normalization() for <class 'torch.nn.modules.batchnorm.BatchNorm2d'>.
[INFO] Register zero_ops() for <class 'torch.nn.modules.container.Sequential'>.
[INFO] Register zero_ops() for <class 'torch.nn.modules.activation.ReLU'>.
[INFO] Register count_linear() for <class 'torch.nn.modules.linear.Linear'>.
[INFO] Register count_normalization() for <class 'torch.nn.modules.batchnorm.BatchNorm1d'>.
[INFO] Register count_softmax() for <class 'torch.nn.modules.activation.Softmax'>.
[INFO] Register count_adap_avgpool() for <class 'torch.nn.modules.pooling.AdaptiveAvgPool2d'>.
[INFO] Register count_avgpool() for <class 'torch.nn.modules.pooling.AvgPool2d'>.
FLOPs: 0.137936752 billion
Parameters: 0.158925 million
Latency: 25.00 ms
MACs: 0.068968376 billion
DEBUG OBJECTIVES: -9.493882783798746 0.137936752 -1092.712158203125
Using downloaded and verified file: /home/nisha/.medmnist/breastmnist.npz
Using downloaded and verified file: /home/nisha/.medmnist/breastmnist.npz
Using downloaded and verified file: /home/nisha/.medmnist/breastmnist.npz
[INFO] Register count_convNd() for <class 'torch.nn.modules.conv.Conv2d'>.
[INFO] Register count_normalization() for <class 'torch.nn.modules.batchnorm.BatchNorm2d'>.
[INFO] Register zero_ops() for <class 'torch.nn.modules.container.Sequential'>.
[INFO] Register zero_ops() for <class 'torch.nn.modules.activation.ReLU'>.
[INFO] Register count_avgpool() for <class 'torch.nn.modules.pooling.AvgPool2d'>.
[INFO] Register count_upsample() for <class 'torch.nn.modules.upsampling.Upsample'>.
[INFO] Register count_softmax() for <class 'torch.nn.modules.activation.Softmax'>.
[INFO] Register count_adap_avgpool() for <class 'torch.nn.modules.pooling.AdaptiveAvgPool2d'>.
[INFO] Register count_linear() for <class 'torch.nn.modules.linear.Linear'>.
FLOPs: 0.391133648 billion
Parameters: 0.868626 million
Latency: 32.40 ms
MACs: 0.195566824 billion
DEBUG OBJECTIVES: -12.796059947901007 0.391133648 -1725.507568359375
    10 |      200 |     20 |  0.0257559499 |         nadir

NSGA-II Pareto objective values:
[[-1.50109833e+01  2.30696736e-01 -1.97227637e+03]
 [-1.88520025e+01  4.39779136e-01 -1.70266968e+03]
 [-6.09732779e+00  5.53161920e-02 -5.71450134e+02]
 [-1.56603300e+01  1.56543856e-01 -1.69687329e+03]
 [-1.84325275e+01  3.27705776e-01 -1.84695813e+03]
 [-9.12538336e+00  1.26079072e-01 -1.12254053e+03]
 [-1.19072857e+01  1.11156800e-01 -8.35421326e+02]
 [-1.80664704e+01  2.37425952e-01 -1.90104260e+03]
 [-1.76273917e+01  1.81761616e-01 -1.79551465e+03]
 [-8.68062944e+00  1.07062592e-01 -9.66210449e+02]
 [-9.82289068e+00  9.23124160e-02 -6.80553467e+02]
 [-7.21514134e+00  5.87819200e-02 -6.69532166e+02]
 [-1.43680310e+01  2.00571216e-01 -1.93395532e+03]
 [-8.11735536e+00  7.53980800e-02 -7.75311707e+02]
 [-1.30120917e+01  1.92302512e-01 -1.92322217e+03]
 [-7.77057634e+00  6.85168000e-02 -7.63096008e+02]
 [-1.40455416e+01  1.66627376e-01 -1.69953406e+03]
 [-9.36178613e+00  1.26079072e-01 -1.09093860e+03]
 [-9.49388278e+00  1.37936752e-01 -1.09271216e+03]
 [-1.54807379e+01  2.28579328e-01 -1.90782483e+03]]

================ TOPSIS SELECTED ARCHITECTURES ================
Weights: SynFlow/log_proxy_score = 0.4, ZiCO = 0.4, FLOPs = 0.2

SELECTED ARCHITECTURE #1
TOPSIS score: 0.785996
Distance to ideal best: 0.025834
Distance to ideal worst: 0.094885
SynFlow: 4.240251834587563e+17
log10(SynFlow): 17.627391650725713
ZiCO: 1795.5146484375
FLOPs: 0.181762 B
Params: 0.299817 M
MACs: 0.090881 B
Latency: 35.8613 ms
individual: [0.31209235506441924, 0, 5, 0.22345224522177615, 0, 4, 0.554119812233601, 1, 0, 0.07125453689259191, 1, 5, 0.5624194573007427, 2, 1, 0.2498024871246202, 2, 4, 0.1934751862982256, 3, 3, 0.9603197891974292, 1, 5, 0.2374492815561103, 0, 2, 0.829598182427252, 0, 0, 0.9794466556049716, 1, 0, 0.0693219222820301, 1, 2, 0.021309557221456, 2, 5, 0.8188443164590251, 1, 5, 0.5739477670533389, 1, 2, 0.5454387369267178, 0, 0, 5]
decoded_cell: Genotype(normal=[('sep_conv_5x5', 0, 'DoubleAttention'), ('sep_conv_3x3', 0, 'GE_theta-plus'), ('inv_res_3x3', 1, 'Identity'), ('avg_pool_3x3', 1, 'DoubleAttention'), ('inv_res_3x3', 2, 'SE'), ('sep_conv_3x3', 2, 'GE_theta-plus'), ('sep_conv_3x3', 3, 'CBAM'), ('mbconv_k3_t1', 1, 'DoubleAttention')], normal_concat=[2, 3, 4, 5], reduce=[('sep_conv_3x3', 0, 'BAM'), ('mbconv_k7_t1', 0, 'Identity'), ('mbconv_k3_t1', 1, 'Identity'), ('avg_pool_3x3', 1, 'BAM'), ('max_pool_3x3', 2, 'DoubleAttention'), ('mbconv_k7_t1', 1, 'DoubleAttention'), ('inv_res_5x5', 1, 'BAM'), ('inv_res_3x3', 0, 'Identity')], reduce_concat=[2, 3, 4, 5], normal_bottleneck='', reduce_bottleneck='')

Saved TOPSIS-selected architecture to: nsga2_selected_architecture.json
Saved 3D NSGA-II front surface plot to: nsga2_ranked_fronts.png

================================================================================
Training NSGA-II selected architecture #1
================================================================================
Selected architecture search metrics:
SynFlow: 4.240251834587563e+17
log10(SynFlow): 17.627391650725713
ZiCO: 1795.5146484375
FLOPs_B: 0.181761616
Params_M: 0.299817
Balanced distance: None
Balanced score: None
Compose(
    RandomApply(
    p=0.5
    RandomRotation(degrees=[-30.0, 30.0], interpolation=nearest, expand=False, fill=0)
)
    RandomApply(
    p=0.5
    RandomAffine(degrees=[0.0, 0.0], translate=(0.2, 0.2))
)
)
==> Preparing data...
Using downloaded and verified file: /home/nisha/.medmnist/breastmnist.npz
Using downloaded and verified file: /home/nisha/.medmnist/breastmnist.npz
Using downloaded and verified file: /home/nisha/.medmnist/breastmnist.npz
==> Building and training model...
train  auc: 0.64862  acc: 0.73077
  f1: 0.61709
val  auc: 0.67251  acc: 0.73077
 f1: 0.61709
test  auc: 0.65508  acc: 0.73077
 f1: 0.61709

cur_best_auc: 0.5
cur_best_epoch 0
cur_best_auc: 0.7109440267335004
cur_best_epoch 2
cur_best_auc: 0.7192982456140351
cur_best_epoch 41
cur_best_auc: 0.7410192147034252
cur_best_epoch 47
cur_best_auc: 0.7443609022556391
cur_best_epoch 59
cur_best_auc: 0.7535505430242272
cur_best_epoch 61
cur_best_auc: 0.7811194653299917
cur_best_epoch 62
cur_best_auc: 0.7878028404344194
cur_best_epoch 69
cur_best_auc: 0.8270676691729324
cur_best_epoch 73
cur_best_auc: 0.835421888053467
cur_best_epoch 85
cur_best_auc: 0.849624060150376
cur_best_epoch 96
cur_best_auc: 0.8579782790309106
cur_best_epoch 97
breastmnist
train  auc: 0.85897  acc: 0.83516
   f1: 0.82722
val  auc: 0.79114  acc: 0.79487
   f1: 0.82722
test  auc: 0.79887  acc: 0.78205
   f1: 0.82722

cuda:0
[INFO] Register count_convNd() for <class 'torch.nn.modules.conv.Conv2d'>.
[INFO] Register count_normalization() for <class 'torch.nn.modules.batchnorm.BatchNorm2d'>.
[INFO] Register zero_ops() for <class 'torch.nn.modules.container.Sequential'>.
[INFO] Register zero_ops() for <class 'torch.nn.modules.activation.ReLU'>.
[INFO] Register count_avgpool() for <class 'torch.nn.modules.pooling.AvgPool2d'>.
[INFO] Register count_softmax() for <class 'torch.nn.modules.activation.Softmax'>.
[INFO] Register count_adap_avgpool() for <class 'torch.nn.modules.pooling.AdaptiveAvgPool2d'>.
[INFO] Register count_linear() for <class 'torch.nn.modules.linear.Linear'>.
[INFO] Register zero_ops() for <class 'torch.nn.modules.pooling.MaxPool2d'>.
[INFO] Register count_normalization() for <class 'torch.nn.modules.batchnorm.BatchNorm1d'>.
[GPU after DA candidate] allocated=0.02 GB, reserved=0.09 GB
Compose(
    RandomApply(
    p=0.5
    RandomAffine(degrees=[0.0, 0.0], translate=(0.2, 0.2))
)
    RandomApply(
    p=0.5
    RandomVerticalFlip(p=0.5)
)
)
==> Preparing data...
Using downloaded and verified file: /home/nisha/.medmnist/breastmnist.npz
Using downloaded and verified file: /home/nisha/.medmnist/breastmnist.npz
Using downloaded and verified file: /home/nisha/.medmnist/breastmnist.npz
==> Building and training model...
train  auc: 0.81612  acc: 0.80037
  f1: 0.79171
val  auc: 0.80368  acc: 0.79487
 f1: 0.78755
test  auc: 0.79845  acc: 0.75641
 f1: 0.74220

cur_best_auc: 0.5129490392648288
cur_best_epoch 0
cur_best_auc: 0.7017543859649122
cur_best_epoch 1
cur_best_auc: 0.7577276524644946
cur_best_epoch 2
cur_best_auc: 0.758563074352548
cur_best_epoch 8
cur_best_auc: 0.7719298245614036
cur_best_epoch 15
cur_best_auc: 0.7736006683375104
cur_best_epoch 21
cur_best_auc: 0.8203842940685045
cur_best_epoch 22
cur_best_auc: 0.8738512949039265
cur_best_epoch 25
cur_best_auc: 0.8897243107769424
cur_best_epoch 67
cur_best_auc: 0.9072681704260652
cur_best_epoch 69
breastmnist
train  auc: 0.88471  acc: 0.84982
   f1: 0.84617
val  auc: 0.88889  acc: 0.83333
   f1: 0.84617
test  auc: 0.83187  acc: 0.80128
   f1: 0.84617

cuda:0
[INFO] Register count_convNd() for <class 'torch.nn.modules.conv.Conv2d'>.
[INFO] Register count_normalization() for <class 'torch.nn.modules.batchnorm.BatchNorm2d'>.
[INFO] Register zero_ops() for <class 'torch.nn.modules.container.Sequential'>.
[INFO] Register zero_ops() for <class 'torch.nn.modules.activation.ReLU'>.
[INFO] Register count_avgpool() for <class 'torch.nn.modules.pooling.AvgPool2d'>.
[INFO] Register count_softmax() for <class 'torch.nn.modules.activation.Softmax'>.
[INFO] Register count_adap_avgpool() for <class 'torch.nn.modules.pooling.AdaptiveAvgPool2d'>.
[INFO] Register count_linear() for <class 'torch.nn.modules.linear.Linear'>.
[INFO] Register zero_ops() for <class 'torch.nn.modules.pooling.MaxPool2d'>.
[INFO] Register count_normalization() for <class 'torch.nn.modules.batchnorm.BatchNorm1d'>.
[GPU after DA candidate] allocated=0.02 GB, reserved=0.08 GB
Compose(
    RandomApply(
    p=0.5
    RandomResizedCrop(size=(32, 32), scale=(0.08, 1.0), ratio=(0.75, 1.3333), interpolation=bilinear, antialias=True)
)
    RandomApply(
    p=0.5
    RandomErasing(p=0.5, scale=(0.02, 0.33), ratio=(0.3, 3.3), value=0, inplace=False)
)
)
==> Preparing data...
Using downloaded and verified file: /home/nisha/.medmnist/breastmnist.npz
Using downloaded and verified file: /home/nisha/.medmnist/breastmnist.npz
Using downloaded and verified file: /home/nisha/.medmnist/breastmnist.npz
==> Building and training model...
train  auc: 0.84913  acc: 0.77839
  f1: 0.78844
val  auc: 0.86383  acc: 0.79487
 f1: 0.80006
test  auc: 0.70823  acc: 0.69872
 f1: 0.71194

cur_best_auc: 0.6023391812865497
cur_best_epoch 0
cur_best_auc: 0.6491228070175439
cur_best_epoch 1
cur_best_auc: 0.6908939014202171
cur_best_epoch 2
cur_best_auc: 0.7243107769423558
cur_best_epoch 6
cur_best_auc: 0.7376775271512114
cur_best_epoch 7
cur_best_auc: 0.746031746031746
cur_best_epoch 11
cur_best_auc: 0.7535505430242272
cur_best_epoch 13
cur_best_auc: 0.7761069340016709
cur_best_epoch 14
cur_best_auc: 0.81203007518797
cur_best_epoch 15
cur_best_auc: 0.8462823725981621
cur_best_epoch 21
cur_best_auc: 0.8579782790309106
cur_best_epoch 26
cur_best_auc: 0.8880534670008354
cur_best_epoch 67
cur_best_auc: 0.8947368421052632
cur_best_epoch 70
cur_best_auc: 0.8997493734335841
cur_best_epoch 72
breastmnist
train  auc: 0.89029  acc: 0.84799
   f1: 0.84279
val  auc: 0.82038  acc: 0.82051
   f1: 0.84279
test  auc: 0.79741  acc: 0.80769
   f1: 0.84279

cuda:0
[INFO] Register count_convNd() for <class 'torch.nn.modules.conv.Conv2d'>.
[INFO] Register count_normalization() for <class 'torch.nn.modules.batchnorm.BatchNorm2d'>.
[INFO] Register zero_ops() for <class 'torch.nn.modules.container.Sequential'>.
[INFO] Register zero_ops() for <class 'torch.nn.modules.activation.ReLU'>.
[INFO] Register count_avgpool() for <class 'torch.nn.modules.pooling.AvgPool2d'>.
[INFO] Register count_softmax() for <class 'torch.nn.modules.activation.Softmax'>.
[INFO] Register count_adap_avgpool() for <class 'torch.nn.modules.pooling.AdaptiveAvgPool2d'>.
[INFO] Register count_linear() for <class 'torch.nn.modules.linear.Linear'>.
[INFO] Register zero_ops() for <class 'torch.nn.modules.pooling.MaxPool2d'>.
[INFO] Register count_normalization() for <class 'torch.nn.modules.batchnorm.BatchNorm1d'>.
[GPU after DA candidate] allocated=0.02 GB, reserved=0.08 GB
Compose(
    RandomApply(
    p=0.5
    RandomAffine(degrees=[0.0, 0.0], translate=(0.2, 0.2))
)
    RandomApply(
    p=0.5
    RandomHorizontalFlip(p=0.5)
)
)
==> Preparing data...
Using downloaded and verified file: /home/nisha/.medmnist/breastmnist.npz
Using downloaded and verified file: /home/nisha/.medmnist/breastmnist.npz
Using downloaded and verified file: /home/nisha/.medmnist/breastmnist.npz
==> Building and training model...
train  auc: 0.88620  acc: 0.84249
  f1: 0.83385
val  auc: 0.80702  acc: 0.78205
 f1: 0.76656
test  auc: 0.82435  acc: 0.80128
 f1: 0.78297

cur_best_auc: 0.7652464494569757
cur_best_epoch 0
cur_best_auc: 0.7919799498746867
cur_best_epoch 1
cur_best_auc: 0.8036758563074353
cur_best_epoch 2
cur_best_auc: 0.8462823725981621
cur_best_epoch 6
cur_best_auc: 0.8546365914786967
cur_best_epoch 13
cur_best_auc: 0.8613199665831245
cur_best_epoch 17
cur_best_auc: 0.8680033416875522
cur_best_epoch 19
cur_best_auc: 0.8763575605680869
cur_best_epoch 21
cur_best_auc: 0.8838763575605681
cur_best_epoch 37
cur_best_auc: 0.8897243107769424
cur_best_epoch 40
cur_best_auc: 0.899749373433584
cur_best_epoch 50
cur_best_auc: 0.9047619047619048
cur_best_epoch 55
cur_best_auc: 0.9156223893065998
cur_best_epoch 56
cur_best_auc: 0.923141186299081
cur_best_epoch 91
breastmnist
train  auc: 0.94237  acc: 0.88095
   f1: 0.88002
val  auc: 0.89390  acc: 0.83333
   f1: 0.88002
test  auc: 0.83855  acc: 0.79487
   f1: 0.88002

cuda:0
[INFO] Register count_convNd() for <class 'torch.nn.modules.conv.Conv2d'>.
[INFO] Register count_normalization() for <class 'torch.nn.modules.batchnorm.BatchNorm2d'>.
[INFO] Register zero_ops() for <class 'torch.nn.modules.container.Sequential'>.
[INFO] Register zero_ops() for <class 'torch.nn.modules.activation.ReLU'>.
[INFO] Register count_avgpool() for <class 'torch.nn.modules.pooling.AvgPool2d'>.
[INFO] Register count_softmax() for <class 'torch.nn.modules.activation.Softmax'>.
[INFO] Register count_adap_avgpool() for <class 'torch.nn.modules.pooling.AdaptiveAvgPool2d'>.
[INFO] Register count_linear() for <class 'torch.nn.modules.linear.Linear'>.
[INFO] Register zero_ops() for <class 'torch.nn.modules.pooling.MaxPool2d'>.
[INFO] Register count_normalization() for <class 'torch.nn.modules.batchnorm.BatchNorm1d'>.
[GPU after DA candidate] allocated=0.02 GB, reserved=0.08 GB
Compose(
    RandomApply(
    p=0.5
    RandomRotation(degrees=[-30.0, 30.0], interpolation=nearest, expand=False, fill=0)
)
    RandomApply(
    p=0.5
    RandomAffine(degrees=[0.0, 0.0], translate=(0.2, 0.2))
)
)
==> Preparing data...
Using downloaded and verified file: /home/nisha/.medmnist/breastmnist.npz
Using downloaded and verified file: /home/nisha/.medmnist/breastmnist.npz
Using downloaded and verified file: /home/nisha/.medmnist/breastmnist.npz
==> Building and training model...
train  auc: 0.92667  acc: 0.87179
  f1: 0.87123
val  auc: 0.86466  acc: 0.84615
 f1: 0.83718
test  auc: 0.85693  acc: 0.81410
 f1: 0.80842

cur_best_auc: 0.5004177109440268
cur_best_epoch 0
cur_best_auc: 0.7101086048454469
cur_best_epoch 1
cur_best_auc: 0.7928153717627401
cur_best_epoch 2
cur_best_auc: 0.8137009189640768
cur_best_epoch 3
cur_best_auc: 0.9064327485380117
cur_best_epoch 6
cur_best_auc: 0.9214703425229741
cur_best_epoch 90
breastmnist
train  auc: 0.91320  acc: 0.84432
   f1: 0.84310
val  auc: 0.85380  acc: 0.79487
   f1: 0.84310
test  auc: 0.84566  acc: 0.80769
   f1: 0.84310

cuda:0
[INFO] Register count_convNd() for <class 'torch.nn.modules.conv.Conv2d'>.
[INFO] Register count_normalization() for <class 'torch.nn.modules.batchnorm.BatchNorm2d'>.
[INFO] Register zero_ops() for <class 'torch.nn.modules.container.Sequential'>.
[INFO] Register zero_ops() for <class 'torch.nn.modules.activation.ReLU'>.
[INFO] Register count_avgpool() for <class 'torch.nn.modules.pooling.AvgPool2d'>.
[INFO] Register count_softmax() for <class 'torch.nn.modules.activation.Softmax'>.
[INFO] Register count_adap_avgpool() for <class 'torch.nn.modules.pooling.AdaptiveAvgPool2d'>.
[INFO] Register count_linear() for <class 'torch.nn.modules.linear.Linear'>.
[INFO] Register zero_ops() for <class 'torch.nn.modules.pooling.MaxPool2d'>.
[INFO] Register count_normalization() for <class 'torch.nn.modules.batchnorm.BatchNorm1d'>.
[GPU after DA candidate] allocated=0.02 GB, reserved=0.08 GB
Compose(
    RandomApply(
    p=0.5
    RandomRotation(degrees=[-30.0, 30.0], interpolation=nearest, expand=False, fill=0)
)
    RandomApply(
    p=0.5
    RandomAffine(degrees=[0.0, 0.0], translate=(0.2, 0.2))
)
)
==> Preparing data...
Using downloaded and verified file: /home/nisha/.medmnist/breastmnist.npz
Using downloaded and verified file: /home/nisha/.medmnist/breastmnist.npz
Using downloaded and verified file: /home/nisha/.medmnist/breastmnist.npz
==> Building and training model...
train  auc: 0.92819  acc: 0.86447
  f1: 0.86259
val  auc: 0.86550  acc: 0.82051
 f1: 0.81411
test  auc: 0.81140  acc: 0.78846
 f1: 0.78592

cur_best_auc: 0.7761069340016709
cur_best_epoch 0
cur_best_auc: 0.8028404344193818
cur_best_epoch 1
cur_best_auc: 0.8045112781954887
cur_best_epoch 2
cur_best_auc: 0.8329156223893065
cur_best_epoch 3
cur_best_auc: 0.8395989974937343
cur_best_epoch 4
cur_best_auc: 0.8680033416875522
cur_best_epoch 8
cur_best_auc: 0.9172932330827068
cur_best_epoch 21
breastmnist
train  auc: 0.92404  acc: 0.86447
   f1: 0.86292
val  auc: 0.82623  acc: 0.78205
   f1: 0.86292
test  auc: 0.87197  acc: 0.81410
   f1: 0.86292

cuda:0
[INFO] Register count_convNd() for <class 'torch.nn.modules.conv.Conv2d'>.
[INFO] Register count_normalization() for <class 'torch.nn.modules.batchnorm.BatchNorm2d'>.
[INFO] Register zero_ops() for <class 'torch.nn.modules.container.Sequential'>.
[INFO] Register zero_ops() for <class 'torch.nn.modules.activation.ReLU'>.
[INFO] Register count_avgpool() for <class 'torch.nn.modules.pooling.AvgPool2d'>.
[INFO] Register count_softmax() for <class 'torch.nn.modules.activation.Softmax'>.
[INFO] Register count_adap_avgpool() for <class 'torch.nn.modules.pooling.AdaptiveAvgPool2d'>.
[INFO] Register count_linear() for <class 'torch.nn.modules.linear.Linear'>.
[INFO] Register zero_ops() for <class 'torch.nn.modules.pooling.MaxPool2d'>.
[INFO] Register count_normalization() for <class 'torch.nn.modules.batchnorm.BatchNorm1d'>.
[GPU after DA candidate] allocated=0.02 GB, reserved=0.08 GB
Compose(
    RandomApply(
    p=0.5
    RandomAffine(degrees=[0.0, 0.0], translate=(0.2, 0.2))
)
    RandomApply(
    p=0.5
    RandomHorizontalFlip(p=0.5)
)
)
==> Preparing data...
Using downloaded and verified file: /home/nisha/.medmnist/breastmnist.npz
Using downloaded and verified file: /home/nisha/.medmnist/breastmnist.npz
Using downloaded and verified file: /home/nisha/.medmnist/breastmnist.npz
==> Building and training model...
train  auc: 0.94009  acc: 0.87912
  f1: 0.87714
val  auc: 0.89641  acc: 0.82051
 f1: 0.81411
test  auc: 0.85860  acc: 0.83333
 f1: 0.83203

cur_best_auc: 0.7205513784461154
cur_best_epoch 0
cur_best_auc: 0.8763575605680869
cur_best_epoch 1
cur_best_auc: 0.8805346700083542
cur_best_epoch 3
cur_best_auc: 0.9055973266499582
cur_best_epoch 4
cur_best_auc: 0.9306599832915622
cur_best_epoch 27
cur_best_auc: 0.9373433583959899
cur_best_epoch 67
breastmnist
train  auc: 0.96733  acc: 0.91026
   f1: 0.90955
val  auc: 0.86550  acc: 0.82051
   f1: 0.90955
test  auc: 0.87448  acc: 0.83333
   f1: 0.90955

cuda:0
[INFO] Register count_convNd() for <class 'torch.nn.modules.conv.Conv2d'>.
[INFO] Register count_normalization() for <class 'torch.nn.modules.batchnorm.BatchNorm2d'>.
[INFO] Register zero_ops() for <class 'torch.nn.modules.container.Sequential'>.
[INFO] Register zero_ops() for <class 'torch.nn.modules.activation.ReLU'>.
[INFO] Register count_avgpool() for <class 'torch.nn.modules.pooling.AvgPool2d'>.
[INFO] Register count_softmax() for <class 'torch.nn.modules.activation.Softmax'>.
[INFO] Register count_adap_avgpool() for <class 'torch.nn.modules.pooling.AdaptiveAvgPool2d'>.
[INFO] Register count_linear() for <class 'torch.nn.modules.linear.Linear'>.
[INFO] Register zero_ops() for <class 'torch.nn.modules.pooling.MaxPool2d'>.
[INFO] Register count_normalization() for <class 'torch.nn.modules.batchnorm.BatchNorm1d'>.
[GPU after DA candidate] allocated=0.02 GB, reserved=0.08 GB
Compose(
    RandomApply(
    p=0.5
    RandomAffine(degrees=[0.0, 0.0], translate=(0.2, 0.2))
)
    RandomApply(
    p=0.5
    RandomAffine(degrees=[0.0, 0.0], translate=(0.2, 0.2))
)
)
==> Preparing data...
Using downloaded and verified file: /home/nisha/.medmnist/breastmnist.npz
Using downloaded and verified file: /home/nisha/.medmnist/breastmnist.npz
Using downloaded and verified file: /home/nisha/.medmnist/breastmnist.npz
==> Building and training model...
train  auc: 0.94445  acc: 0.90110
  f1: 0.89948
val  auc: 0.86633  acc: 0.83333
 f1: 0.82906
test  auc: 0.87907  acc: 0.83333
 f1: 0.82906

cur_best_auc: 0.5246449456975772
cur_best_epoch 0
cur_best_auc: 0.7084377610693401
cur_best_epoch 1
cur_best_auc: 0.8755221386800335
cur_best_epoch 2
cur_best_auc: 0.9005847953216374
cur_best_epoch 7
cur_best_auc: 0.9147869674185464
cur_best_epoch 57
cur_best_auc: 0.9172932330827067
cur_best_epoch 77
breastmnist
train  auc: 0.96488  acc: 0.91575
   f1: 0.91557
val  auc: 0.88889  acc: 0.85897
   f1: 0.91557
test  auc: 0.85798  acc: 0.83333
   f1: 0.91557

cuda:0
[INFO] Register count_convNd() for <class 'torch.nn.modules.conv.Conv2d'>.
[INFO] Register count_normalization() for <class 'torch.nn.modules.batchnorm.BatchNorm2d'>.
[INFO] Register zero_ops() for <class 'torch.nn.modules.container.Sequential'>.
[INFO] Register zero_ops() for <class 'torch.nn.modules.activation.ReLU'>.
[INFO] Register count_avgpool() for <class 'torch.nn.modules.pooling.AvgPool2d'>.
[INFO] Register count_softmax() for <class 'torch.nn.modules.activation.Softmax'>.
[INFO] Register count_adap_avgpool() for <class 'torch.nn.modules.pooling.AdaptiveAvgPool2d'>.
[INFO] Register count_linear() for <class 'torch.nn.modules.linear.Linear'>.
[INFO] Register zero_ops() for <class 'torch.nn.modules.pooling.MaxPool2d'>.
[INFO] Register count_normalization() for <class 'torch.nn.modules.batchnorm.BatchNorm1d'>.
[GPU after DA candidate] allocated=0.02 GB, reserved=0.08 GB
Compose(
    RandomApply(
    p=0.5
    RandomAffine(degrees=[0.0, 0.0], translate=(0.2, 0.2))
)
    RandomApply(
    p=0.5
    RandomHorizontalFlip(p=0.5)
)
)
==> Preparing data...
Using downloaded and verified file: /home/nisha/.medmnist/breastmnist.npz
Using downloaded and verified file: /home/nisha/.medmnist/breastmnist.npz
Using downloaded and verified file: /home/nisha/.medmnist/breastmnist.npz
==> Building and training model...
train  auc: 0.96725  acc: 0.91392
  f1: 0.91218
val  auc: 0.87051  acc: 0.80769
 f1: 0.79402
test  auc: 0.86424  acc: 0.81410
 f1: 0.80437

cur_best_auc: 0.5238095238095238
cur_best_epoch 0
cur_best_auc: 0.8437761069340016
cur_best_epoch 1
cur_best_auc: 0.8546365914786967
cur_best_epoch 3
cur_best_auc: 0.923141186299081
cur_best_epoch 5
breastmnist
train  auc: 0.56623  acc: 0.73077
   f1: 0.61709
val  auc: 0.57143  acc: 0.73077
   f1: 0.61709
test  auc: 0.58668  acc: 0.73077
   f1: 0.61709

cuda:0
[INFO] Register count_convNd() for <class 'torch.nn.modules.conv.Conv2d'>.
[INFO] Register count_normalization() for <class 'torch.nn.modules.batchnorm.BatchNorm2d'>.
[INFO] Register zero_ops() for <class 'torch.nn.modules.container.Sequential'>.
[INFO] Register zero_ops() for <class 'torch.nn.modules.activation.ReLU'>.
[INFO] Register count_avgpool() for <class 'torch.nn.modules.pooling.AvgPool2d'>.
[INFO] Register count_softmax() for <class 'torch.nn.modules.activation.Softmax'>.
[INFO] Register count_adap_avgpool() for <class 'torch.nn.modules.pooling.AdaptiveAvgPool2d'>.
[INFO] Register count_linear() for <class 'torch.nn.modules.linear.Linear'>.
[INFO] Register zero_ops() for <class 'torch.nn.modules.pooling.MaxPool2d'>.
[INFO] Register count_normalization() for <class 'torch.nn.modules.batchnorm.BatchNorm1d'>.
[GPU after DA candidate] allocated=0.02 GB, reserved=0.08 GB
Compose(
    RandomApply(
    p=0.5
    RandomAffine(degrees=[0.0, 0.0], translate=(0.2, 0.2))
)
    RandomApply(
    p=0.5
    RandomRotation(degrees=[-30.0, 30.0], interpolation=nearest, expand=False, fill=0)
)
)
==> Preparing data...
Using downloaded and verified file: /home/nisha/.medmnist/breastmnist.npz
Using downloaded and verified file: /home/nisha/.medmnist/breastmnist.npz
Using downloaded and verified file: /home/nisha/.medmnist/breastmnist.npz
==> Building and training model...
train  auc: 0.57029  acc: 0.73077
  f1: 0.61709
val  auc: 0.61571  acc: 0.73077
 f1: 0.61709
test  auc: 0.53237  acc: 0.73077
 f1: 0.61709

cur_best_auc: 0.42188805346700087
cur_best_epoch 0
cur_best_auc: 0.5054302422723476
cur_best_epoch 2
cur_best_auc: 0.5714285714285714
cur_best_epoch 6
cur_best_auc: 0.6649958228905597
cur_best_epoch 7
cur_best_auc: 0.7184628237259816
cur_best_epoch 8
cur_best_auc: 0.8003341687552215
cur_best_epoch 12
cur_best_auc: 0.8270676691729324
cur_best_epoch 24
cur_best_auc: 0.8454469507101087
cur_best_epoch 29
cur_best_auc: 0.8471177944862155
cur_best_epoch 37
cur_best_auc: 0.8512949039264829
cur_best_epoch 52
cur_best_auc: 0.8521303258145363
cur_best_epoch 60
cur_best_auc: 0.8721804511278196
cur_best_epoch 70
cur_best_auc: 0.8738512949039265
cur_best_epoch 88
breastmnist
train  auc: 0.89682  acc: 0.84432
   f1: 0.83079
val  auc: 0.80618  acc: 0.75641
   f1: 0.83079
test  auc: 0.83918  acc: 0.85256
   f1: 0.83079

cuda:0
[INFO] Register count_convNd() for <class 'torch.nn.modules.conv.Conv2d'>.
[INFO] Register count_normalization() for <class 'torch.nn.modules.batchnorm.BatchNorm2d'>.
[INFO] Register zero_ops() for <class 'torch.nn.modules.container.Sequential'>.
[INFO] Register zero_ops() for <class 'torch.nn.modules.activation.ReLU'>.
[INFO] Register count_avgpool() for <class 'torch.nn.modules.pooling.AvgPool2d'>.
[INFO] Register count_softmax() for <class 'torch.nn.modules.activation.Softmax'>.
[INFO] Register count_adap_avgpool() for <class 'torch.nn.modules.pooling.AdaptiveAvgPool2d'>.
[INFO] Register count_linear() for <class 'torch.nn.modules.linear.Linear'>.
[INFO] Register zero_ops() for <class 'torch.nn.modules.pooling.MaxPool2d'>.
[INFO] Register count_normalization() for <class 'torch.nn.modules.batchnorm.BatchNorm1d'>.
[GPU after DA candidate] allocated=0.02 GB, reserved=0.08 GB
Compose(
    RandomApply(
    p=0.5
    RandomAffine(degrees=[0.0, 0.0], translate=(0.2, 0.2))
)
    RandomApply(
    p=0.5
    RandomHorizontalFlip(p=0.5)
)
)
==> Preparing data...
Using downloaded and verified file: /home/nisha/.medmnist/breastmnist.npz
Using downloaded and verified file: /home/nisha/.medmnist/breastmnist.npz
Using downloaded and verified file: /home/nisha/.medmnist/breastmnist.npz
==> Building and training model...
train  auc: 0.89557  acc: 0.85714
  f1: 0.84830
val  auc: 0.86299  acc: 0.83333
 f1: 0.82557
test  auc: 0.86738  acc: 0.85897
 f1: 0.84895

cur_best_auc: 0.8095238095238095
cur_best_epoch 0
cur_best_auc: 0.8195488721804511
cur_best_epoch 2
cur_best_auc: 0.8287385129490392
cur_best_epoch 4
cur_best_auc: 0.8546365914786967
cur_best_epoch 6
cur_best_auc: 0.8721804511278196
cur_best_epoch 16
cur_best_auc: 0.8805346700083543
cur_best_epoch 23
cur_best_auc: 0.9273182957393484
cur_best_epoch 30
cur_best_auc: 0.9314954051796157
cur_best_epoch 72
breastmnist
train  auc: 0.92778  acc: 0.89194
   f1: 0.88656
val  auc: 0.88053  acc: 0.87179
   f1: 0.88656
test  auc: 0.85819  acc: 0.80128
   f1: 0.88656

cuda:0
[INFO] Register count_convNd() for <class 'torch.nn.modules.conv.Conv2d'>.
[INFO] Register count_normalization() for <class 'torch.nn.modules.batchnorm.BatchNorm2d'>.
[INFO] Register zero_ops() for <class 'torch.nn.modules.container.Sequential'>.
[INFO] Register zero_ops() for <class 'torch.nn.modules.activation.ReLU'>.
[INFO] Register count_avgpool() for <class 'torch.nn.modules.pooling.AvgPool2d'>.
[INFO] Register count_softmax() for <class 'torch.nn.modules.activation.Softmax'>.
[INFO] Register count_adap_avgpool() for <class 'torch.nn.modules.pooling.AdaptiveAvgPool2d'>.
[INFO] Register count_linear() for <class 'torch.nn.modules.linear.Linear'>.
[INFO] Register zero_ops() for <class 'torch.nn.modules.pooling.MaxPool2d'>.
[INFO] Register count_normalization() for <class 'torch.nn.modules.batchnorm.BatchNorm1d'>.
[GPU after DA candidate] allocated=0.02 GB, reserved=0.08 GB
Compose(
    RandomApply(
    p=0.5
    RandomAffine(degrees=[0.0, 0.0], translate=(0.2, 0.2))
)
    RandomApply(
    p=0.5
    RandomRotation(degrees=[-30.0, 30.0], interpolation=nearest, expand=False, fill=0)
)
)
==> Preparing data...
Using downloaded and verified file: /home/nisha/.medmnist/breastmnist.npz
Using downloaded and verified file: /home/nisha/.medmnist/breastmnist.npz
Using downloaded and verified file: /home/nisha/.medmnist/breastmnist.npz
==> Building and training model...
train  auc: 0.87559  acc: 0.85348
  f1: 0.84781
val  auc: 0.87803  acc: 0.83333
 f1: 0.82557
test  auc: 0.85673  acc: 0.81410
 f1: 0.81021

cur_best_auc: 0.8270676691729323
cur_best_epoch 0
cur_best_auc: 0.8329156223893065
cur_best_epoch 2
cur_best_auc: 0.899749373433584
cur_best_epoch 6
cur_best_auc: 0.9081035923141186
cur_best_epoch 78
breastmnist
train  auc: 0.90440  acc: 0.86630
   f1: 0.86173
val  auc: 0.87302  acc: 0.88462
   f1: 0.86173
test  auc: 0.85568  acc: 0.82692
   f1: 0.86173

cuda:0
[INFO] Register count_convNd() for <class 'torch.nn.modules.conv.Conv2d'>.
[INFO] Register count_normalization() for <class 'torch.nn.modules.batchnorm.BatchNorm2d'>.
[INFO] Register zero_ops() for <class 'torch.nn.modules.container.Sequential'>.
[INFO] Register zero_ops() for <class 'torch.nn.modules.activation.ReLU'>.
[INFO] Register count_avgpool() for <class 'torch.nn.modules.pooling.AvgPool2d'>.
[INFO] Register count_softmax() for <class 'torch.nn.modules.activation.Softmax'>.
[INFO] Register count_adap_avgpool() for <class 'torch.nn.modules.pooling.AdaptiveAvgPool2d'>.
[INFO] Register count_linear() for <class 'torch.nn.modules.linear.Linear'>.
[INFO] Register zero_ops() for <class 'torch.nn.modules.pooling.MaxPool2d'>.
[INFO] Register count_normalization() for <class 'torch.nn.modules.batchnorm.BatchNorm1d'>.
[GPU after DA candidate] allocated=0.02 GB, reserved=0.08 GB
Compose(
    RandomApply(
    p=0.5
    RandomAffine(degrees=[0.0, 0.0], translate=(0.2, 0.2))
)
    RandomApply(
    p=0.5
    RandomHorizontalFlip(p=0.5)
)
)
==> Preparing data...
Using downloaded and verified file: /home/nisha/.medmnist/breastmnist.npz
Using downloaded and verified file: /home/nisha/.medmnist/breastmnist.npz
Using downloaded and verified file: /home/nisha/.medmnist/breastmnist.npz
==> Building and training model...
train  auc: 0.89588  acc: 0.87729
  f1: 0.87345
val  auc: 0.90226  acc: 0.88462
 f1: 0.88371
test  auc: 0.88889  acc: 0.82692
 f1: 0.81787

cur_best_auc: 0.7677527151211362
cur_best_epoch 0
cur_best_auc: 0.8713450292397661
cur_best_epoch 1
cur_best_auc: 0.8855472013366751
cur_best_epoch 5
cur_best_auc: 0.923141186299081
cur_best_epoch 6
cur_best_auc: 0.9348370927318296
cur_best_epoch 56
cur_best_auc: 0.9406850459482038
cur_best_epoch 57
breastmnist
train  auc: 0.93654  acc: 0.90842
   f1: 0.90543
val  auc: 0.89975  acc: 0.89744
   f1: 0.90543
test  auc: 0.87698  acc: 0.83333
   f1: 0.90543

cuda:0
[INFO] Register count_convNd() for <class 'torch.nn.modules.conv.Conv2d'>.
[INFO] Register count_normalization() for <class 'torch.nn.modules.batchnorm.BatchNorm2d'>.
[INFO] Register zero_ops() for <class 'torch.nn.modules.container.Sequential'>.
[INFO] Register zero_ops() for <class 'torch.nn.modules.activation.ReLU'>.
[INFO] Register count_avgpool() for <class 'torch.nn.modules.pooling.AvgPool2d'>.
[INFO] Register count_softmax() for <class 'torch.nn.modules.activation.Softmax'>.
[INFO] Register count_adap_avgpool() for <class 'torch.nn.modules.pooling.AdaptiveAvgPool2d'>.
[INFO] Register count_linear() for <class 'torch.nn.modules.linear.Linear'>.
[INFO] Register zero_ops() for <class 'torch.nn.modules.pooling.MaxPool2d'>.
[INFO] Register count_normalization() for <class 'torch.nn.modules.batchnorm.BatchNorm1d'>.
[GPU after DA candidate] allocated=0.02 GB, reserved=0.08 GB
Compose(
    RandomApply(
    p=0.5
    RandomAffine(degrees=[0.0, 0.0], translate=(0.2, 0.2))
)
    RandomApply(
    p=0.5
    RandomRotation(degrees=[-30.0, 30.0], interpolation=nearest, expand=False, fill=0)
)
)
==> Preparing data...
Using downloaded and verified file: /home/nisha/.medmnist/breastmnist.npz
Using downloaded and verified file: /home/nisha/.medmnist/breastmnist.npz
Using downloaded and verified file: /home/nisha/.medmnist/breastmnist.npz
==> Building and training model...
train  auc: 0.91902  acc: 0.89011
  f1: 0.88683
val  auc: 0.84628  acc: 0.83333
 f1: 0.82149
test  auc: 0.84712  acc: 0.80128
 f1: 0.78845

cur_best_auc: 0.4778613199665831
cur_best_epoch 0
cur_best_auc: 0.8178780284043442
cur_best_epoch 1
cur_best_auc: 0.9164578111946533
cur_best_epoch 3
cur_best_auc: 0.923141186299081
cur_best_epoch 14
cur_best_auc: 0.9256474519632414
cur_best_epoch 20
cur_best_auc: 0.9331662489557226
cur_best_epoch 68
breastmnist
train  auc: 0.94316  acc: 0.89377
   f1: 0.89230
val  auc: 0.88053  acc: 0.84615
   f1: 0.89230
test  auc: 0.87093  acc: 0.86538
   f1: 0.89230

cuda:0
[INFO] Register count_convNd() for <class 'torch.nn.modules.conv.Conv2d'>.
[INFO] Register count_normalization() for <class 'torch.nn.modules.batchnorm.BatchNorm2d'>.
[INFO] Register zero_ops() for <class 'torch.nn.modules.container.Sequential'>.
[INFO] Register zero_ops() for <class 'torch.nn.modules.activation.ReLU'>.
[INFO] Register count_avgpool() for <class 'torch.nn.modules.pooling.AvgPool2d'>.
[INFO] Register count_softmax() for <class 'torch.nn.modules.activation.Softmax'>.
[INFO] Register count_adap_avgpool() for <class 'torch.nn.modules.pooling.AdaptiveAvgPool2d'>.
[INFO] Register count_linear() for <class 'torch.nn.modules.linear.Linear'>.
[INFO] Register zero_ops() for <class 'torch.nn.modules.pooling.MaxPool2d'>.
[INFO] Register count_normalization() for <class 'torch.nn.modules.batchnorm.BatchNorm1d'>.
[GPU after DA candidate] allocated=0.02 GB, reserved=0.08 GB
Compose(
    RandomApply(
    p=0.5
    RandomVerticalFlip(p=0.5)
)
    RandomApply(
    p=0.5
    RandomRotation(degrees=[-30.0, 30.0], interpolation=nearest, expand=False, fill=0)
)
)
==> Preparing data...
Using downloaded and verified file: /home/nisha/.medmnist/breastmnist.npz
Using downloaded and verified file: /home/nisha/.medmnist/breastmnist.npz
Using downloaded and verified file: /home/nisha/.medmnist/breastmnist.npz
==> Building and training model...
train  auc: 0.90626  acc: 0.87363
  f1: 0.87321
val  auc: 0.84545  acc: 0.85897
 f1: 0.85999
test  auc: 0.81328  acc: 0.83333
 f1: 0.82361

cur_best_auc: 0.43859649122807015
cur_best_epoch 0
cur_best_auc: 0.8329156223893066
cur_best_epoch 1
cur_best_auc: 0.871345029239766
cur_best_epoch 3
cur_best_auc: 0.9030910609857978
cur_best_epoch 5
cur_best_auc: 0.9114452798663325
cur_best_epoch 10
cur_best_auc: 0.9197994987468672
cur_best_epoch 19
cur_best_auc: 0.924812030075188
cur_best_epoch 58
cur_best_auc: 0.9423558897243107
cur_best_epoch 61
breastmnist
train  auc: 0.93008  acc: 0.89744
   f1: 0.89437
val  auc: 0.92815  acc: 0.91026
   f1: 0.89437
test  auc: 0.88617  acc: 0.85897
   f1: 0.89437

cuda:0
[INFO] Register count_convNd() for <class 'torch.nn.modules.conv.Conv2d'>.
[INFO] Register count_normalization() for <class 'torch.nn.modules.batchnorm.BatchNorm2d'>.
[INFO] Register zero_ops() for <class 'torch.nn.modules.container.Sequential'>.
[INFO] Register zero_ops() for <class 'torch.nn.modules.activation.ReLU'>.
[INFO] Register count_avgpool() for <class 'torch.nn.modules.pooling.AvgPool2d'>.
[INFO] Register count_softmax() for <class 'torch.nn.modules.activation.Softmax'>.
[INFO] Register count_adap_avgpool() for <class 'torch.nn.modules.pooling.AdaptiveAvgPool2d'>.
[INFO] Register count_linear() for <class 'torch.nn.modules.linear.Linear'>.
[INFO] Register zero_ops() for <class 'torch.nn.modules.pooling.MaxPool2d'>.
[INFO] Register count_normalization() for <class 'torch.nn.modules.batchnorm.BatchNorm1d'>.
[GPU after DA candidate] allocated=0.02 GB, reserved=0.08 GB
Compose(
    RandomApply(
    p=0.5
    RandomVerticalFlip(p=0.5)
)
    RandomApply(
    p=0.5
    RandomRotation(degrees=[-30.0, 30.0], interpolation=nearest, expand=False, fill=0)
)
)
==> Preparing data...
Using downloaded and verified file: /home/nisha/.medmnist/breastmnist.npz
Using downloaded and verified file: /home/nisha/.medmnist/breastmnist.npz
Using downloaded and verified file: /home/nisha/.medmnist/breastmnist.npz
==> Building and training model...
train  auc: 0.94464  acc: 0.89560
  f1: 0.89264
val  auc: 0.86383  acc: 0.84615
 f1: 0.84615
test  auc: 0.87490  acc: 0.83974
 f1: 0.83317

cur_best_auc: 0.5989974937343359
cur_best_epoch 0
cur_best_auc: 0.8170426065162908
cur_best_epoch 2
cur_best_auc: 0.910609857978279
cur_best_epoch 4
cur_best_auc: 0.923141186299081
cur_best_epoch 5
cur_best_auc: 0.9314954051796156
cur_best_epoch 39
cur_best_auc: 0.9398496240601504
cur_best_epoch 53
cur_best_auc: 0.9473684210526316
cur_best_epoch 76
cur_best_auc: 0.9607351712614871
cur_best_epoch 80
breastmnist
train  auc: 0.95773  acc: 0.89927
   f1: 0.89490
val  auc: 0.90977  acc: 0.85897
   f1: 0.89490
test  auc: 0.87260  acc: 0.84615
   f1: 0.89490

cuda:0
[INFO] Register count_convNd() for <class 'torch.nn.modules.conv.Conv2d'>.
[INFO] Register count_normalization() for <class 'torch.nn.modules.batchnorm.BatchNorm2d'>.
[INFO] Register zero_ops() for <class 'torch.nn.modules.container.Sequential'>.
[INFO] Register zero_ops() for <class 'torch.nn.modules.activation.ReLU'>.
[INFO] Register count_avgpool() for <class 'torch.nn.modules.pooling.AvgPool2d'>.
[INFO] Register count_softmax() for <class 'torch.nn.modules.activation.Softmax'>.
[INFO] Register count_adap_avgpool() for <class 'torch.nn.modules.pooling.AdaptiveAvgPool2d'>.
[INFO] Register count_linear() for <class 'torch.nn.modules.linear.Linear'>.
[INFO] Register zero_ops() for <class 'torch.nn.modules.pooling.MaxPool2d'>.
[INFO] Register count_normalization() for <class 'torch.nn.modules.batchnorm.BatchNorm1d'>.
[GPU after DA candidate] allocated=0.02 GB, reserved=0.08 GB
Compose(
    RandomApply(
    p=0.5
    RandomAffine(degrees=[0.0, 0.0], translate=(0.2, 0.2))
)
    RandomApply(
    p=0.5
    RandomRotation(degrees=[-30.0, 30.0], interpolation=nearest, expand=False, fill=0)
)
)
==> Preparing data...
Using downloaded and verified file: /home/nisha/.medmnist/breastmnist.npz
Using downloaded and verified file: /home/nisha/.medmnist/breastmnist.npz
Using downloaded and verified file: /home/nisha/.medmnist/breastmnist.npz
==> Building and training model...
train  auc: 0.91199  acc: 0.87363
  f1: 0.86691
val  auc: 0.90727  acc: 0.87179
 f1: 0.86722
test  auc: 0.85485  acc: 0.82051
 f1: 0.80776

cur_best_auc: 0.443609022556391
cur_best_epoch 0
cur_best_auc: 0.8755221386800334
cur_best_epoch 1
cur_best_auc: 0.8955722639933166
cur_best_epoch 2
cur_best_auc: 0.8964076858813701
cur_best_epoch 3
cur_best_auc: 0.9381787802840436
cur_best_epoch 8
cur_best_auc: 0.9532163742690059
cur_best_epoch 51
breastmnist
train  auc: 0.92981  acc: 0.88828
   f1: 0.88659
val  auc: 0.89140  acc: 0.87179
   f1: 0.88659
test  auc: 0.85004  acc: 0.82692
   f1: 0.88659

cuda:0
[INFO] Register count_convNd() for <class 'torch.nn.modules.conv.Conv2d'>.
[INFO] Register count_normalization() for <class 'torch.nn.modules.batchnorm.BatchNorm2d'>.
[INFO] Register zero_ops() for <class 'torch.nn.modules.container.Sequential'>.
[INFO] Register zero_ops() for <class 'torch.nn.modules.activation.ReLU'>.
[INFO] Register count_avgpool() for <class 'torch.nn.modules.pooling.AvgPool2d'>.
[INFO] Register count_softmax() for <class 'torch.nn.modules.activation.Softmax'>.
[INFO] Register count_adap_avgpool() for <class 'torch.nn.modules.pooling.AdaptiveAvgPool2d'>.
[INFO] Register count_linear() for <class 'torch.nn.modules.linear.Linear'>.
[INFO] Register zero_ops() for <class 'torch.nn.modules.pooling.MaxPool2d'>.
[INFO] Register count_normalization() for <class 'torch.nn.modules.batchnorm.BatchNorm1d'>.
[GPU after DA candidate] allocated=0.02 GB, reserved=0.08 GB
Compose(
    RandomApply(
    p=0.5
    RandomAffine(degrees=[0.0, 0.0], translate=(0.2, 0.2))
)
    RandomApply(
    p=0.5
    RandomRotation(degrees=[-30.0, 30.0], interpolation=nearest, expand=False, fill=0)
)
)
==> Preparing data...
Using downloaded and verified file: /home/nisha/.medmnist/breastmnist.npz
Using downloaded and verified file: /home/nisha/.medmnist/breastmnist.npz
Using downloaded and verified file: /home/nisha/.medmnist/breastmnist.npz
==> Building and training model...
train  auc: 0.92132  acc: 0.87729
  f1: 0.87480
val  auc: 0.89390  acc: 0.92308
 f1: 0.92182
test  auc: 0.88200  acc: 0.83974
 f1: 0.83639

cur_best_auc: 0.6040100250626567
cur_best_epoch 0
cur_best_auc: 0.8838763575605681
cur_best_epoch 2
cur_best_auc: 0.8863826232247285
cur_best_epoch 8
cur_best_auc: 0.8913951545530493
cur_best_epoch 10
cur_best_auc: 0.8955722639933166
cur_best_epoch 15
cur_best_auc: 0.8972431077694235
cur_best_epoch 20
cur_best_auc: 0.9072681704260652
cur_best_epoch 44
cur_best_auc: 0.9189640768588136
cur_best_epoch 49
cur_best_auc: 0.9281537176274017
cur_best_epoch 83
cur_best_auc: 0.935672514619883
cur_best_epoch 84
cur_best_auc: 0.9515455304928988
cur_best_epoch 86
breastmnist
train  auc: 0.94849  acc: 0.92674
   f1: 0.92496
val  auc: 0.86466  acc: 0.88462
   f1: 0.92496
test  auc: 0.87239  acc: 0.85256
   f1: 0.92496

cuda:0
[INFO] Register count_convNd() for <class 'torch.nn.modules.conv.Conv2d'>.
[INFO] Register count_normalization() for <class 'torch.nn.modules.batchnorm.BatchNorm2d'>.
[INFO] Register zero_ops() for <class 'torch.nn.modules.container.Sequential'>.
[INFO] Register zero_ops() for <class 'torch.nn.modules.activation.ReLU'>.
[INFO] Register count_avgpool() for <class 'torch.nn.modules.pooling.AvgPool2d'>.
[INFO] Register count_softmax() for <class 'torch.nn.modules.activation.Softmax'>.
[INFO] Register count_adap_avgpool() for <class 'torch.nn.modules.pooling.AdaptiveAvgPool2d'>.
[INFO] Register count_linear() for <class 'torch.nn.modules.linear.Linear'>.
[INFO] Register zero_ops() for <class 'torch.nn.modules.pooling.MaxPool2d'>.
[INFO] Register count_normalization() for <class 'torch.nn.modules.batchnorm.BatchNorm1d'>.
[GPU after DA candidate] allocated=0.02 GB, reserved=0.08 GB
Compose(
    RandomApply(
    p=0.5
    RandomAffine(degrees=[0.0, 0.0], translate=(0.2, 0.2))
)
    RandomApply(
    p=0.5
    RandomRotation(degrees=[-30.0, 30.0], interpolation=nearest, expand=False, fill=0)
)
)
==> Preparing data...
Using downloaded and verified file: /home/nisha/.medmnist/breastmnist.npz
Using downloaded and verified file: /home/nisha/.medmnist/breastmnist.npz
Using downloaded and verified file: /home/nisha/.medmnist/breastmnist.npz
==> Building and training model...
train  auc: 0.93961  acc: 0.89560
  f1: 0.89264
val  auc: 0.90894  acc: 0.91026
 f1: 0.90955
test  auc: 0.85234  acc: 0.83333
 f1: 0.83060

cur_best_auc: 0.835421888053467
cur_best_epoch 0
cur_best_auc: 0.8471177944862156
cur_best_epoch 5
cur_best_auc: 0.899749373433584
cur_best_epoch 6
cur_best_auc: 0.9022556390977444
cur_best_epoch 18
cur_best_auc: 0.9273182957393483
cur_best_epoch 29
breastmnist
train  auc: 0.95277  acc: 0.90293
   f1: 0.90071
val  auc: 0.88388  acc: 0.88462
   f1: 0.90071
test  auc: 0.85881  acc: 0.83333
   f1: 0.90071

cuda:0
[INFO] Register count_convNd() for <class 'torch.nn.modules.conv.Conv2d'>.
[INFO] Register count_normalization() for <class 'torch.nn.modules.batchnorm.BatchNorm2d'>.
[INFO] Register zero_ops() for <class 'torch.nn.modules.container.Sequential'>.
[INFO] Register zero_ops() for <class 'torch.nn.modules.activation.ReLU'>.
[INFO] Register count_avgpool() for <class 'torch.nn.modules.pooling.AvgPool2d'>.
[INFO] Register count_softmax() for <class 'torch.nn.modules.activation.Softmax'>.
[INFO] Register count_adap_avgpool() for <class 'torch.nn.modules.pooling.AdaptiveAvgPool2d'>.
[INFO] Register count_linear() for <class 'torch.nn.modules.linear.Linear'>.
[INFO] Register zero_ops() for <class 'torch.nn.modules.pooling.MaxPool2d'>.
[INFO] Register count_normalization() for <class 'torch.nn.modules.batchnorm.BatchNorm1d'>.
[GPU after DA candidate] allocated=0.02 GB, reserved=0.08 GB
Compose(
    RandomApply(
    p=0.5
    RandomAffine(degrees=[0.0, 0.0], translate=(0.2, 0.2))
)
    RandomApply(
    p=0.5
    ColorJitter(brightness=(0.8, 1.2), contrast=(0.8, 1.2), saturation=(0.8, 1.2), hue=(-0.2, 0.2))
)
)
==> Preparing data...
Using downloaded and verified file: /home/nisha/.medmnist/breastmnist.npz
Using downloaded and verified file: /home/nisha/.medmnist/breastmnist.npz
Using downloaded and verified file: /home/nisha/.medmnist/breastmnist.npz
==> Building and training model...
train  auc: 0.84741  acc: 0.85714
  f1: 0.84126
val  auc: 0.68839  acc: 0.78205
 f1: 0.73418
test  auc: 0.73997  acc: 0.75000
 f1: 0.70402

cur_best_auc: 0.6683375104427736
cur_best_epoch 0
cur_best_auc: 0.7259816207184628
cur_best_epoch 1
cur_best_auc: 0.8045112781954887
cur_best_epoch 2
cur_best_auc: 0.8554720133667502
cur_best_epoch 4
cur_best_auc: 0.8563074352548037
cur_best_epoch 15
cur_best_auc: 0.8638262322472849
cur_best_epoch 26
cur_best_auc: 0.8680033416875522
cur_best_epoch 70
cur_best_auc: 0.8696741854636592
cur_best_epoch 92
cur_best_auc: 0.8721804511278195
cur_best_epoch 94
breastmnist
train  auc: 0.87078  acc: 0.84249
   f1: 0.82188
val  auc: 0.86884  acc: 0.84615
   f1: 0.82188
test  auc: 0.84273  acc: 0.78205
   f1: 0.82188

cuda:0
[INFO] Register count_convNd() for <class 'torch.nn.modules.conv.Conv2d'>.
[INFO] Register count_normalization() for <class 'torch.nn.modules.batchnorm.BatchNorm2d'>.
[INFO] Register zero_ops() for <class 'torch.nn.modules.container.Sequential'>.
[INFO] Register zero_ops() for <class 'torch.nn.modules.activation.ReLU'>.
[INFO] Register count_avgpool() for <class 'torch.nn.modules.pooling.AvgPool2d'>.
[INFO] Register count_softmax() for <class 'torch.nn.modules.activation.Softmax'>.
[INFO] Register count_adap_avgpool() for <class 'torch.nn.modules.pooling.AdaptiveAvgPool2d'>.
[INFO] Register count_linear() for <class 'torch.nn.modules.linear.Linear'>.
[INFO] Register zero_ops() for <class 'torch.nn.modules.pooling.MaxPool2d'>.
[INFO] Register count_normalization() for <class 'torch.nn.modules.batchnorm.BatchNorm1d'>.
[GPU after DA candidate] allocated=0.02 GB, reserved=0.08 GB
Compose(
    RandomApply(
    p=0.5
    RandomAffine(degrees=[0.0, 0.0], translate=(0.2, 0.2))
)
    RandomApply(
    p=0.5
    RandomRotation(degrees=[-30.0, 30.0], interpolation=nearest, expand=False, fill=0)
)
)
==> Preparing data...
Using downloaded and verified file: /home/nisha/.medmnist/breastmnist.npz
Using downloaded and verified file: /home/nisha/.medmnist/breastmnist.npz
Using downloaded and verified file: /home/nisha/.medmnist/breastmnist.npz
==> Building and training model...
train  auc: 0.88306  acc: 0.84615
  f1: 0.83493
val  auc: 0.82206  acc: 0.82051
 f1: 0.81004
test  auc: 0.76274  acc: 0.80769
 f1: 0.78203

cur_best_auc: 0.6386800334168755
cur_best_epoch 0
cur_best_auc: 0.6691729323308271
cur_best_epoch 1
cur_best_auc: 0.7994987468671679
cur_best_epoch 2
cur_best_auc: 0.847953216374269
cur_best_epoch 3
cur_best_auc: 0.8680033416875522
cur_best_epoch 8
cur_best_auc: 0.8688387635756056
cur_best_epoch 10
cur_best_auc: 0.8771929824561403
cur_best_epoch 16
cur_best_auc: 0.8930659983291562
cur_best_epoch 17
cur_best_auc: 0.8955722639933166
cur_best_epoch 26
cur_best_auc: 0.9264828738512949
cur_best_epoch 48
cur_best_auc: 0.9306599832915623
cur_best_epoch 67
breastmnist
train  auc: 0.95131  acc: 0.91575
   f1: 0.91393
val  auc: 0.90560  acc: 0.85897
   f1: 0.91393
test  auc: 0.84691  acc: 0.80769
   f1: 0.91393

cuda:0
[INFO] Register count_convNd() for <class 'torch.nn.modules.conv.Conv2d'>.
[INFO] Register count_normalization() for <class 'torch.nn.modules.batchnorm.BatchNorm2d'>.
[INFO] Register zero_ops() for <class 'torch.nn.modules.container.Sequential'>.
[INFO] Register zero_ops() for <class 'torch.nn.modules.activation.ReLU'>.
[INFO] Register count_avgpool() for <class 'torch.nn.modules.pooling.AvgPool2d'>.
[INFO] Register count_softmax() for <class 'torch.nn.modules.activation.Softmax'>.
[INFO] Register count_adap_avgpool() for <class 'torch.nn.modules.pooling.AdaptiveAvgPool2d'>.
[INFO] Register count_linear() for <class 'torch.nn.modules.linear.Linear'>.
[INFO] Register zero_ops() for <class 'torch.nn.modules.pooling.MaxPool2d'>.
[INFO] Register count_normalization() for <class 'torch.nn.modules.batchnorm.BatchNorm1d'>.
[GPU after DA candidate] allocated=0.02 GB, reserved=0.08 GB
Compose(
    RandomApply(
    p=0.5
    RandomVerticalFlip(p=0.5)
)
    RandomApply(
    p=0.5
    RandomRotation(degrees=[-30.0, 30.0], interpolation=nearest, expand=False, fill=0)
)
)
==> Preparing data...
Using downloaded and verified file: /home/nisha/.medmnist/breastmnist.npz
Using downloaded and verified file: /home/nisha/.medmnist/breastmnist.npz
Using downloaded and verified file: /home/nisha/.medmnist/breastmnist.npz
==> Building and training model...
train  auc: 0.91189  acc: 0.86081
  f1: 0.86247
val  auc: 0.89724  acc: 0.91026
 f1: 0.90955
test  auc: 0.82143  acc: 0.76923
 f1: 0.77380

cur_best_auc: 0.6566416040100251
cur_best_epoch 0
cur_best_auc: 0.8212197159565581
cur_best_epoch 1
cur_best_auc: 0.8295739348370927
cur_best_epoch 2
cur_best_auc: 0.8771929824561404
cur_best_epoch 5
cur_best_auc: 0.8897243107769424
cur_best_epoch 21
cur_best_auc: 0.9114452798663324
cur_best_epoch 28
cur_best_auc: 0.9365079365079365
cur_best_epoch 41
breastmnist
train  auc: 0.96114  acc: 0.92674
   f1: 0.92516
val  auc: 0.90226  acc: 0.87179
   f1: 0.92516
test  auc: 0.83396  acc: 0.79487
   f1: 0.92516

cuda:0
[INFO] Register count_convNd() for <class 'torch.nn.modules.conv.Conv2d'>.
[INFO] Register count_normalization() for <class 'torch.nn.modules.batchnorm.BatchNorm2d'>.
[INFO] Register zero_ops() for <class 'torch.nn.modules.container.Sequential'>.
[INFO] Register zero_ops() for <class 'torch.nn.modules.activation.ReLU'>.
[INFO] Register count_avgpool() for <class 'torch.nn.modules.pooling.AvgPool2d'>.
[INFO] Register count_softmax() for <class 'torch.nn.modules.activation.Softmax'>.
[INFO] Register count_adap_avgpool() for <class 'torch.nn.modules.pooling.AdaptiveAvgPool2d'>.
[INFO] Register count_linear() for <class 'torch.nn.modules.linear.Linear'>.
[INFO] Register zero_ops() for <class 'torch.nn.modules.pooling.MaxPool2d'>.
[INFO] Register count_normalization() for <class 'torch.nn.modules.batchnorm.BatchNorm1d'>.
[GPU after DA candidate] allocated=0.02 GB, reserved=0.08 GB
Compose(
    RandomApply(
    p=0.5
    RandomVerticalFlip(p=0.5)
)
    RandomApply(
    p=0.5
    RandomRotation(degrees=[-30.0, 30.0], interpolation=nearest, expand=False, fill=0)
)
)
==> Preparing data...
Using downloaded and verified file: /home/nisha/.medmnist/breastmnist.npz
Using downloaded and verified file: /home/nisha/.medmnist/breastmnist.npz
Using downloaded and verified file: /home/nisha/.medmnist/breastmnist.npz
==> Building and training model...
train  auc: 0.95461  acc: 0.90842
  f1: 0.90620
val  auc: 0.88638  acc: 0.87179
 f1: 0.87179
test  auc: 0.85297  acc: 0.84615
 f1: 0.84221

cur_best_auc: 0.4799498746867168
cur_best_epoch 0
cur_best_auc: 0.8337510442773601
cur_best_epoch 1
cur_best_auc: 0.8980785296574769
cur_best_epoch 2
cur_best_auc: 0.9189640768588136
cur_best_epoch 3
cur_best_auc: 0.9223057644110275
cur_best_epoch 61
cur_best_auc: 0.923141186299081
cur_best_epoch 75
cur_best_auc: 0.924812030075188
cur_best_epoch 83
breastmnist
train  auc: 0.96176  acc: 0.92308
   f1: 0.92182
val  auc: 0.88638  acc: 0.91026
   f1: 0.92182
test  auc: 0.89536  acc: 0.84615
   f1: 0.92182

cuda:0
[INFO] Register count_convNd() for <class 'torch.nn.modules.conv.Conv2d'>.
[INFO] Register count_normalization() for <class 'torch.nn.modules.batchnorm.BatchNorm2d'>.
[INFO] Register zero_ops() for <class 'torch.nn.modules.container.Sequential'>.
[INFO] Register zero_ops() for <class 'torch.nn.modules.activation.ReLU'>.
[INFO] Register count_avgpool() for <class 'torch.nn.modules.pooling.AvgPool2d'>.
[INFO] Register count_softmax() for <class 'torch.nn.modules.activation.Softmax'>.
[INFO] Register count_adap_avgpool() for <class 'torch.nn.modules.pooling.AdaptiveAvgPool2d'>.
[INFO] Register count_linear() for <class 'torch.nn.modules.linear.Linear'>.
[INFO] Register zero_ops() for <class 'torch.nn.modules.pooling.MaxPool2d'>.
[INFO] Register count_normalization() for <class 'torch.nn.modules.batchnorm.BatchNorm1d'>.
[GPU after DA candidate] allocated=0.02 GB, reserved=0.08 GB
Compose(
    RandomApply(
    p=0.5
    RandomVerticalFlip(p=0.5)
)
    RandomApply(
    p=0.5
    RandomRotation(degrees=[-30.0, 30.0], interpolation=nearest, expand=False, fill=0)
)
)
==> Preparing data...
Using downloaded and verified file: /home/nisha/.medmnist/breastmnist.npz
Using downloaded and verified file: /home/nisha/.medmnist/breastmnist.npz
Using downloaded and verified file: /home/nisha/.medmnist/breastmnist.npz
==> Building and training model...
train  auc: 0.97190  acc: 0.92674
  f1: 0.92554
val  auc: 0.84545  acc: 0.85897
 f1: 0.85241
test  auc: 0.90351  acc: 0.87179
 f1: 0.86851

cur_best_auc: 0.5
cur_best_epoch 0
cur_best_auc: 0.7468671679197996
cur_best_epoch 1
cur_best_auc: 0.8646616541353382
cur_best_epoch 2
cur_best_auc: 0.9039264828738514
cur_best_epoch 4
cur_best_auc: 0.9122807017543859
cur_best_epoch 9
cur_best_auc: 0.923141186299081
cur_best_epoch 10
cur_best_auc: 0.9473684210526316
cur_best_epoch 60
cur_best_auc: 0.9565580618212197
cur_best_epoch 86
breastmnist
train  auc: 0.97552  acc: 0.94139
   f1: 0.94013
val  auc: 0.89307  acc: 0.91026
   f1: 0.94013
test  auc: 0.88972  acc: 0.82051
   f1: 0.94013

cuda:0
[INFO] Register count_convNd() for <class 'torch.nn.modules.conv.Conv2d'>.
[INFO] Register count_normalization() for <class 'torch.nn.modules.batchnorm.BatchNorm2d'>.
[INFO] Register zero_ops() for <class 'torch.nn.modules.container.Sequential'>.
[INFO] Register zero_ops() for <class 'torch.nn.modules.activation.ReLU'>.
[INFO] Register count_avgpool() for <class 'torch.nn.modules.pooling.AvgPool2d'>.
[INFO] Register count_softmax() for <class 'torch.nn.modules.activation.Softmax'>.
[INFO] Register count_adap_avgpool() for <class 'torch.nn.modules.pooling.AdaptiveAvgPool2d'>.
[INFO] Register count_linear() for <class 'torch.nn.modules.linear.Linear'>.
[INFO] Register zero_ops() for <class 'torch.nn.modules.pooling.MaxPool2d'>.
[INFO] Register count_normalization() for <class 'torch.nn.modules.batchnorm.BatchNorm1d'>.
[GPU after DA candidate] allocated=0.02 GB, reserved=0.08 GB
Compose(
    RandomApply(
    p=0.5
    RandomAffine(degrees=[0.0, 0.0], translate=(0.2, 0.2))
)
    RandomApply(
    p=0.5
    RandomErasing(p=0.5, scale=(0.02, 0.33), ratio=(0.3, 3.3), value=0, inplace=False)
)
)
==> Preparing data...
Using downloaded and verified file: /home/nisha/.medmnist/breastmnist.npz
Using downloaded and verified file: /home/nisha/.medmnist/breastmnist.npz
Using downloaded and verified file: /home/nisha/.medmnist/breastmnist.npz
==> Building and training model...
train  auc: 0.91460  acc: 0.89927
  f1: 0.89582
val  auc: 0.89557  acc: 0.87179
 f1: 0.86432
test  auc: 0.84378  acc: 0.83974
 f1: 0.83317

cur_best_auc: 0.8245614035087719
cur_best_epoch 0
cur_best_auc: 0.8529657477025898
cur_best_epoch 1
cur_best_auc: 0.873015873015873
cur_best_epoch 2
cur_best_auc: 0.8905597326649958
cur_best_epoch 4
cur_best_auc: 0.899749373433584
cur_best_epoch 6
cur_best_auc: 0.9156223893065999
cur_best_epoch 13
cur_best_auc: 0.9181286549707602
cur_best_epoch 71
cur_best_auc: 0.9256474519632414
cur_best_epoch 72
cur_best_auc: 0.9390142021720969
cur_best_epoch 76
breastmnist
train  auc: 0.97224  acc: 0.93223
   f1: 0.93121
val  auc: 0.89557  acc: 0.85897
   f1: 0.93121
test  auc: 0.86654  acc: 0.81410
   f1: 0.93121

cuda:0
[INFO] Register count_convNd() for <class 'torch.nn.modules.conv.Conv2d'>.
[INFO] Register count_normalization() for <class 'torch.nn.modules.batchnorm.BatchNorm2d'>.
[INFO] Register zero_ops() for <class 'torch.nn.modules.container.Sequential'>.
[INFO] Register zero_ops() for <class 'torch.nn.modules.activation.ReLU'>.
[INFO] Register count_avgpool() for <class 'torch.nn.modules.pooling.AvgPool2d'>.
[INFO] Register count_softmax() for <class 'torch.nn.modules.activation.Softmax'>.
[INFO] Register count_adap_avgpool() for <class 'torch.nn.modules.pooling.AdaptiveAvgPool2d'>.
[INFO] Register count_linear() for <class 'torch.nn.modules.linear.Linear'>.
[INFO] Register zero_ops() for <class 'torch.nn.modules.pooling.MaxPool2d'>.
[INFO] Register count_normalization() for <class 'torch.nn.modules.batchnorm.BatchNorm1d'>.
[GPU after DA candidate] allocated=0.02 GB, reserved=0.08 GB
Best Data Augmentation Combination: [RandomApply(
    p=0.5
    RandomVerticalFlip(p=0.5)
), RandomApply(
    p=0.5
    RandomRotation(degrees=[-30.0, 30.0], interpolation=nearest, expand=False, fill=0)
)]

Best DA policy for selected architecture #1:
[RandomApply(
    p=0.5
    RandomVerticalFlip(p=0.5)
), RandomApply(
    p=0.5
    RandomRotation(degrees=[-30.0, 30.0], interpolation=nearest, expand=False, fill=0)
)]
==> Preparing data...
Using downloaded and verified file: /home/nisha/.medmnist/breastmnist.npz
Using downloaded and verified file: /home/nisha/.medmnist/breastmnist.npz
Using downloaded and verified file: /home/nisha/.medmnist/breastmnist.npz
==> Building and training model...
train  auc: 0.63646  acc: 0.26923
  f1: 0.11422
val  auc: 0.60902  acc: 0.26923
 f1: 0.11422
test  auc: 0.62865  acc: 0.26923
 f1: 0.11422

